"sku_id","record_date","daily_units_sold","avg_daily_demand_30d","observations_30d"
"SKU_1","2024-01-01","81","81.00","1"
"SKU_1","2024-01-02","79","80.00","2"
"SKU_1","2024-01-03","126","95.33","3"
"SKU_1","2024-01-04","105","97.75","4"
"SKU_1","2024-01-05","102","98.60","5"
"SKU_1","2024-01-06","112","100.83","6"
"SKU_1","2024-01-07","109","102.00","7"
"SKU_1","2024-01-08","101","101.88","8"
"SKU_1","2024-01-09","122","104.11","9"
"SKU_1","2024-01-10","132","106.90","10"
"SKU_1","2024-01-11","115","107.64","11"
"SKU_1","2024-01-12","105","107.42","12"
"SKU_1","2024-01-13","125","108.77","13"
"SKU_1","2024-01-14","113","109.07","14"
"SKU_1","2024-01-15","97","108.27","15"
"SKU_1","2024-01-16","131","109.69","16"
"SKU_1","2024-01-17","121","110.35","17"
"SKU_1","2024-01-18","118","110.78","18"
"SKU_1","2024-01-19","130","111.79","19"
"SKU_1","2024-01-20","115","111.95","20"
"SKU_1","2024-01-21","130","112.81","21"
"SKU_1","2024-01-22","110","112.68","22"
"SKU_1","2024-01-23","131","113.48","23"
"SKU_1","2024-01-24","118","113.67","24"
"SKU_1","2024-01-25","104","113.28","25"
"SKU_1","2024-01-26","129","113.88","26"
"SKU_1","2024-01-27","116","113.96","27"
"SKU_1","2024-01-28","115","114.00","28"
"SKU_1","2024-01-29","125","114.38","29"
"SKU_1","2024-01-30","123","114.67","30"
"SKU_1","2024-01-31","109","115.60","30"
"SKU_1","2024-02-01","141","117.67","30"
"SKU_1","2024-02-02","121","117.50","30"
"SKU_1","2024-02-03","114","117.80","30"
"SKU_1","2024-02-04","118","118.33","30"
"SKU_1","2024-02-05","131","118.97","30"
"SKU_1","2024-02-06","120","119.33","30"
"SKU_1","2024-02-07","134","120.43","30"
"SKU_1","2024-02-08","133","120.80","30"
"SKU_1","2024-02-09","120","120.40","30"
"SKU_1","2024-02-10","124","120.70","30"
"SKU_1","2024-02-11","132","121.60","30"
"SKU_1","2024-02-12","142","122.17","30"
"SKU_1","2024-02-13","167","123.97","30"
"SKU_1","2024-02-14","130","125.07","30"
"SKU_1","2024-02-15","140","125.37","30"
"SKU_1","2024-02-16","131","125.70","30"
"SKU_1","2024-02-17","127","126.00","30"
"SKU_1","2024-02-18","126","125.87","30"
"SKU_1","2024-02-19","136","126.57","30"
"SKU_1","2024-02-20","127","126.47","30"
"SKU_1","2024-02-21","132","127.20","30"
"SKU_1","2024-02-22","152","127.90","30"
"SKU_1","2024-02-23","150","128.97","30"
"SKU_1","2024-02-24","136","130.03","30"
"SKU_1","2024-02-25","139","130.37","30"
"SKU_1","2024-02-26","136","131.03","30"
"SKU_1","2024-02-27","136","131.73","30"
"SKU_1","2024-02-28","136","132.10","30"
"SKU_1","2024-02-29","156","133.20","30"
"SKU_1","2024-03-01","138","134.17","30"
"SKU_1","2024-03-02","143","134.23","30"
"SKU_1","2024-03-03","143","134.97","30"
"SKU_1","2024-03-04","135","135.67","30"
"SKU_1","2024-03-05","148","136.67","30"
"SKU_1","2024-03-06","147","137.20","30"
"SKU_1","2024-03-07","152","138.27","30"
"SKU_1","2024-03-08","162","139.20","30"
"SKU_1","2024-03-09","158","140.03","30"
"SKU_1","2024-03-10","172","141.77","30"
"SKU_1","2024-03-11","140","142.30","30"
"SKU_1","2024-03-12","137","142.47","30"
"SKU_1","2024-03-13","150","142.73","30"
"SKU_1","2024-03-14","138","141.77","30"
"SKU_1","2024-03-15","146","142.30","30"
"SKU_1","2024-03-16","149","142.60","30"
"SKU_1","2024-03-17","142","142.97","30"
"SKU_1","2024-03-18","138","143.33","30"
"SKU_1","2024-03-19","147","144.03","30"
"SKU_1","2024-03-20","131","143.87","30"
"SKU_1","2024-03-21","143","144.40","30"
"SKU_1","2024-03-22","140","144.67","30"
"SKU_1","2024-03-23","147","144.50","30"
"SKU_1","2024-03-24","177","145.40","30"
"SKU_1","2024-03-25","156","146.07","30"
"SKU_1","2024-03-26","163","146.87","30"
"SKU_1","2024-03-27","145","147.17","30"
"SKU_1","2024-03-28","155","147.80","30"
"SKU_1","2024-03-29","156","148.47","30"
"SKU_1","2024-03-30","177","149.17","30"
"SKU_1","2024-03-31","143","149.33","30"
"SKU_1","2024-04-01","174","150.37","30"
"SKU_1","2024-04-02","156","150.80","30"
"SKU_1","2024-04-03","146","151.17","30"
"SKU_1","2024-04-04","157","151.47","30"
"SKU_1","2024-04-05","159","151.87","30"
"SKU_1","2024-04-06","139","151.43","30"
"SKU_1","2024-04-07","167","151.60","30"
"SKU_1","2024-04-08","182","152.40","30"
"SKU_1","2024-04-09","160","152.00","30"
"SKU_1","2024-04-10","154","152.47","30"
"SKU_1","2024-04-11","183","154.00","30"
"SKU_1","2024-04-12","154","154.13","30"
"SKU_1","2024-04-13","135","154.03","30"
"SKU_1","2024-04-14","144","153.97","30"
"SKU_1","2024-04-15","139","153.63","30"
"SKU_1","2024-04-16","143","153.67","30"
"SKU_1","2024-04-17","133","153.50","30"
"SKU_1","2024-04-18","150","153.60","30"
"SKU_1","2024-04-19","143","154.00","30"
"SKU_1","2024-04-20","138","153.83","30"
"SKU_1","2024-04-21","152","154.23","30"
"SKU_1","2024-04-22","142","154.07","30"
"SKU_1","2024-04-23","149","153.13","30"
"SKU_1","2024-04-24","160","153.27","30"
"SKU_1","2024-04-25","157","153.07","30"
"SKU_1","2024-04-26","155","153.40","30"
"SKU_1","2024-04-27","166","153.77","30"
"SKU_1","2024-04-28","138","153.17","30"
"SKU_1","2024-04-29","148","152.20","30"
"SKU_1","2024-04-30","156","152.63","30"
"SKU_1","2024-05-01","157","152.07","30"
"SKU_1","2024-05-02","161","152.23","30"
"SKU_1","2024-05-03","151","152.40","30"
"SKU_1","2024-05-04","149","152.13","30"
"SKU_1","2024-05-05","148","151.77","30"
"SKU_1","2024-05-06","148","152.07","30"
"SKU_1","2024-05-07","139","151.13","30"
"SKU_1","2024-05-08","138","149.67","30"
"SKU_1","2024-05-09","127","148.57","30"
"SKU_1","2024-05-10","155","148.60","30"
"SKU_1","2024-05-11","148","147.43","30"
"SKU_1","2024-05-12","135","146.80","30"
"SKU_1","2024-05-13","121","146.33","30"
"SKU_1","2024-05-14","140","146.20","30"
"SKU_1","2024-05-15","119","145.53","30"
"SKU_1","2024-05-16","131","145.13","30"
"SKU_1","2024-05-17","133","145.13","30"
"SKU_1","2024-05-18","119","144.10","30"
"SKU_1","2024-05-19","119","143.30","30"
"SKU_1","2024-05-20","135","143.20","30"
"SKU_1","2024-05-21","113","141.90","30"
"SKU_1","2024-05-22","131","141.53","30"
"SKU_1","2024-05-23","130","140.90","30"
"SKU_1","2024-05-24","130","139.90","30"
"SKU_1","2024-05-25","123","138.77","30"
"SKU_1","2024-05-26","155","138.77","30"
"SKU_1","2024-05-27","146","138.10","30"
"SKU_1","2024-05-28","143","138.27","30"
"SKU_1","2024-05-29","137","137.90","30"
"SKU_1","2024-05-30","110","136.37","30"
"SKU_1","2024-05-31","140","135.80","30"
"SKU_1","2024-06-01","121","134.47","30"
"SKU_1","2024-06-02","117","133.33","30"
"SKU_1","2024-06-03","149","133.33","30"
"SKU_1","2024-06-04","123","132.50","30"
"SKU_1","2024-06-05","109","131.20","30"
"SKU_1","2024-06-06","144","131.37","30"
"SKU_1","2024-06-07","114","130.57","30"
"SKU_1","2024-06-08","126","130.53","30"
"SKU_1","2024-06-09","125","129.53","30"
"SKU_1","2024-06-10","115","128.43","30"
"SKU_1","2024-06-11","106","127.47","30"
"SKU_1","2024-06-12","116","127.30","30"
"SKU_1","2024-06-13","135","127.13","30"
"SKU_1","2024-06-14","145","128.00","30"
"SKU_1","2024-06-15","105","127.13","30"
"SKU_1","2024-06-16","106","126.23","30"
"SKU_1","2024-06-17","101","125.63","30"
"SKU_1","2024-06-18","113","125.43","30"
"SKU_1","2024-06-19","107","124.50","30"
"SKU_1","2024-06-20","114","124.53","30"
"SKU_1","2024-06-21","111","123.87","30"
"SKU_1","2024-06-22","118","123.47","30"
"SKU_1","2024-06-23","109","122.77","30"
"SKU_1","2024-06-24","118","122.60","30"
"SKU_1","2024-06-25","97","120.67","30"
"SKU_1","2024-06-26","100","119.13","30"
"SKU_1","2024-06-27","101","117.73","30"
"SKU_1","2024-06-28","112","116.90","30"
"SKU_1","2024-06-29","120","117.23","30"
"SKU_1","2024-06-30","82","115.30","30"
"SKU_1","2024-07-01","124","115.40","30"
"SKU_1","2024-07-02","78","114.10","30"
"SKU_1","2024-07-03","98","112.40","30"
"SKU_1","2024-07-04","106","111.83","30"
"SKU_1","2024-07-05","111","111.90","30"
"SKU_1","2024-07-06","84","109.90","30"
"SKU_1","2024-07-07","89","109.07","30"
"SKU_1","2024-07-08","110","108.53","30"
"SKU_1","2024-07-09","74","106.83","30"
"SKU_1","2024-07-10","80","105.67","30"
"SKU_1","2024-07-11","83","104.90","30"
"SKU_1","2024-07-12","86","103.90","30"
"SKU_1","2024-07-13","105","102.90","30"
"SKU_1","2024-07-14","95","101.23","30"
"SKU_1","2024-07-15","103","101.17","30"
"SKU_1","2024-07-16","78","100.23","30"
"SKU_1","2024-07-17","95","100.03","30"
"SKU_1","2024-07-18","96","99.47","30"
"SKU_1","2024-07-19","108","99.50","30"
"SKU_1","2024-07-20","97","98.93","30"
"SKU_1","2024-07-21","81","97.93","30"
"SKU_1","2024-07-22","72","96.40","30"
"SKU_1","2024-07-23","113","96.53","30"
"SKU_1","2024-07-24","81","95.30","30"
"SKU_1","2024-07-25","89","95.03","30"
"SKU_1","2024-07-26","74","94.17","30"
"SKU_1","2024-07-27","81","93.50","30"
"SKU_1","2024-07-28","89","92.73","30"
"SKU_1","2024-07-29","75","91.23","30"
"SKU_1","2024-07-30","98","91.77","30"
"SKU_1","2024-07-31","60","89.63","30"
"SKU_1","2024-08-01","65","89.20","30"
"SKU_1","2024-08-02","67","88.17","30"
"SKU_1","2024-08-03","86","87.50","30"
"SKU_1","2024-08-04","72","86.20","30"
"SKU_1","2024-08-05","85","86.23","30"
"SKU_1","2024-08-06","67","85.50","30"
"SKU_1","2024-08-07","61","83.87","30"
"SKU_1","2024-08-08","64","83.53","30"
"SKU_1","2024-08-09","63","82.97","30"
"SKU_1","2024-08-10","59","82.17","30"
"SKU_1","2024-08-11","48","80.90","30"
"SKU_1","2024-08-12","47","78.97","30"
"SKU_1","2024-08-13","70","78.13","30"
"SKU_1","2024-08-14","80","77.37","30"
"SKU_1","2024-08-15","57","76.67","30"
"SKU_1","2024-08-16","60","75.50","30"
"SKU_1","2024-08-17","49","73.93","30"
"SKU_1","2024-08-18","80","73.00","30"
"SKU_1","2024-08-19","68","72.03","30"
"SKU_1","2024-08-20","74","71.80","30"
"SKU_1","2024-08-21","69","71.70","30"
"SKU_1","2024-08-22","47","69.50","30"
"SKU_1","2024-08-23","58","68.73","30"
"SKU_1","2024-08-24","64","67.90","30"
"SKU_1","2024-08-25","85","68.27","30"
"SKU_1","2024-08-26","57","67.47","30"
"SKU_1","2024-08-27","68","66.77","30"
"SKU_1","2024-08-28","43","65.70","30"
"SKU_1","2024-08-29","67","64.67","30"
"SKU_1","2024-08-30","52","64.40","30"
"SKU_1","2024-08-31","89","65.20","30"
"SKU_1","2024-09-01","63","65.07","30"
"SKU_1","2024-09-02","73","64.63","30"
"SKU_1","2024-09-03","73","64.67","30"
"SKU_1","2024-09-04","63","63.93","30"
"SKU_1","2024-09-05","44","63.17","30"
"SKU_1","2024-09-06","64","63.27","30"
"SKU_1","2024-09-07","65","63.30","30"
"SKU_1","2024-09-08","44","62.67","30"
"SKU_1","2024-09-09","60","62.70","30"
"SKU_1","2024-09-10","48","62.70","30"
"SKU_1","2024-09-11","53","62.90","30"
"SKU_1","2024-09-12","45","62.07","30"
"SKU_1","2024-09-13","45","60.90","30"
"SKU_1","2024-09-14","65","61.17","30"
"SKU_1","2024-09-15","28","60.10","30"
"SKU_1","2024-09-16","52","60.20","30"
"SKU_1","2024-09-17","31","58.57","30"
"SKU_1","2024-09-18","43","57.73","30"
"SKU_1","2024-09-19","69","57.57","30"
"SKU_1","2024-09-20","52","57.00","30"
"SKU_1","2024-09-21","44","56.90","30"
"SKU_1","2024-09-22","47","56.53","30"
"SKU_1","2024-09-23","56","56.27","30"
"SKU_1","2024-09-24","71","55.80","30"
"SKU_1","2024-09-25","71","56.27","30"
"SKU_1","2024-09-26","58","55.93","30"
"SKU_1","2024-09-27","33","55.60","30"
"SKU_1","2024-09-28","38","54.63","30"
"SKU_1","2024-09-29","33","54.00","30"
"SKU_1","2024-09-30","46","52.57","30"
"SKU_1","2024-10-01","47","52.03","30"
"SKU_1","2024-10-02","48","51.20","30"
"SKU_1","2024-10-03","72","51.17","30"
"SKU_1","2024-10-04","40","50.40","30"
"SKU_1","2024-10-05","64","51.07","30"
"SKU_1","2024-10-06","41","50.30","30"
"SKU_1","2024-10-07","50","49.80","30"
"SKU_1","2024-10-08","54","50.13","30"
"SKU_1","2024-10-09","50","49.80","30"
"SKU_1","2024-10-10","33","49.30","30"
"SKU_1","2024-10-11","60","49.53","30"
"SKU_1","2024-10-12","47","49.60","30"
"SKU_1","2024-10-13","69","50.40","30"
"SKU_1","2024-10-14","55","50.07","30"
"SKU_1","2024-10-15","39","50.43","30"
"SKU_1","2024-10-16","50","50.37","30"
"SKU_1","2024-10-17","50","51.00","30"
"SKU_1","2024-10-18","29","50.53","30"
"SKU_1","2024-10-19","39","49.53","30"
"SKU_1","2024-10-20","39","49.10","30"
"SKU_1","2024-10-21","56","49.50","30"
"SKU_1","2024-10-22","44","49.40","30"
"SKU_1","2024-10-23","46","49.07","30"
"SKU_1","2024-10-24","64","48.83","30"
"SKU_1","2024-10-25","46","48.00","30"
"SKU_1","2024-10-26","57","47.97","30"
"SKU_1","2024-10-27","76","49.40","30"
"SKU_1","2024-10-28","60","50.13","30"
"SKU_1","2024-10-29","66","51.23","30"
"SKU_1","2024-10-30","48","51.30","30"
"SKU_1","2024-10-31","61","51.77","30"
"SKU_1","2024-11-01","74","52.63","30"
"SKU_1","2024-11-02","62","52.30","30"
"SKU_1","2024-11-03","66","53.17","30"
"SKU_1","2024-11-04","67","53.27","30"
"SKU_1","2024-11-05","43","53.33","30"
"SKU_1","2024-11-06","66","53.87","30"
"SKU_1","2024-11-07","53","53.83","30"
"SKU_1","2024-11-08","90","55.17","30"
"SKU_1","2024-11-09","68","56.33","30"
"SKU_1","2024-11-10","58","56.27","30"
"SKU_1","2024-11-11","58","56.63","30"
"SKU_1","2024-11-12","62","56.40","30"
"SKU_1","2024-11-13","59","56.53","30"
"SKU_1","2024-11-14","67","57.47","30"
"SKU_1","2024-11-15","79","58.43","30"
"SKU_1","2024-11-16","73","59.20","30"
"SKU_1","2024-11-17","62","60.30","30"
"SKU_1","2024-11-18","70","61.33","30"
"SKU_1","2024-11-19","63","62.13","30"
"SKU_1","2024-11-20","65","62.43","30"
"SKU_1","2024-11-21","80","63.63","30"
"SKU_1","2024-11-22","70","64.43","30"
"SKU_1","2024-11-23","80","64.97","30"
"SKU_1","2024-11-24","68","65.70","30"
"SKU_1","2024-11-25","83","66.57","30"
"SKU_1","2024-11-26","80","66.70","30"
"SKU_1","2024-11-27","71","67.07","30"
"SKU_1","2024-11-28","69","67.17","30"
"SKU_1","2024-11-29","59","67.53","30"
"SKU_1","2024-11-30","49","67.13","30"
"SKU_1","2024-12-01","95","67.83","30"
"SKU_1","2024-12-02","80","68.43","30"
"SKU_1","2024-12-03","89","69.20","30"
"SKU_1","2024-12-04","78","69.57","30"
"SKU_1","2024-12-05","67","70.37","30"
"SKU_1","2024-12-06","81","70.87","30"
"SKU_1","2024-12-07","83","71.87","30"
"SKU_1","2024-12-08","99","72.17","30"
"SKU_1","2024-12-09","92","72.97","30"
"SKU_1","2024-12-10","97","74.27","30"
"SKU_1","2024-12-11","74","74.80","30"
"SKU_1","2024-12-12","94","75.87","30"
"SKU_1","2024-12-13","79","76.53","30"
"SKU_1","2024-12-14","114","78.10","30"
"SKU_1","2024-12-15","96","78.67","30"
"SKU_1","2024-12-16","90","79.23","30"
"SKU_1","2024-12-17","83","79.93","30"
"SKU_1","2024-12-18","67","79.83","30"
"SKU_1","2024-12-19","83","80.50","30"
"SKU_1","2024-12-20","101","81.70","30"
"SKU_1","2024-12-21","99","82.33","30"
"SKU_1","2024-12-22","84","82.80","30"
"SKU_1","2024-12-23","96","83.33","30"
"SKU_1","2024-12-24","94","84.20","30"
"SKU_1","2024-12-25","78","84.03","30"
"SKU_1","2024-12-26","86","84.23","30"
"SKU_1","2024-12-27","102","85.27","30"
"SKU_1","2024-12-28","101","86.33","30"
"SKU_1","2024-12-29","101","87.73","30"
"SKU_1","2024-12-30","95","89.27","30"
"SKU_10","2024-01-01","111","111.00","1"
"SKU_10","2024-01-02","112","111.50","2"
"SKU_10","2024-01-03","109","110.67","3"
"SKU_10","2024-01-04","87","104.75","4"
"SKU_10","2024-01-05","100","103.80","5"
"SKU_10","2024-01-06","112","105.17","6"
"SKU_10","2024-01-07","86","102.43","7"
"SKU_10","2024-01-08","111","103.50","8"
"SKU_10","2024-01-09","99","103.00","9"
"SKU_10","2024-01-10","103","103.00","10"
"SKU_10","2024-01-11","98","102.55","11"
"SKU_10","2024-01-12","108","103.00","12"
"SKU_10","2024-01-13","112","103.69","13"
"SKU_10","2024-01-14","121","104.93","14"
"SKU_10","2024-01-15","112","105.40","15"
"SKU_10","2024-01-16","120","106.31","16"
"SKU_10","2024-01-17","118","107.00","17"
"SKU_10","2024-01-18","119","107.67","18"
"SKU_10","2024-01-19","114","108.00","19"
"SKU_10","2024-01-20","127","108.95","20"
"SKU_10","2024-01-21","117","109.33","21"
"SKU_10","2024-01-22","127","110.14","22"
"SKU_10","2024-01-23","116","110.39","23"
"SKU_10","2024-01-24","123","110.92","24"
"SKU_10","2024-01-25","123","111.40","25"
"SKU_10","2024-01-26","110","111.35","26"
"SKU_10","2024-01-27","111","111.33","27"
"SKU_10","2024-01-28","134","112.14","28"
"SKU_10","2024-01-29","133","112.86","29"
"SKU_10","2024-01-30","107","112.67","30"
"SKU_10","2024-01-31","121","113.00","30"
"SKU_10","2024-02-01","133","113.70","30"
"SKU_10","2024-02-02","122","114.13","30"
"SKU_10","2024-02-03","118","115.17","30"
"SKU_10","2024-02-04","115","115.67","30"
"SKU_10","2024-02-05","145","116.77","30"
"SKU_10","2024-02-06","140","118.57","30"
"SKU_10","2024-02-07","132","119.27","30"
"SKU_10","2024-02-08","129","120.27","30"
"SKU_10","2024-02-09","136","121.37","30"
"SKU_10","2024-02-10","145","122.93","30"
"SKU_10","2024-02-11","119","123.30","30"
"SKU_10","2024-02-12","114","123.37","30"
"SKU_10","2024-02-13","122","123.40","30"
"SKU_10","2024-02-14","113","123.43","30"
"SKU_10","2024-02-15","159","124.73","30"
"SKU_10","2024-02-16","128","125.07","30"
"SKU_10","2024-02-17","139","125.73","30"
"SKU_10","2024-02-18","139","126.57","30"
"SKU_10","2024-02-19","157","127.57","30"
"SKU_10","2024-02-20","143","128.43","30"
"SKU_10","2024-02-21","132","128.60","30"
"SKU_10","2024-02-22","128","129.00","30"
"SKU_10","2024-02-23","139","129.53","30"
"SKU_10","2024-02-24","140","130.10","30"
"SKU_10","2024-02-25","133","130.87","30"
"SKU_10","2024-02-26","152","132.23","30"
"SKU_10","2024-02-27","169","133.40","30"
"SKU_10","2024-02-28","152","134.03","30"
"SKU_10","2024-02-29","146","135.33","30"
"SKU_10","2024-03-01","148","136.23","30"
"SKU_10","2024-03-02","145","136.63","30"
"SKU_10","2024-03-03","140","137.23","30"
"SKU_10","2024-03-04","140","137.97","30"
"SKU_10","2024-03-05","159","139.43","30"
"SKU_10","2024-03-06","155","139.77","30"
"SKU_10","2024-03-07","134","139.57","30"
"SKU_10","2024-03-08","152","140.23","30"
"SKU_10","2024-03-09","141","140.63","30"
"SKU_10","2024-03-10","161","141.47","30"
"SKU_10","2024-03-11","121","140.67","30"
"SKU_10","2024-03-12","142","141.43","30"
"SKU_10","2024-03-13","163","143.07","30"
"SKU_10","2024-03-14","157","144.23","30"
"SKU_10","2024-03-15","142","145.20","30"
"SKU_10","2024-03-16","149","144.87","30"
"SKU_10","2024-03-17","151","145.63","30"
"SKU_10","2024-03-18","149","145.97","30"
"SKU_10","2024-03-19","170","147.00","30"
"SKU_10","2024-03-20","146","146.63","30"
"SKU_10","2024-03-21","150","146.87","30"
"SKU_10","2024-03-22","142","147.20","30"
"SKU_10","2024-03-23","125","147.10","30"
"SKU_10","2024-03-24","162","147.87","30"
"SKU_10","2024-03-25","163","148.63","30"
"SKU_10","2024-03-26","149","149.17","30"
"SKU_10","2024-03-27","151","149.13","30"
"SKU_10","2024-03-28","181","149.53","30"
"SKU_10","2024-03-29","161","149.83","30"
"SKU_10","2024-03-30","132","149.37","30"
"SKU_10","2024-03-31","204","151.23","30"
"SKU_10","2024-04-01","160","151.73","30"
"SKU_10","2024-04-02","165","152.57","30"
"SKU_10","2024-04-03","150","152.90","30"
"SKU_10","2024-04-04","187","153.83","30"
"SKU_10","2024-04-05","132","153.07","30"
"SKU_10","2024-04-06","183","154.70","30"
"SKU_10","2024-04-07","150","154.63","30"
"SKU_10","2024-04-08","156","155.13","30"
"SKU_10","2024-04-09","131","154.13","30"
"SKU_10","2024-04-10","161","155.47","30"
"SKU_10","2024-04-11","153","155.83","30"
"SKU_10","2024-04-12","143","155.17","30"
"SKU_10","2024-04-13","146","154.80","30"
"SKU_10","2024-04-14","157","155.30","30"
"SKU_10","2024-04-15","150","155.33","30"
"SKU_10","2024-04-16","149","155.27","30"
"SKU_10","2024-04-17","142","155.03","30"
"SKU_10","2024-04-18","164","154.83","30"
"SKU_10","2024-04-19","135","154.47","30"
"SKU_10","2024-04-20","152","154.53","30"
"SKU_10","2024-04-21","156","155.00","30"
"SKU_10","2024-04-22","142","155.57","30"
"SKU_10","2024-04-23","137","154.73","30"
"SKU_10","2024-04-24","169","154.93","30"
"SKU_10","2024-04-25","175","155.80","30"
"SKU_10","2024-04-26","124","154.90","30"
"SKU_10","2024-04-27","154","154.00","30"
"SKU_10","2024-04-28","150","153.63","30"
"SKU_10","2024-04-29","127","153.47","30"
"SKU_10","2024-04-30","142","151.40","30"
"SKU_10","2024-05-01","153","151.17","30"
"SKU_10","2024-05-02","141","150.37","30"
"SKU_10","2024-05-03","111","149.07","30"
"SKU_10","2024-05-04","132","147.23","30"
"SKU_10","2024-05-05","145","147.67","30"
"SKU_10","2024-05-06","133","146.00","30"
"SKU_10","2024-05-07","122","145.07","30"
"SKU_10","2024-05-08","129","144.17","30"
"SKU_10","2024-05-09","153","144.90","30"
"SKU_10","2024-05-10","133","143.97","30"
"SKU_10","2024-05-11","131","143.23","30"
"SKU_10","2024-05-12","154","143.60","30"
"SKU_10","2024-05-13","115","142.57","30"
"SKU_10","2024-05-14","134","141.80","30"
"SKU_10","2024-05-15","137","141.37","30"
"SKU_10","2024-05-16","142","141.13","30"
"SKU_10","2024-05-17","117","140.30","30"
"SKU_10","2024-05-18","128","139.10","30"
"SKU_10","2024-05-19","126","138.80","30"
"SKU_10","2024-05-20","150","138.73","30"
"SKU_10","2024-05-21","113","137.30","30"
"SKU_10","2024-05-22","137","137.13","30"
"SKU_10","2024-05-23","120","136.57","30"
"SKU_10","2024-05-24","125","135.10","30"
"SKU_10","2024-05-25","131","133.63","30"
"SKU_10","2024-05-26","141","134.20","30"
"SKU_10","2024-05-27","121","133.10","30"
"SKU_10","2024-05-28","116","131.97","30"
"SKU_10","2024-05-29","138","132.33","30"
"SKU_10","2024-05-30","154","132.73","30"
"SKU_10","2024-05-31","113","131.40","30"
"SKU_10","2024-06-01","139","131.33","30"
"SKU_10","2024-06-02","134","132.10","30"
"SKU_10","2024-06-03","140","132.37","30"
"SKU_10","2024-06-04","120","131.53","30"
"SKU_10","2024-06-05","113","130.87","30"
"SKU_10","2024-06-06","145","131.63","30"
"SKU_10","2024-06-07","127","131.57","30"
"SKU_10","2024-06-08","114","130.27","30"
"SKU_10","2024-06-09","119","129.80","30"
"SKU_10","2024-06-10","117","129.33","30"
"SKU_10","2024-06-11","128","128.47","30"
"SKU_10","2024-06-12","107","128.20","30"
"SKU_10","2024-06-13","120","127.73","30"
"SKU_10","2024-06-14","113","126.93","30"
"SKU_10","2024-06-15","116","126.07","30"
"SKU_10","2024-06-16","118","126.10","30"
"SKU_10","2024-06-17","114","125.63","30"
"SKU_10","2024-06-18","95","124.60","30"
"SKU_10","2024-06-19","105","123.10","30"
"SKU_10","2024-06-20","92","122.40","30"
"SKU_10","2024-06-21","124","121.97","30"
"SKU_10","2024-06-22","113","121.73","30"
"SKU_10","2024-06-23","125","121.73","30"
"SKU_10","2024-06-24","101","120.73","30"
"SKU_10","2024-06-25","95","119.20","30"
"SKU_10","2024-06-26","114","118.97","30"
"SKU_10","2024-06-27","96","118.30","30"
"SKU_10","2024-06-28","97","116.93","30"
"SKU_10","2024-06-29","96","115.00","30"
"SKU_10","2024-06-30","97","114.47","30"
"SKU_10","2024-07-01","93","112.93","30"
"SKU_10","2024-07-02","77","111.03","30"
"SKU_10","2024-07-03","78","108.97","30"
"SKU_10","2024-07-04","99","108.27","30"
"SKU_10","2024-07-05","96","107.70","30"
"SKU_10","2024-07-06","97","106.10","30"
"SKU_10","2024-07-07","76","104.40","30"
"SKU_10","2024-07-08","104","104.07","30"
"SKU_10","2024-07-09","85","102.93","30"
"SKU_10","2024-07-10","93","102.13","30"
"SKU_10","2024-07-11","84","100.67","30"
"SKU_10","2024-07-12","90","100.10","30"
"SKU_10","2024-07-13","106","99.63","30"
"SKU_10","2024-07-14","91","98.90","30"
"SKU_10","2024-07-15","75","97.53","30"
"SKU_10","2024-07-16","87","96.50","30"
"SKU_10","2024-07-17","97","95.93","30"
"SKU_10","2024-07-18","75","95.27","30"
"SKU_10","2024-07-19","68","94.03","30"
"SKU_10","2024-07-20","104","94.43","30"
"SKU_10","2024-07-21","87","93.20","30"
"SKU_10","2024-07-22","89","92.40","30"
"SKU_10","2024-07-23","76","90.77","30"
"SKU_10","2024-07-24","69","89.70","30"
"SKU_10","2024-07-25","67","88.77","30"
"SKU_10","2024-07-26","75","87.47","30"
"SKU_10","2024-07-27","74","86.73","30"
"SKU_10","2024-07-28","80","86.17","30"
"SKU_10","2024-07-29","96","86.17","30"
"SKU_10","2024-07-30","64","85.07","30"
"SKU_10","2024-07-31","90","84.97","30"
"SKU_10","2024-08-01","97","85.63","30"
"SKU_10","2024-08-02","75","85.53","30"
"SKU_10","2024-08-03","75","84.73","30"
"SKU_10","2024-08-04","64","83.67","30"
"SKU_10","2024-08-05","93","83.53","30"
"SKU_10","2024-08-06","73","83.43","30"
"SKU_10","2024-08-07","81","82.67","30"
"SKU_10","2024-08-08","67","82.07","30"
"SKU_10","2024-08-09","58","80.90","30"
"SKU_10","2024-08-10","52","79.83","30"
"SKU_10","2024-08-11","79","79.47","30"
"SKU_10","2024-08-12","74","78.40","30"
"SKU_10","2024-08-13","69","77.67","30"
"SKU_10","2024-08-14","56","77.03","30"
"SKU_10","2024-08-15","45","75.63","30"
"SKU_10","2024-08-16","49","74.03","30"
"SKU_10","2024-08-17","75","74.03","30"
"SKU_10","2024-08-18","62","73.83","30"
"SKU_10","2024-08-19","70","72.70","30"
"SKU_10","2024-08-20","62","71.87","30"
"SKU_10","2024-08-21","68","71.17","30"
"SKU_10","2024-08-22","64","70.77","30"
"SKU_10","2024-08-23","50","70.13","30"
"SKU_10","2024-08-24","60","69.90","30"
"SKU_10","2024-08-25","48","69.00","30"
"SKU_10","2024-08-26","41","67.90","30"
"SKU_10","2024-08-27","77","67.80","30"
"SKU_10","2024-08-28","49","66.23","30"
"SKU_10","2024-08-29","48","65.70","30"
"SKU_10","2024-08-30","56","64.57","30"
"SKU_10","2024-08-31","65","63.50","30"
"SKU_10","2024-09-01","54","62.80","30"
"SKU_10","2024-09-02","72","62.70","30"
"SKU_10","2024-09-03","55","62.40","30"
"SKU_10","2024-09-04","57","61.20","30"
"SKU_10","2024-09-05","50","60.43","30"
"SKU_10","2024-09-06","49","59.37","30"
"SKU_10","2024-09-07","47","58.70","30"
"SKU_10","2024-09-08","52","58.50","30"
"SKU_10","2024-09-09","52","58.50","30"
"SKU_10","2024-09-10","47","57.43","30"
"SKU_10","2024-09-11","75","57.47","30"
"SKU_10","2024-09-12","63","57.27","30"
"SKU_10","2024-09-13","59","57.37","30"
"SKU_10","2024-09-14","55","57.70","30"
"SKU_10","2024-09-15","27","56.97","30"
"SKU_10","2024-09-16","54","56.27","30"
"SKU_10","2024-09-17","35","55.37","30"
"SKU_10","2024-09-18","33","54.13","30"
"SKU_10","2024-09-19","61","54.10","30"
"SKU_10","2024-09-20","37","53.07","30"
"SKU_10","2024-09-21","58","52.87","30"
"SKU_10","2024-09-22","58","53.13","30"
"SKU_10","2024-09-23","42","52.53","30"
"SKU_10","2024-09-24","47","52.50","30"
"SKU_10","2024-09-25","33","52.23","30"
"SKU_10","2024-09-26","40","51.00","30"
"SKU_10","2024-09-27","43","50.80","30"
"SKU_10","2024-09-28","50","50.87","30"
"SKU_10","2024-09-29","46","50.53","30"
"SKU_10","2024-09-30","59","50.33","30"
"SKU_10","2024-10-01","64","50.67","30"
"SKU_10","2024-10-02","64","50.40","30"
"SKU_10","2024-10-03","33","49.67","30"
"SKU_10","2024-10-04","46","49.30","30"
"SKU_10","2024-10-05","39","48.93","30"
"SKU_10","2024-10-06","27","48.20","30"
"SKU_10","2024-10-07","31","47.67","30"
"SKU_10","2024-10-08","47","47.50","30"
"SKU_10","2024-10-09","31","46.80","30"
"SKU_10","2024-10-10","39","46.53","30"
"SKU_10","2024-10-11","40","45.37","30"
"SKU_10","2024-10-12","44","44.73","30"
"SKU_10","2024-10-13","61","44.80","30"
"SKU_10","2024-10-14","41","44.33","30"
"SKU_10","2024-10-15","70","45.77","30"
"SKU_10","2024-10-16","43","45.40","30"
"SKU_10","2024-10-17","55","46.07","30"
"SKU_10","2024-10-18","33","46.07","30"
"SKU_10","2024-10-19","43","45.47","30"
"SKU_10","2024-10-20","56","46.10","30"
"SKU_10","2024-10-21","45","45.67","30"
"SKU_10","2024-10-22","64","45.87","30"
"SKU_10","2024-10-23","60","46.47","30"
"SKU_10","2024-10-24","35","46.07","30"
"SKU_10","2024-10-25","36","46.17","30"
"SKU_10","2024-10-26","60","46.83","30"
"SKU_10","2024-10-27","71","47.77","30"
"SKU_10","2024-10-28","43","47.53","30"
"SKU_10","2024-10-29","53","47.77","30"
"SKU_10","2024-10-30","48","47.40","30"
"SKU_10","2024-10-31","68","47.53","30"
"SKU_10","2024-11-01","39","46.70","30"
"SKU_10","2024-11-02","56","47.47","30"
"SKU_10","2024-11-03","53","47.70","30"
"SKU_10","2024-11-04","63","48.50","30"
"SKU_10","2024-11-05","79","50.23","30"
"SKU_10","2024-11-06","67","51.43","30"
"SKU_10","2024-11-07","63","51.97","30"
"SKU_10","2024-11-08","60","52.93","30"
"SKU_10","2024-11-09","75","54.13","30"
"SKU_10","2024-11-10","59","54.77","30"
"SKU_10","2024-11-11","60","55.30","30"
"SKU_10","2024-11-12","72","55.67","30"
"SKU_10","2024-11-13","71","56.67","30"
"SKU_10","2024-11-14","61","56.37","30"
"SKU_10","2024-11-15","85","57.77","30"
"SKU_10","2024-11-16","64","58.07","30"
"SKU_10","2024-11-17","49","58.60","30"
"SKU_10","2024-11-18","59","59.13","30"
"SKU_10","2024-11-19","76","59.80","30"
"SKU_10","2024-11-20","66","60.50","30"
"SKU_10","2024-11-21","82","61.10","30"
"SKU_10","2024-11-22","63","61.20","30"
"SKU_10","2024-11-23","69","62.33","30"
"SKU_10","2024-11-24","83","63.90","30"
"SKU_10","2024-11-25","70","64.23","30"
"SKU_10","2024-11-26","74","64.33","30"
"SKU_10","2024-11-27","59","64.87","30"
"SKU_10","2024-11-28","68","65.37","30"
"SKU_10","2024-11-29","72","66.17","30"
"SKU_10","2024-11-30","92","66.97","30"
"SKU_10","2024-12-01","78","68.27","30"
"SKU_10","2024-12-02","95","69.57","30"
"SKU_10","2024-12-03","72","70.20","30"
"SKU_10","2024-12-04","82","70.83","30"
"SKU_10","2024-12-05","104","71.67","30"
"SKU_10","2024-12-06","88","72.37","30"
"SKU_10","2024-12-07","83","73.03","30"
"SKU_10","2024-12-08","80","73.70","30"
"SKU_10","2024-12-09","104","74.67","30"
"SKU_10","2024-12-10","82","75.43","30"
"SKU_10","2024-12-11","80","76.10","30"
"SKU_10","2024-12-12","74","76.17","30"
"SKU_10","2024-12-13","106","77.33","30"
"SKU_10","2024-12-14","109","78.93","30"
"SKU_10","2024-12-15","83","78.87","30"
"SKU_10","2024-12-16","84","79.53","30"
"SKU_10","2024-12-17","84","80.70","30"
"SKU_10","2024-12-18","93","81.83","30"
"SKU_10","2024-12-19","88","82.23","30"
"SKU_10","2024-12-20","93","83.13","30"
"SKU_10","2024-12-21","98","83.67","30"
"SKU_10","2024-12-22","93","84.67","30"
"SKU_10","2024-12-23","84","85.17","30"
"SKU_10","2024-12-24","92","85.47","30"
"SKU_10","2024-12-25","108","86.73","30"
"SKU_10","2024-12-26","94","87.40","30"
"SKU_10","2024-12-27","74","87.90","30"
"SKU_10","2024-12-28","96","88.83","30"
"SKU_10","2024-12-29","113","90.20","30"
"SKU_10","2024-12-30","116","91.00","30"
"SKU_11","2024-01-01","90","90.00","1"
"SKU_11","2024-01-02","96","93.00","2"
"SKU_11","2024-01-03","113","99.67","3"
"SKU_11","2024-01-04","104","100.75","4"
"SKU_11","2024-01-05","92","99.00","5"
"SKU_11","2024-01-06","88","97.17","6"
"SKU_11","2024-01-07","107","98.57","7"
"SKU_11","2024-01-08","85","96.88","8"
"SKU_11","2024-01-09","113","98.67","9"
"SKU_11","2024-01-10","79","96.70","10"
"SKU_11","2024-01-11","112","98.09","11"
"SKU_11","2024-01-12","105","98.67","12"
"SKU_11","2024-01-13","111","99.62","13"
"SKU_11","2024-01-14","107","100.14","14"
"SKU_11","2024-01-15","105","100.47","15"
"SKU_11","2024-01-16","113","101.25","16"
"SKU_11","2024-01-17","119","102.29","17"
"SKU_11","2024-01-18","126","103.61","18"
"SKU_11","2024-01-19","113","104.11","19"
"SKU_11","2024-01-20","111","104.45","20"
"SKU_11","2024-01-21","140","106.14","21"
"SKU_11","2024-01-22","107","106.18","22"
"SKU_11","2024-01-23","116","106.61","23"
"SKU_11","2024-01-24","122","107.25","24"
"SKU_11","2024-01-25","133","108.28","25"
"SKU_11","2024-01-26","145","109.69","26"
"SKU_11","2024-01-27","101","109.37","27"
"SKU_11","2024-01-28","133","110.21","28"
"SKU_11","2024-01-29","113","110.31","29"
"SKU_11","2024-01-30","136","111.17","30"
"SKU_11","2024-01-31","139","112.80","30"
"SKU_11","2024-02-01","120","113.60","30"
"SKU_11","2024-02-02","151","114.87","30"
"SKU_11","2024-02-03","122","115.47","30"
"SKU_11","2024-02-04","107","115.97","30"
"SKU_11","2024-02-05","111","116.73","30"
"SKU_11","2024-02-06","113","116.93","30"
"SKU_11","2024-02-07","134","118.57","30"
"SKU_11","2024-02-08","110","118.47","30"
"SKU_11","2024-02-09","147","120.73","30"
"SKU_11","2024-02-10","127","121.23","30"
"SKU_11","2024-02-11","131","122.10","30"
"SKU_11","2024-02-12","140","123.07","30"
"SKU_11","2024-02-13","137","124.07","30"
"SKU_11","2024-02-14","119","124.53","30"
"SKU_11","2024-02-15","136","125.30","30"
"SKU_11","2024-02-16","143","126.10","30"
"SKU_11","2024-02-17","139","126.53","30"
"SKU_11","2024-02-18","145","127.60","30"
"SKU_11","2024-02-19","128","128.17","30"
"SKU_11","2024-02-20","139","128.13","30"
"SKU_11","2024-02-21","142","129.30","30"
"SKU_11","2024-02-22","124","129.57","30"
"SKU_11","2024-02-23","134","129.97","30"
"SKU_11","2024-02-24","161","130.90","30"
"SKU_11","2024-02-25","142","130.80","30"
"SKU_11","2024-02-26","143","132.20","30"
"SKU_11","2024-02-27","138","132.37","30"
"SKU_11","2024-02-28","126","132.80","30"
"SKU_11","2024-02-29","148","133.20","30"
"SKU_11","2024-03-01","125","132.73","30"
"SKU_11","2024-03-02","134","133.20","30"
"SKU_11","2024-03-03","146","133.03","30"
"SKU_11","2024-03-04","134","133.43","30"
"SKU_11","2024-03-05","143","134.63","30"
"SKU_11","2024-03-06","143","135.70","30"
"SKU_11","2024-03-07","164","137.40","30"
"SKU_11","2024-03-08","157","138.17","30"
"SKU_11","2024-03-09","144","139.30","30"
"SKU_11","2024-03-10","144","139.20","30"
"SKU_11","2024-03-11","150","139.97","30"
"SKU_11","2024-03-12","144","140.40","30"
"SKU_11","2024-03-13","159","141.03","30"
"SKU_11","2024-03-14","168","142.07","30"
"SKU_11","2024-03-15","170","143.77","30"
"SKU_11","2024-03-16","169","144.87","30"
"SKU_11","2024-03-17","172","145.83","30"
"SKU_11","2024-03-18","157","146.43","30"
"SKU_11","2024-03-19","170","147.27","30"
"SKU_11","2024-03-20","155","148.17","30"
"SKU_11","2024-03-21","135","148.03","30"
"SKU_11","2024-03-22","162","148.70","30"
"SKU_11","2024-03-23","155","149.73","30"
"SKU_11","2024-03-24","144","150.07","30"
"SKU_11","2024-03-25","179","150.67","30"
"SKU_11","2024-03-26","159","151.23","30"
"SKU_11","2024-03-27","132","150.87","30"
"SKU_11","2024-03-28","138","150.87","30"
"SKU_11","2024-03-29","151","151.70","30"
"SKU_11","2024-03-30","137","151.33","30"
"SKU_11","2024-03-31","157","152.40","30"
"SKU_11","2024-04-01","150","152.93","30"
"SKU_11","2024-04-02","139","152.70","30"
"SKU_11","2024-04-03","136","152.77","30"
"SKU_11","2024-04-04","156","153.20","30"
"SKU_11","2024-04-05","137","153.00","30"
"SKU_11","2024-04-06","146","152.40","30"
"SKU_11","2024-04-07","152","152.23","30"
"SKU_11","2024-04-08","150","152.43","30"
"SKU_11","2024-04-09","144","152.43","30"
"SKU_11","2024-04-10","160","152.77","30"
"SKU_11","2024-04-11","153","153.07","30"
"SKU_11","2024-04-12","153","152.87","30"
"SKU_11","2024-04-13","140","151.93","30"
"SKU_11","2024-04-14","162","151.67","30"
"SKU_11","2024-04-15","149","151.00","30"
"SKU_11","2024-04-16","135","149.77","30"
"SKU_11","2024-04-17","136","149.07","30"
"SKU_11","2024-04-18","164","148.87","30"
"SKU_11","2024-04-19","146","148.57","30"
"SKU_11","2024-04-20","147","148.97","30"
"SKU_11","2024-04-21","136","148.10","30"
"SKU_11","2024-04-22","131","147.30","30"
"SKU_11","2024-04-23","146","147.37","30"
"SKU_11","2024-04-24","141","146.10","30"
"SKU_11","2024-04-25","141","145.50","30"
"SKU_11","2024-04-26","147","146.00","30"
"SKU_11","2024-04-27","159","146.70","30"
"SKU_11","2024-04-28","141","146.37","30"
"SKU_11","2024-04-29","131","146.17","30"
"SKU_11","2024-04-30","148","145.87","30"
"SKU_11","2024-05-01","150","145.87","30"
"SKU_11","2024-05-02","146","146.10","30"
"SKU_11","2024-05-03","122","145.63","30"
"SKU_11","2024-05-04","130","144.77","30"
"SKU_11","2024-05-05","139","144.83","30"
"SKU_11","2024-05-06","116","143.83","30"
"SKU_11","2024-05-07","134","143.23","30"
"SKU_11","2024-05-08","143","143.00","30"
"SKU_11","2024-05-09","147","143.10","30"
"SKU_11","2024-05-10","148","142.70","30"
"SKU_11","2024-05-11","150","142.60","30"
"SKU_11","2024-05-12","134","141.97","30"
"SKU_11","2024-05-13","140","141.97","30"
"SKU_11","2024-05-14","145","141.40","30"
"SKU_11","2024-05-15","143","141.20","30"
"SKU_11","2024-05-16","128","140.97","30"
"SKU_11","2024-05-17","123","140.53","30"
"SKU_11","2024-05-18","138","139.67","30"
"SKU_11","2024-05-19","138","139.40","30"
"SKU_11","2024-05-20","135","139.00","30"
"SKU_11","2024-05-21","107","138.03","30"
"SKU_11","2024-05-22","117","137.57","30"
"SKU_11","2024-05-23","123","136.80","30"
"SKU_11","2024-05-24","125","136.27","30"
"SKU_11","2024-05-25","112","135.30","30"
"SKU_11","2024-05-26","130","134.73","30"
"SKU_11","2024-05-27","144","134.23","30"
"SKU_11","2024-05-28","140","134.20","30"
"SKU_11","2024-05-29","113","133.60","30"
"SKU_11","2024-05-30","101","132.03","30"
"SKU_11","2024-05-31","130","131.37","30"
"SKU_11","2024-06-01","122","130.57","30"
"SKU_11","2024-06-02","107","130.07","30"
"SKU_11","2024-06-03","153","130.83","30"
"SKU_11","2024-06-04","108","129.80","30"
"SKU_11","2024-06-05","123","130.03","30"
"SKU_11","2024-06-06","135","130.07","30"
"SKU_11","2024-06-07","117","129.20","30"
"SKU_11","2024-06-08","126","128.50","30"
"SKU_11","2024-06-09","133","128.00","30"
"SKU_11","2024-06-10","118","126.93","30"
"SKU_11","2024-06-11","112","126.20","30"
"SKU_11","2024-06-12","125","125.70","30"
"SKU_11","2024-06-13","154","126.00","30"
"SKU_11","2024-06-14","103","124.67","30"
"SKU_11","2024-06-15","97","123.63","30"
"SKU_11","2024-06-16","114","123.33","30"
"SKU_11","2024-06-17","122","122.80","30"
"SKU_11","2024-06-18","124","122.33","30"
"SKU_11","2024-06-19","119","121.80","30"
"SKU_11","2024-06-20","107","121.80","30"
"SKU_11","2024-06-21","113","121.67","30"
"SKU_11","2024-06-22","116","121.43","30"
"SKU_11","2024-06-23","107","120.83","30"
"SKU_11","2024-06-24","109","120.73","30"
"SKU_11","2024-06-25","102","119.80","30"
"SKU_11","2024-06-26","95","118.17","30"
"SKU_11","2024-06-27","102","116.90","30"
"SKU_11","2024-06-28","73","115.57","30"
"SKU_11","2024-06-29","108","115.80","30"
"SKU_11","2024-06-30","100","114.80","30"
"SKU_11","2024-07-01","111","114.43","30"
"SKU_11","2024-07-02","106","114.40","30"
"SKU_11","2024-07-03","88","112.23","30"
"SKU_11","2024-07-04","111","112.33","30"
"SKU_11","2024-07-05","95","111.40","30"
"SKU_11","2024-07-06","81","109.60","30"
"SKU_11","2024-07-07","97","108.93","30"
"SKU_11","2024-07-08","104","108.20","30"
"SKU_11","2024-07-09","100","107.10","30"
"SKU_11","2024-07-10","108","106.77","30"
"SKU_11","2024-07-11","97","106.27","30"
"SKU_11","2024-07-12","68","104.37","30"
"SKU_11","2024-07-13","83","102.00","30"
"SKU_11","2024-07-14","65","100.73","30"
"SKU_11","2024-07-15","105","101.00","30"
"SKU_11","2024-07-16","105","100.70","30"
"SKU_11","2024-07-17","80","99.30","30"
"SKU_11","2024-07-18","82","97.90","30"
"SKU_11","2024-07-19","95","97.10","30"
"SKU_11","2024-07-20","87","96.43","30"
"SKU_11","2024-07-21","99","95.97","30"
"SKU_11","2024-07-22","93","95.20","30"
"SKU_11","2024-07-23","87","94.53","30"
"SKU_11","2024-07-24","86","93.77","30"
"SKU_11","2024-07-25","56","92.23","30"
"SKU_11","2024-07-26","97","92.30","30"
"SKU_11","2024-07-27","89","91.87","30"
"SKU_11","2024-07-28","86","92.30","30"
"SKU_11","2024-07-29","97","91.93","30"
"SKU_11","2024-07-30","84","91.40","30"
"SKU_11","2024-07-31","57","89.60","30"
"SKU_11","2024-08-01","76","88.60","30"
"SKU_11","2024-08-02","70","88.00","30"
"SKU_11","2024-08-03","70","86.63","30"
"SKU_11","2024-08-04","85","86.30","30"
"SKU_11","2024-08-05","89","86.57","30"
"SKU_11","2024-08-06","74","85.80","30"
"SKU_11","2024-08-07","69","84.63","30"
"SKU_11","2024-08-08","68","83.57","30"
"SKU_11","2024-08-09","65","82.13","30"
"SKU_11","2024-08-10","94","82.03","30"
"SKU_11","2024-08-11","60","81.77","30"
"SKU_11","2024-08-12","62","81.07","30"
"SKU_11","2024-08-13","60","80.90","30"
"SKU_11","2024-08-14","73","79.83","30"
"SKU_11","2024-08-15","67","78.57","30"
"SKU_11","2024-08-16","75","78.40","30"
"SKU_11","2024-08-17","72","78.07","30"
"SKU_11","2024-08-18","52","76.63","30"
"SKU_11","2024-08-19","43","75.17","30"
"SKU_11","2024-08-20","54","73.67","30"
"SKU_11","2024-08-21","63","72.67","30"
"SKU_11","2024-08-22","70","72.10","30"
"SKU_11","2024-08-23","63","71.33","30"
"SKU_11","2024-08-24","63","71.57","30"
"SKU_11","2024-08-25","65","70.50","30"
"SKU_11","2024-08-26","71","69.90","30"
"SKU_11","2024-08-27","44","68.50","30"
"SKU_11","2024-08-28","76","67.80","30"
"SKU_11","2024-08-29","77","67.57","30"
"SKU_11","2024-08-30","56","67.53","30"
"SKU_11","2024-08-31","51","66.70","30"
"SKU_11","2024-09-01","58","66.30","30"
"SKU_11","2024-09-02","34","65.10","30"
"SKU_11","2024-09-03","36","63.47","30"
"SKU_11","2024-09-04","56","62.37","30"
"SKU_11","2024-09-05","45","61.40","30"
"SKU_11","2024-09-06","52","60.83","30"
"SKU_11","2024-09-07","44","60.03","30"
"SKU_11","2024-09-08","55","59.70","30"
"SKU_11","2024-09-09","60","58.57","30"
"SKU_11","2024-09-10","57","58.47","30"
"SKU_11","2024-09-11","42","57.80","30"
"SKU_11","2024-09-12","46","57.33","30"
"SKU_11","2024-09-13","49","56.53","30"
"SKU_11","2024-09-14","43","55.73","30"
"SKU_11","2024-09-15","43","54.67","30"
"SKU_11","2024-09-16","59","54.23","30"
"SKU_11","2024-09-17","58","54.43","30"
"SKU_11","2024-09-18","35","54.17","30"
"SKU_11","2024-09-19","51","54.07","30"
"SKU_11","2024-09-20","58","53.90","30"
"SKU_11","2024-09-21","48","53.17","30"
"SKU_11","2024-09-22","55","52.90","30"
"SKU_11","2024-09-23","40","52.13","30"
"SKU_11","2024-09-24","42","51.37","30"
"SKU_11","2024-09-25","43","50.43","30"
"SKU_11","2024-09-26","47","50.53","30"
"SKU_11","2024-09-27","53","49.77","30"
"SKU_11","2024-09-28","53","48.97","30"
"SKU_11","2024-09-29","45","48.60","30"
"SKU_11","2024-09-30","29","47.87","30"
"SKU_11","2024-10-01","44","47.40","30"
"SKU_11","2024-10-02","32","47.33","30"
"SKU_11","2024-10-03","42","47.53","30"
"SKU_11","2024-10-04","64","47.80","30"
"SKU_11","2024-10-05","32","47.37","30"
"SKU_11","2024-10-06","65","47.80","30"
"SKU_11","2024-10-07","44","47.80","30"
"SKU_11","2024-10-08","31","47.00","30"
"SKU_11","2024-10-09","53","46.77","30"
"SKU_11","2024-10-10","27","45.77","30"
"SKU_11","2024-10-11","33","45.47","30"
"SKU_11","2024-10-12","42","45.33","30"
"SKU_11","2024-10-13","47","45.27","30"
"SKU_11","2024-10-14","71","46.20","30"
"SKU_11","2024-10-15","83","47.53","30"
"SKU_11","2024-10-16","66","47.77","30"
"SKU_11","2024-10-17","42","47.23","30"
"SKU_11","2024-10-18","65","48.23","30"
"SKU_11","2024-10-19","58","48.47","30"
"SKU_11","2024-10-20","67","48.77","30"
"SKU_11","2024-10-21","48","48.77","30"
"SKU_11","2024-10-22","54","48.73","30"
"SKU_11","2024-10-23","38","48.67","30"
"SKU_11","2024-10-24","54","49.07","30"
"SKU_11","2024-10-25","38","48.90","30"
"SKU_11","2024-10-26","40","48.67","30"
"SKU_11","2024-10-27","47","48.47","30"
"SKU_11","2024-10-28","66","48.90","30"
"SKU_11","2024-10-29","69","49.70","30"
"SKU_11","2024-10-30","47","50.30","30"
"SKU_11","2024-10-31","43","50.27","30"
"SKU_11","2024-11-01","67","51.43","30"
"SKU_11","2024-11-02","35","51.20","30"
"SKU_11","2024-11-03","35","50.23","30"
"SKU_11","2024-11-04","52","50.90","30"
"SKU_11","2024-11-05","70","51.07","30"
"SKU_11","2024-11-06","83","52.37","30"
"SKU_11","2024-11-07","60","53.33","30"
"SKU_11","2024-11-08","48","53.17","30"
"SKU_11","2024-11-09","52","54.00","30"
"SKU_11","2024-11-10","74","55.37","30"
"SKU_11","2024-11-11","55","55.80","30"
"SKU_11","2024-11-12","63","56.33","30"
"SKU_11","2024-11-13","50","55.63","30"
"SKU_11","2024-11-14","61","54.90","30"
"SKU_11","2024-11-15","68","54.97","30"
"SKU_11","2024-11-16","62","55.63","30"
"SKU_11","2024-11-17","68","55.73","30"
"SKU_11","2024-11-18","64","55.93","30"
"SKU_11","2024-11-19","58","55.63","30"
"SKU_11","2024-11-20","60","56.03","30"
"SKU_11","2024-11-21","61","56.27","30"
"SKU_11","2024-11-22","70","57.33","30"
"SKU_11","2024-11-23","86","58.40","30"
"SKU_11","2024-11-24","67","59.37","30"
"SKU_11","2024-11-25","78","60.63","30"
"SKU_11","2024-11-26","87","61.97","30"
"SKU_11","2024-11-27","69","62.07","30"
"SKU_11","2024-11-28","78","62.37","30"
"SKU_11","2024-11-29","56","62.67","30"
"SKU_11","2024-11-30","88","64.17","30"
"SKU_11","2024-12-01","67","64.17","30"
"SKU_11","2024-12-02","78","65.60","30"
"SKU_11","2024-12-03","80","67.10","30"
"SKU_11","2024-12-04","80","68.03","30"
"SKU_11","2024-12-05","85","68.53","30"
"SKU_11","2024-12-06","81","68.47","30"
"SKU_11","2024-12-07","85","69.30","30"
"SKU_11","2024-12-08","96","70.90","30"
"SKU_11","2024-12-09","72","71.57","30"
"SKU_11","2024-12-10","77","71.67","30"
"SKU_11","2024-12-11","82","72.57","30"
"SKU_11","2024-12-12","76","73.00","30"
"SKU_11","2024-12-13","98","74.60","30"
"SKU_11","2024-12-14","78","75.17","30"
"SKU_11","2024-12-15","97","76.13","30"
"SKU_11","2024-12-16","74","76.53","30"
"SKU_11","2024-12-17","103","77.70","30"
"SKU_11","2024-12-18","78","78.17","30"
"SKU_11","2024-12-19","91","79.27","30"
"SKU_11","2024-12-20","95","80.43","30"
"SKU_11","2024-12-21","94","81.53","30"
"SKU_11","2024-12-22","85","82.03","30"
"SKU_11","2024-12-23","131","83.53","30"
"SKU_11","2024-12-24","94","84.43","30"
"SKU_11","2024-12-25","99","85.13","30"
"SKU_11","2024-12-26","87","85.13","30"
"SKU_11","2024-12-27","112","86.57","30"
"SKU_11","2024-12-28","76","86.50","30"
"SKU_11","2024-12-29","84","87.43","30"
"SKU_11","2024-12-30","95","87.67","30"
"SKU_12","2024-01-01","102","102.00","1"
"SKU_12","2024-01-02","100","101.00","2"
"SKU_12","2024-01-03","88","96.67","3"
"SKU_12","2024-01-04","97","96.75","4"
"SKU_12","2024-01-05","112","99.80","5"
"SKU_12","2024-01-06","132","105.17","6"
"SKU_12","2024-01-07","135","109.43","7"
"SKU_12","2024-01-08","103","108.63","8"
"SKU_12","2024-01-09","84","105.89","9"
"SKU_12","2024-01-10","124","107.70","10"
"SKU_12","2024-01-11","92","106.27","11"
"SKU_12","2024-01-12","121","107.50","12"
"SKU_12","2024-01-13","99","106.85","13"
"SKU_12","2024-01-14","113","107.29","14"
"SKU_12","2024-01-15","115","107.80","15"
"SKU_12","2024-01-16","138","109.69","16"
"SKU_12","2024-01-17","132","111.00","17"
"SKU_12","2024-01-18","116","111.28","18"
"SKU_12","2024-01-19","108","111.11","19"
"SKU_12","2024-01-20","122","111.65","20"
"SKU_12","2024-01-21","114","111.76","21"
"SKU_12","2024-01-22","141","113.09","22"
"SKU_12","2024-01-23","134","114.00","23"
"SKU_12","2024-01-24","128","114.58","24"
"SKU_12","2024-01-25","137","115.48","25"
"SKU_12","2024-01-26","115","115.46","26"
"SKU_12","2024-01-27","140","116.37","27"
"SKU_12","2024-01-28","105","115.96","28"
"SKU_12","2024-01-29","109","115.72","29"
"SKU_12","2024-01-30","118","115.80","30"
"SKU_12","2024-01-31","128","116.67","30"
"SKU_12","2024-02-01","118","117.27","30"
"SKU_12","2024-02-02","138","118.93","30"
"SKU_12","2024-02-03","141","120.40","30"
"SKU_12","2024-02-04","149","121.63","30"
"SKU_12","2024-02-05","128","121.50","30"
"SKU_12","2024-02-06","124","121.13","30"
"SKU_12","2024-02-07","132","122.10","30"
"SKU_12","2024-02-08","133","123.73","30"
"SKU_12","2024-02-09","156","124.80","30"
"SKU_12","2024-02-10","150","126.73","30"
"SKU_12","2024-02-11","133","127.13","30"
"SKU_12","2024-02-12","121","127.87","30"
"SKU_12","2024-02-13","146","128.97","30"
"SKU_12","2024-02-14","152","130.20","30"
"SKU_12","2024-02-15","135","130.10","30"
"SKU_12","2024-02-16","127","129.93","30"
"SKU_12","2024-02-17","142","130.80","30"
"SKU_12","2024-02-18","127","131.43","30"
"SKU_12","2024-02-19","147","132.27","30"
"SKU_12","2024-02-20","138","133.07","30"
"SKU_12","2024-02-21","145","133.20","30"
"SKU_12","2024-02-22","139","133.37","30"
"SKU_12","2024-02-23","159","134.40","30"
"SKU_12","2024-02-24","147","134.73","30"
"SKU_12","2024-02-25","142","135.63","30"
"SKU_12","2024-02-26","123","135.07","30"
"SKU_12","2024-02-27","142","136.30","30"
"SKU_12","2024-02-28","132","137.07","30"
"SKU_12","2024-02-29","141","137.83","30"
"SKU_12","2024-03-01","149","138.53","30"
"SKU_12","2024-03-02","145","139.43","30"
"SKU_12","2024-03-03","140","139.50","30"
"SKU_12","2024-03-04","166","140.33","30"
"SKU_12","2024-03-05","165","140.87","30"
"SKU_12","2024-03-06","164","142.07","30"
"SKU_12","2024-03-07","144","142.73","30"
"SKU_12","2024-03-08","166","143.87","30"
"SKU_12","2024-03-09","132","143.83","30"
"SKU_12","2024-03-10","148","143.57","30"
"SKU_12","2024-03-11","142","143.30","30"
"SKU_12","2024-03-12","169","144.50","30"
"SKU_12","2024-03-13","166","146.00","30"
"SKU_12","2024-03-14","155","146.30","30"
"SKU_12","2024-03-15","155","146.40","30"
"SKU_12","2024-03-16","143","146.67","30"
"SKU_12","2024-03-17","168","148.03","30"
"SKU_12","2024-03-18","114","147.10","30"
"SKU_12","2024-03-19","167","148.43","30"
"SKU_12","2024-03-20","159","148.83","30"
"SKU_12","2024-03-21","155","149.40","30"
"SKU_12","2024-03-22","145","149.40","30"
"SKU_12","2024-03-23","151","149.80","30"
"SKU_12","2024-03-24","148","149.43","30"
"SKU_12","2024-03-25","141","149.23","30"
"SKU_12","2024-03-26","136","149.03","30"
"SKU_12","2024-03-27","136","149.47","30"
"SKU_12","2024-03-28","130","149.07","30"
"SKU_12","2024-03-29","157","149.90","30"
"SKU_12","2024-03-30","160","150.53","30"
"SKU_12","2024-03-31","155","150.73","30"
"SKU_12","2024-04-01","151","150.93","30"
"SKU_12","2024-04-02","145","151.10","30"
"SKU_12","2024-04-03","162","150.97","30"
"SKU_12","2024-04-04","147","150.37","30"
"SKU_12","2024-04-05","144","149.70","30"
"SKU_12","2024-04-06","139","149.53","30"
"SKU_12","2024-04-07","144","148.80","30"
"SKU_12","2024-04-08","140","149.07","30"
"SKU_12","2024-04-09","184","150.27","30"
"SKU_12","2024-04-10","135","150.03","30"
"SKU_12","2024-04-11","160","149.73","30"
"SKU_12","2024-04-12","148","149.13","30"
"SKU_12","2024-04-13","165","149.47","30"
"SKU_12","2024-04-14","126","148.50","30"
"SKU_12","2024-04-15","149","148.70","30"
"SKU_12","2024-04-16","173","148.87","30"
"SKU_12","2024-04-17","152","150.13","30"
"SKU_12","2024-04-18","145","149.40","30"
"SKU_12","2024-04-19","131","148.47","30"
"SKU_12","2024-04-20","155","148.47","30"
"SKU_12","2024-04-21","138","148.23","30"
"SKU_12","2024-04-22","148","148.13","30"
"SKU_12","2024-04-23","149","148.17","30"
"SKU_12","2024-04-24","136","148.00","30"
"SKU_12","2024-04-25","133","147.90","30"
"SKU_12","2024-04-26","131","147.73","30"
"SKU_12","2024-04-27","165","148.90","30"
"SKU_12","2024-04-28","164","149.13","30"
"SKU_12","2024-04-29","152","148.87","30"
"SKU_12","2024-04-30","143","148.47","30"
"SKU_12","2024-05-01","145","148.27","30"
"SKU_12","2024-05-02","153","148.53","30"
"SKU_12","2024-05-03","143","147.90","30"
"SKU_12","2024-05-04","158","148.27","30"
"SKU_12","2024-05-05","145","148.30","30"
"SKU_12","2024-05-06","142","148.40","30"
"SKU_12","2024-05-07","168","149.20","30"
"SKU_12","2024-05-08","147","149.43","30"
"SKU_12","2024-05-09","134","147.77","30"
"SKU_12","2024-05-10","137","147.83","30"
"SKU_12","2024-05-11","99","145.80","30"
"SKU_12","2024-05-12","125","145.03","30"
"SKU_12","2024-05-13","165","145.03","30"
"SKU_12","2024-05-14","145","145.67","30"
"SKU_12","2024-05-15","145","145.53","30"
"SKU_12","2024-05-16","135","144.27","30"
"SKU_12","2024-05-17","131","143.57","30"
"SKU_12","2024-05-18","155","143.90","30"
"SKU_12","2024-05-19","132","143.93","30"
"SKU_12","2024-05-20","145","143.60","30"
"SKU_12","2024-05-21","100","142.33","30"
"SKU_12","2024-05-22","120","141.40","30"
"SKU_12","2024-05-23","122","140.50","30"
"SKU_12","2024-05-24","155","141.13","30"
"SKU_12","2024-05-25","142","141.43","30"
"SKU_12","2024-05-26","138","141.67","30"
"SKU_12","2024-05-27","130","140.50","30"
"SKU_12","2024-05-28","125","139.20","30"
"SKU_12","2024-05-29","103","137.57","30"
"SKU_12","2024-05-30","116","136.67","30"
"SKU_12","2024-05-31","119","135.80","30"
"SKU_12","2024-06-01","141","135.40","30"
"SKU_12","2024-06-02","111","134.33","30"
"SKU_12","2024-06-03","104","132.53","30"
"SKU_12","2024-06-04","146","132.57","30"
"SKU_12","2024-06-05","125","132.00","30"
"SKU_12","2024-06-06","139","131.03","30"
"SKU_12","2024-06-07","112","129.87","30"
"SKU_12","2024-06-08","133","129.83","30"
"SKU_12","2024-06-09","102","128.67","30"
"SKU_12","2024-06-10","132","129.77","30"
"SKU_12","2024-06-11","120","129.60","30"
"SKU_12","2024-06-12","103","127.53","30"
"SKU_12","2024-06-13","109","126.33","30"
"SKU_12","2024-06-14","97","124.73","30"
"SKU_12","2024-06-15","103","123.67","30"
"SKU_12","2024-06-16","96","122.50","30"
"SKU_12","2024-06-17","124","121.47","30"
"SKU_12","2024-06-18","115","120.90","30"
"SKU_12","2024-06-19","110","119.73","30"
"SKU_12","2024-06-20","95","119.57","30"
"SKU_12","2024-06-21","95","118.73","30"
"SKU_12","2024-06-22","103","118.10","30"
"SKU_12","2024-06-23","113","116.70","30"
"SKU_12","2024-06-24","113","115.73","30"
"SKU_12","2024-06-25","91","114.17","30"
"SKU_12","2024-06-26","90","112.83","30"
"SKU_12","2024-06-27","96","111.87","30"
"SKU_12","2024-06-28","132","112.83","30"
"SKU_12","2024-06-29","92","112.03","30"
"SKU_12","2024-06-30","103","111.50","30"
"SKU_12","2024-07-01","104","110.27","30"
"SKU_12","2024-07-02","105","110.07","30"
"SKU_12","2024-07-03","111","110.30","30"
"SKU_12","2024-07-04","97","108.67","30"
"SKU_12","2024-07-05","75","107.00","30"
"SKU_12","2024-07-06","63","104.47","30"
"SKU_12","2024-07-07","97","103.97","30"
"SKU_12","2024-07-08","90","102.53","30"
"SKU_12","2024-07-09","100","102.47","30"
"SKU_12","2024-07-10","89","101.03","30"
"SKU_12","2024-07-11","76","99.57","30"
"SKU_12","2024-07-12","106","99.67","30"
"SKU_12","2024-07-13","79","98.67","30"
"SKU_12","2024-07-14","78","98.03","30"
"SKU_12","2024-07-15","81","97.30","30"
"SKU_12","2024-07-16","77","96.67","30"
"SKU_12","2024-07-17","63","94.63","30"
"SKU_12","2024-07-18","101","94.17","30"
"SKU_12","2024-07-19","113","94.27","30"
"SKU_12","2024-07-20","97","94.33","30"
"SKU_12","2024-07-21","88","94.10","30"
"SKU_12","2024-07-22","82","93.40","30"
"SKU_12","2024-07-23","69","91.93","30"
"SKU_12","2024-07-24","97","91.40","30"
"SKU_12","2024-07-25","75","90.87","30"
"SKU_12","2024-07-26","65","90.03","30"
"SKU_12","2024-07-27","59","88.80","30"
"SKU_12","2024-07-28","77","86.97","30"
"SKU_12","2024-07-29","83","86.67","30"
"SKU_12","2024-07-30","69","85.53","30"
"SKU_12","2024-07-31","70","84.40","30"
"SKU_12","2024-08-01","72","83.30","30"
"SKU_12","2024-08-02","87","82.50","30"
"SKU_12","2024-08-03","66","81.47","30"
"SKU_12","2024-08-04","64","81.10","30"
"SKU_12","2024-08-05","53","80.77","30"
"SKU_12","2024-08-06","49","79.17","30"
"SKU_12","2024-08-07","72","78.57","30"
"SKU_12","2024-08-08","79","77.87","30"
"SKU_12","2024-08-09","77","77.47","30"
"SKU_12","2024-08-10","70","77.27","30"
"SKU_12","2024-08-11","46","75.27","30"
"SKU_12","2024-08-12","59","74.60","30"
"SKU_12","2024-08-13","78","74.60","30"
"SKU_12","2024-08-14","59","73.87","30"
"SKU_12","2024-08-15","37","72.53","30"
"SKU_12","2024-08-16","61","72.47","30"
"SKU_12","2024-08-17","47","70.67","30"
"SKU_12","2024-08-18","59","68.87","30"
"SKU_12","2024-08-19","66","67.83","30"
"SKU_12","2024-08-20","61","66.93","30"
"SKU_12","2024-08-21","52","65.93","30"
"SKU_12","2024-08-22","73","66.07","30"
"SKU_12","2024-08-23","69","65.13","30"
"SKU_12","2024-08-24","49","64.27","30"
"SKU_12","2024-08-25","38","63.37","30"
"SKU_12","2024-08-26","67","63.63","30"
"SKU_12","2024-08-27","71","63.43","30"
"SKU_12","2024-08-28","54","62.47","30"
"SKU_12","2024-08-29","69","62.47","30"
"SKU_12","2024-08-30","45","61.63","30"
"SKU_12","2024-08-31","54","61.03","30"
"SKU_12","2024-09-01","58","60.07","30"
"SKU_12","2024-09-02","74","60.33","30"
"SKU_12","2024-09-03","49","59.83","30"
"SKU_12","2024-09-04","38","59.33","30"
"SKU_12","2024-09-05","55","59.53","30"
"SKU_12","2024-09-06","58","59.07","30"
"SKU_12","2024-09-07","52","58.17","30"
"SKU_12","2024-09-08","63","57.70","30"
"SKU_12","2024-09-09","50","57.03","30"
"SKU_12","2024-09-10","33","56.60","30"
"SKU_12","2024-09-11","72","57.03","30"
"SKU_12","2024-09-12","65","56.60","30"
"SKU_12","2024-09-13","55","56.47","30"
"SKU_12","2024-09-14","37","56.47","30"
"SKU_12","2024-09-15","58","56.37","30"
"SKU_12","2024-09-16","42","56.20","30"
"SKU_12","2024-09-17","42","55.63","30"
"SKU_12","2024-09-18","43","54.87","30"
"SKU_12","2024-09-19","55","54.67","30"
"SKU_12","2024-09-20","59","54.90","30"
"SKU_12","2024-09-21","49","54.10","30"
"SKU_12","2024-09-22","44","53.27","30"
"SKU_12","2024-09-23","44","53.10","30"
"SKU_12","2024-09-24","60","53.83","30"
"SKU_12","2024-09-25","43","53.03","30"
"SKU_12","2024-09-26","56","52.53","30"
"SKU_12","2024-09-27","43","52.17","30"
"SKU_12","2024-09-28","76","52.40","30"
"SKU_12","2024-09-29","42","52.30","30"
"SKU_12","2024-09-30","42","51.90","30"
"SKU_12","2024-10-01","36","51.17","30"
"SKU_12","2024-10-02","42","50.10","30"
"SKU_12","2024-10-03","27","49.37","30"
"SKU_12","2024-10-04","48","49.70","30"
"SKU_12","2024-10-05","42","49.27","30"
"SKU_12","2024-10-06","48","48.93","30"
"SKU_12","2024-10-07","24","48.00","30"
"SKU_12","2024-10-08","55","47.73","30"
"SKU_12","2024-10-09","70","48.40","30"
"SKU_12","2024-10-10","36","48.50","30"
"SKU_12","2024-10-11","36","47.30","30"
"SKU_12","2024-10-12","68","47.40","30"
"SKU_12","2024-10-13","35","46.73","30"
"SKU_12","2024-10-14","71","47.87","30"
"SKU_12","2024-10-15","42","47.33","30"
"SKU_12","2024-10-16","48","47.53","30"
"SKU_12","2024-10-17","31","47.17","30"
"SKU_12","2024-10-18","50","47.40","30"
"SKU_12","2024-10-19","58","47.50","30"
"SKU_12","2024-10-20","45","47.03","30"
"SKU_12","2024-10-21","57","47.30","30"
"SKU_12","2024-10-22","28","46.77","30"
"SKU_12","2024-10-23","42","46.70","30"
"SKU_12","2024-10-24","44","46.17","30"
"SKU_12","2024-10-25","83","47.50","30"
"SKU_12","2024-10-26","38","46.90","30"
"SKU_12","2024-10-27","89","48.43","30"
"SKU_12","2024-10-28","63","48.00","30"
"SKU_12","2024-10-29","47","48.17","30"
"SKU_12","2024-10-30","59","48.73","30"
"SKU_12","2024-10-31","54","49.33","30"
"SKU_12","2024-11-01","71","50.30","30"
"SKU_12","2024-11-02","56","51.27","30"
"SKU_12","2024-11-03","48","51.27","30"
"SKU_12","2024-11-04","69","52.17","30"
"SKU_12","2024-11-05","60","52.57","30"
"SKU_12","2024-11-06","56","53.63","30"
"SKU_12","2024-11-07","57","53.70","30"
"SKU_12","2024-11-08","72","53.77","30"
"SKU_12","2024-11-09","66","54.77","30"
"SKU_12","2024-11-10","64","55.70","30"
"SKU_12","2024-11-11","60","55.43","30"
"SKU_12","2024-11-12","62","56.33","30"
"SKU_12","2024-11-13","74","56.43","30"
"SKU_12","2024-11-14","57","56.93","30"
"SKU_12","2024-11-15","68","57.60","30"
"SKU_12","2024-11-16","72","58.97","30"
"SKU_12","2024-11-17","74","59.77","30"
"SKU_12","2024-11-18","69","60.13","30"
"SKU_12","2024-11-19","76","61.17","30"
"SKU_12","2024-11-20","75","61.77","30"
"SKU_12","2024-11-21","111","64.53","30"
"SKU_12","2024-11-22","64","65.27","30"
"SKU_12","2024-11-23","72","66.20","30"
"SKU_12","2024-11-24","97","66.67","30"
"SKU_12","2024-11-25","65","67.57","30"
"SKU_12","2024-11-26","52","66.33","30"
"SKU_12","2024-11-27","73","66.67","30"
"SKU_12","2024-11-28","75","67.60","30"
"SKU_12","2024-11-29","80","68.30","30"
"SKU_12","2024-11-30","88","69.43","30"
"SKU_12","2024-12-01","83","69.83","30"
"SKU_12","2024-12-02","88","70.90","30"
"SKU_12","2024-12-03","73","71.73","30"
"SKU_12","2024-12-04","73","71.87","30"
"SKU_12","2024-12-05","59","71.83","30"
"SKU_12","2024-12-06","90","72.97","30"
"SKU_12","2024-12-07","60","73.07","30"
"SKU_12","2024-12-08","92","73.73","30"
"SKU_12","2024-12-09","95","74.70","30"
"SKU_12","2024-12-10","89","75.53","30"
"SKU_12","2024-12-11","80","76.20","30"
"SKU_12","2024-12-12","119","78.10","30"
"SKU_12","2024-12-13","77","78.20","30"
"SKU_12","2024-12-14","70","78.63","30"
"SKU_12","2024-12-15","82","79.10","30"
"SKU_12","2024-12-16","112","80.43","30"
"SKU_12","2024-12-17","87","80.87","30"
"SKU_12","2024-12-18","100","81.90","30"
"SKU_12","2024-12-19","112","83.10","30"
"SKU_12","2024-12-20","88","83.53","30"
"SKU_12","2024-12-21","109","83.47","30"
"SKU_12","2024-12-22","103","84.77","30"
"SKU_12","2024-12-23","87","85.27","30"
"SKU_12","2024-12-24","89","85.00","30"
"SKU_12","2024-12-25","118","86.77","30"
"SKU_12","2024-12-26","128","89.30","30"
"SKU_12","2024-12-27","112","90.60","30"
"SKU_12","2024-12-28","114","91.90","30"
"SKU_12","2024-12-29","97","92.47","30"
"SKU_12","2024-12-30","115","93.37","30"
"SKU_13","2024-01-01","105","105.00","1"
"SKU_13","2024-01-02","92","98.50","2"
"SKU_13","2024-01-03","108","101.67","3"
"SKU_13","2024-01-04","99","101.00","4"
"SKU_13","2024-01-05","92","99.20","5"
"SKU_13","2024-01-06","92","98.00","6"
"SKU_13","2024-01-07","112","100.00","7"
"SKU_13","2024-01-08","107","100.88","8"
"SKU_13","2024-01-09","85","99.11","9"
"SKU_13","2024-01-10","104","99.60","10"
"SKU_13","2024-01-11","117","101.18","11"
"SKU_13","2024-01-12","97","100.83","12"
"SKU_13","2024-01-13","118","102.15","13"
"SKU_13","2024-01-14","102","102.14","14"
"SKU_13","2024-01-15","115","103.00","15"
"SKU_13","2024-01-16","121","104.13","16"
"SKU_13","2024-01-17","112","104.59","17"
"SKU_13","2024-01-18","117","105.28","18"
"SKU_13","2024-01-19","108","105.42","19"
"SKU_13","2024-01-20","110","105.65","20"
"SKU_13","2024-01-21","113","106.00","21"
"SKU_13","2024-01-22","112","106.27","22"
"SKU_13","2024-01-23","121","106.91","23"
"SKU_13","2024-01-24","121","107.50","24"
"SKU_13","2024-01-25","83","106.52","25"
"SKU_13","2024-01-26","144","107.96","26"
"SKU_13","2024-01-27","128","108.70","27"
"SKU_13","2024-01-28","111","108.79","28"
"SKU_13","2024-01-29","119","109.14","29"
"SKU_13","2024-01-30","124","109.63","30"
"SKU_13","2024-01-31","135","110.63","30"
"SKU_13","2024-02-01","104","111.03","30"
"SKU_13","2024-02-02","143","112.20","30"
"SKU_13","2024-02-03","113","112.67","30"
"SKU_13","2024-02-04","147","114.50","30"
"SKU_13","2024-02-05","138","116.03","30"
"SKU_13","2024-02-06","132","116.70","30"
"SKU_13","2024-02-07","150","118.13","30"
"SKU_13","2024-02-08","118","119.23","30"
"SKU_13","2024-02-09","160","121.10","30"
"SKU_13","2024-02-10","132","121.60","30"
"SKU_13","2024-02-11","107","121.93","30"
"SKU_13","2024-02-12","160","123.33","30"
"SKU_13","2024-02-13","137","124.50","30"
"SKU_13","2024-02-14","158","125.93","30"
"SKU_13","2024-02-15","123","126.00","30"
"SKU_13","2024-02-16","122","126.33","30"
"SKU_13","2024-02-17","150","127.43","30"
"SKU_13","2024-02-18","161","129.20","30"
"SKU_13","2024-02-19","151","130.57","30"
"SKU_13","2024-02-20","132","131.20","30"
"SKU_13","2024-02-21","146","132.33","30"
"SKU_13","2024-02-22","153","133.40","30"
"SKU_13","2024-02-23","133","133.80","30"
"SKU_13","2024-02-24","127","135.27","30"
"SKU_13","2024-02-25","129","134.77","30"
"SKU_13","2024-02-26","134","134.97","30"
"SKU_13","2024-02-27","133","135.70","30"
"SKU_13","2024-02-28","128","136.00","30"
"SKU_13","2024-02-29","147","136.77","30"
"SKU_13","2024-03-01","140","136.93","30"
"SKU_13","2024-03-02","140","138.13","30"
"SKU_13","2024-03-03","135","137.87","30"
"SKU_13","2024-03-04","123","138.20","30"
"SKU_13","2024-03-05","146","138.17","30"
"SKU_13","2024-03-06","145","138.40","30"
"SKU_13","2024-03-07","150","139.00","30"
"SKU_13","2024-03-08","131","138.37","30"
"SKU_13","2024-03-09","153","139.53","30"
"SKU_13","2024-03-10","137","138.77","30"
"SKU_13","2024-03-11","139","139.00","30"
"SKU_13","2024-03-12","164","140.90","30"
"SKU_13","2024-03-13","166","141.10","30"
"SKU_13","2024-03-14","142","141.27","30"
"SKU_13","2024-03-15","139","140.63","30"
"SKU_13","2024-03-16","141","141.23","30"
"SKU_13","2024-03-17","162","142.57","30"
"SKU_13","2024-03-18","158","142.83","30"
"SKU_13","2024-03-19","145","142.30","30"
"SKU_13","2024-03-20","142","142.00","30"
"SKU_13","2024-03-21","179","143.57","30"
"SKU_13","2024-03-22","165","144.20","30"
"SKU_13","2024-03-23","152","144.17","30"
"SKU_13","2024-03-24","154","144.87","30"
"SKU_13","2024-03-25","149","145.60","30"
"SKU_13","2024-03-26","156","146.50","30"
"SKU_13","2024-03-27","146","146.90","30"
"SKU_13","2024-03-28","165","147.97","30"
"SKU_13","2024-03-29","152","148.77","30"
"SKU_13","2024-03-30","180","149.87","30"
"SKU_13","2024-03-31","163","150.63","30"
"SKU_13","2024-04-01","188","152.23","30"
"SKU_13","2024-04-02","155","152.90","30"
"SKU_13","2024-04-03","161","154.17","30"
"SKU_13","2024-04-04","157","154.53","30"
"SKU_13","2024-04-05","148","154.63","30"
"SKU_13","2024-04-06","170","155.30","30"
"SKU_13","2024-04-07","147","155.83","30"
"SKU_13","2024-04-08","145","155.57","30"
"SKU_13","2024-04-09","139","155.63","30"
"SKU_13","2024-04-10","137","155.57","30"
"SKU_13","2024-04-11","155","155.27","30"
"SKU_13","2024-04-12","149","154.70","30"
"SKU_13","2024-04-13","174","155.77","30"
"SKU_13","2024-04-14","167","156.70","30"
"SKU_13","2024-04-15","133","156.43","30"
"SKU_13","2024-04-16","159","156.33","30"
"SKU_13","2024-04-17","149","156.03","30"
"SKU_13","2024-04-18","142","155.93","30"
"SKU_13","2024-04-19","167","156.77","30"
"SKU_13","2024-04-20","133","155.23","30"
"SKU_13","2024-04-21","136","154.27","30"
"SKU_13","2024-04-22","154","154.33","30"
"SKU_13","2024-04-23","139","153.83","30"
"SKU_13","2024-04-24","137","153.43","30"
"SKU_13","2024-04-25","158","153.50","30"
"SKU_13","2024-04-26","147","153.53","30"
"SKU_13","2024-04-27","170","153.70","30"
"SKU_13","2024-04-28","166","154.17","30"
"SKU_13","2024-04-29","132","152.57","30"
"SKU_13","2024-04-30","134","151.60","30"
"SKU_13","2024-05-01","128","149.60","30"
"SKU_13","2024-05-02","147","149.33","30"
"SKU_13","2024-05-03","148","148.90","30"
"SKU_13","2024-05-04","129","147.97","30"
"SKU_13","2024-05-05","138","147.63","30"
"SKU_13","2024-05-06","170","147.63","30"
"SKU_13","2024-05-07","142","147.47","30"
"SKU_13","2024-05-08","159","147.93","30"
"SKU_13","2024-05-09","141","148.00","30"
"SKU_13","2024-05-10","130","147.77","30"
"SKU_13","2024-05-11","141","147.30","30"
"SKU_13","2024-05-12","134","146.80","30"
"SKU_13","2024-05-13","119","144.97","30"
"SKU_13","2024-05-14","143","144.17","30"
"SKU_13","2024-05-15","110","143.40","30"
"SKU_13","2024-05-16","121","142.13","30"
"SKU_13","2024-05-17","153","142.27","30"
"SKU_13","2024-05-18","133","141.97","30"
"SKU_13","2024-05-19","135","140.90","30"
"SKU_13","2024-05-20","137","141.03","30"
"SKU_13","2024-05-21","142","141.23","30"
"SKU_13","2024-05-22","152","141.17","30"
"SKU_13","2024-05-23","147","141.43","30"
"SKU_13","2024-05-24","119","140.83","30"
"SKU_13","2024-05-25","138","140.17","30"
"SKU_13","2024-05-26","119","139.23","30"
"SKU_13","2024-05-27","142","138.30","30"
"SKU_13","2024-05-28","131","137.13","30"
"SKU_13","2024-05-29","115","136.57","30"
"SKU_13","2024-05-30","152","137.17","30"
"SKU_13","2024-05-31","145","137.73","30"
"SKU_13","2024-06-01","135","137.33","30"
"SKU_13","2024-06-02","130","136.73","30"
"SKU_13","2024-06-03","135","136.93","30"
"SKU_13","2024-06-04","121","136.37","30"
"SKU_13","2024-06-05","143","135.47","30"
"SKU_13","2024-06-06","118","134.67","30"
"SKU_13","2024-06-07","132","133.77","30"
"SKU_13","2024-06-08","138","133.67","30"
"SKU_13","2024-06-09","139","133.97","30"
"SKU_13","2024-06-10","133","133.70","30"
"SKU_13","2024-06-11","100","132.57","30"
"SKU_13","2024-06-12","116","132.47","30"
"SKU_13","2024-06-13","116","131.57","30"
"SKU_13","2024-06-14","129","132.20","30"
"SKU_13","2024-06-15","113","131.93","30"
"SKU_13","2024-06-16","126","131.03","30"
"SKU_13","2024-06-17","141","131.30","30"
"SKU_13","2024-06-18","121","130.83","30"
"SKU_13","2024-06-19","108","129.87","30"
"SKU_13","2024-06-20","140","129.80","30"
"SKU_13","2024-06-21","111","128.43","30"
"SKU_13","2024-06-22","118","127.47","30"
"SKU_13","2024-06-23","92","126.57","30"
"SKU_13","2024-06-24","115","125.80","30"
"SKU_13","2024-06-25","97","125.07","30"
"SKU_13","2024-06-26","98","123.60","30"
"SKU_13","2024-06-27","95","122.40","30"
"SKU_13","2024-06-28","113","122.33","30"
"SKU_13","2024-06-29","114","121.07","30"
"SKU_13","2024-06-30","103","119.67","30"
"SKU_13","2024-07-01","93","118.27","30"
"SKU_13","2024-07-02","122","118.00","30"
"SKU_13","2024-07-03","100","116.83","30"
"SKU_13","2024-07-04","94","115.93","30"
"SKU_13","2024-07-05","103","114.60","30"
"SKU_13","2024-07-06","94","113.80","30"
"SKU_13","2024-07-07","75","111.90","30"
"SKU_13","2024-07-08","91","110.33","30"
"SKU_13","2024-07-09","67","107.93","30"
"SKU_13","2024-07-10","90","106.50","30"
"SKU_13","2024-07-11","119","107.13","30"
"SKU_13","2024-07-12","98","106.53","30"
"SKU_13","2024-07-13","72","105.07","30"
"SKU_13","2024-07-14","103","104.20","30"
"SKU_13","2024-07-15","88","103.37","30"
"SKU_13","2024-07-16","105","102.67","30"
"SKU_13","2024-07-17","112","101.70","30"
"SKU_13","2024-07-18","106","101.20","30"
"SKU_13","2024-07-19","93","100.70","30"
"SKU_13","2024-07-20","88","98.97","30"
"SKU_13","2024-07-21","70","97.60","30"
"SKU_13","2024-07-22","81","96.37","30"
"SKU_13","2024-07-23","98","96.57","30"
"SKU_13","2024-07-24","53","94.50","30"
"SKU_13","2024-07-25","68","93.53","30"
"SKU_13","2024-07-26","59","92.23","30"
"SKU_13","2024-07-27","95","92.23","30"
"SKU_13","2024-07-28","73","90.90","30"
"SKU_13","2024-07-29","55","88.93","30"
"SKU_13","2024-07-30","105","89.00","30"
"SKU_13","2024-07-31","75","88.40","30"
"SKU_13","2024-08-01","81","87.03","30"
"SKU_13","2024-08-02","47","85.27","30"
"SKU_13","2024-08-03","67","84.37","30"
"SKU_13","2024-08-04","82","83.67","30"
"SKU_13","2024-08-05","66","82.73","30"
"SKU_13","2024-08-06","65","82.40","30"
"SKU_13","2024-08-07","97","82.60","30"
"SKU_13","2024-08-08","42","81.77","30"
"SKU_13","2024-08-09","73","81.20","30"
"SKU_13","2024-08-10","87","80.13","30"
"SKU_13","2024-08-11","74","79.33","30"
"SKU_13","2024-08-12","64","79.07","30"
"SKU_13","2024-08-13","83","78.40","30"
"SKU_13","2024-08-14","58","77.40","30"
"SKU_13","2024-08-15","70","76.23","30"
"SKU_13","2024-08-16","46","74.03","30"
"SKU_13","2024-08-17","47","72.07","30"
"SKU_13","2024-08-18","50","70.63","30"
"SKU_13","2024-08-19","67","69.93","30"
"SKU_13","2024-08-20","49","69.23","30"
"SKU_13","2024-08-21","59","68.50","30"
"SKU_13","2024-08-22","55","67.07","30"
"SKU_13","2024-08-23","57","67.20","30"
"SKU_13","2024-08-24","67","67.17","30"
"SKU_13","2024-08-25","53","66.97","30"
"SKU_13","2024-08-26","63","65.90","30"
"SKU_13","2024-08-27","63","65.57","30"
"SKU_13","2024-08-28","49","65.37","30"
"SKU_13","2024-08-29","34","63.00","30"
"SKU_13","2024-08-30","59","62.47","30"
"SKU_13","2024-08-31","46","61.30","30"
"SKU_13","2024-09-01","52","61.47","30"
"SKU_13","2024-09-02","41","60.60","30"
"SKU_13","2024-09-03","51","59.57","30"
"SKU_13","2024-09-04","65","59.53","30"
"SKU_13","2024-09-05","52","59.10","30"
"SKU_13","2024-09-06","56","57.73","30"
"SKU_13","2024-09-07","51","58.03","30"
"SKU_13","2024-09-08","31","56.63","30"
"SKU_13","2024-09-09","60","55.73","30"
"SKU_13","2024-09-10","51","54.97","30"
"SKU_13","2024-09-11","57","54.73","30"
"SKU_13","2024-09-12","60","53.97","30"
"SKU_13","2024-09-13","56","53.90","30"
"SKU_13","2024-09-14","54","53.37","30"
"SKU_13","2024-09-15","46","53.37","30"
"SKU_13","2024-09-16","53","53.57","30"
"SKU_13","2024-09-17","70","54.23","30"
"SKU_13","2024-09-18","63","54.10","30"
"SKU_13","2024-09-19","44","53.93","30"
"SKU_13","2024-09-20","40","53.30","30"
"SKU_13","2024-09-21","57","53.37","30"
"SKU_13","2024-09-22","57","53.37","30"
"SKU_13","2024-09-23","48","52.73","30"
"SKU_13","2024-09-24","56","52.83","30"
"SKU_13","2024-09-25","40","52.07","30"
"SKU_13","2024-09-26","68","52.23","30"
"SKU_13","2024-09-27","45","52.10","30"
"SKU_13","2024-09-28","52","52.70","30"
"SKU_13","2024-09-29","38","52.00","30"
"SKU_13","2024-09-30","68","52.73","30"
"SKU_13","2024-10-01","57","52.90","30"
"SKU_13","2024-10-02","65","53.70","30"
"SKU_13","2024-10-03","54","53.80","30"
"SKU_13","2024-10-04","55","53.47","30"
"SKU_13","2024-10-05","51","53.43","30"
"SKU_13","2024-10-06","46","53.10","30"
"SKU_13","2024-10-07","47","52.97","30"
"SKU_13","2024-10-08","75","54.43","30"
"SKU_13","2024-10-09","49","54.07","30"
"SKU_13","2024-10-10","60","54.37","30"
"SKU_13","2024-10-11","61","54.50","30"
"SKU_13","2024-10-12","57","54.40","30"
"SKU_13","2024-10-13","46","54.07","30"
"SKU_13","2024-10-14","43","53.70","30"
"SKU_13","2024-10-15","56","54.03","30"
"SKU_13","2024-10-16","54","54.07","30"
"SKU_13","2024-10-17","44","53.20","30"
"SKU_13","2024-10-18","47","52.67","30"
"SKU_13","2024-10-19","52","52.93","30"
"SKU_13","2024-10-20","42","53.00","30"
"SKU_13","2024-10-21","43","52.53","30"
"SKU_13","2024-10-22","65","52.80","30"
"SKU_13","2024-10-23","56","53.07","30"
"SKU_13","2024-10-24","43","52.63","30"
"SKU_13","2024-10-25","54","53.10","30"
"SKU_13","2024-10-26","49","52.47","30"
"SKU_13","2024-10-27","58","52.90","30"
"SKU_13","2024-10-28","60","53.17","30"
"SKU_13","2024-10-29","56","53.77","30"
"SKU_13","2024-10-30","65","53.67","30"
"SKU_13","2024-10-31","67","54.00","30"
"SKU_13","2024-11-01","67","54.07","30"
"SKU_13","2024-11-02","55","54.10","30"
"SKU_13","2024-11-03","46","53.80","30"
"SKU_13","2024-11-04","43","53.53","30"
"SKU_13","2024-11-05","67","54.23","30"
"SKU_13","2024-11-06","71","55.03","30"
"SKU_13","2024-11-07","51","54.23","30"
"SKU_13","2024-11-08","73","55.03","30"
"SKU_13","2024-11-09","58","54.97","30"
"SKU_13","2024-11-10","61","54.97","30"
"SKU_13","2024-11-11","62","55.13","30"
"SKU_13","2024-11-12","52","55.33","30"
"SKU_13","2024-11-13","52","55.63","30"
"SKU_13","2024-11-14","56","55.63","30"
"SKU_13","2024-11-15","56","55.70","30"
"SKU_13","2024-11-16","65","56.40","30"
"SKU_13","2024-11-17","42","56.23","30"
"SKU_13","2024-11-18","66","56.70","30"
"SKU_13","2024-11-19","83","58.07","30"
"SKU_13","2024-11-20","73","59.07","30"
"SKU_13","2024-11-21","62","58.97","30"
"SKU_13","2024-11-22","65","59.27","30"
"SKU_13","2024-11-23","76","60.37","30"
"SKU_13","2024-11-24","62","60.63","30"
"SKU_13","2024-11-25","76","61.53","30"
"SKU_13","2024-11-26","73","62.03","30"
"SKU_13","2024-11-27","49","61.67","30"
"SKU_13","2024-11-28","79","62.43","30"
"SKU_13","2024-11-29","57","62.17","30"
"SKU_13","2024-11-30","70","62.27","30"
"SKU_13","2024-12-01","52","61.77","30"
"SKU_13","2024-12-02","87","62.83","30"
"SKU_13","2024-12-03","87","64.20","30"
"SKU_13","2024-12-04","91","65.80","30"
"SKU_13","2024-12-05","85","66.40","30"
"SKU_13","2024-12-06","100","67.37","30"
"SKU_13","2024-12-07","90","68.67","30"
"SKU_13","2024-12-08","87","69.13","30"
"SKU_13","2024-12-09","91","70.23","30"
"SKU_13","2024-12-10","85","71.03","30"
"SKU_13","2024-12-11","55","70.80","30"
"SKU_13","2024-12-12","82","71.80","30"
"SKU_13","2024-12-13","80","72.73","30"
"SKU_13","2024-12-14","93","73.97","30"
"SKU_13","2024-12-15","80","74.77","30"
"SKU_13","2024-12-16","92","75.67","30"
"SKU_13","2024-12-17","86","77.13","30"
"SKU_13","2024-12-18","93","78.03","30"
"SKU_13","2024-12-19","98","78.53","30"
"SKU_13","2024-12-20","109","79.73","30"
"SKU_13","2024-12-21","83","80.43","30"
"SKU_13","2024-12-22","88","81.20","30"
"SKU_13","2024-12-23","110","82.33","30"
"SKU_13","2024-12-24","85","83.10","30"
"SKU_13","2024-12-25","94","83.70","30"
"SKU_13","2024-12-26","114","85.07","30"
"SKU_13","2024-12-27","97","86.67","30"
"SKU_13","2024-12-28","109","87.67","30"
"SKU_13","2024-12-29","81","88.47","30"
"SKU_13","2024-12-30","90","89.13","30"
"SKU_14","2024-01-01","126","126.00","1"
"SKU_14","2024-01-02","88","107.00","2"
"SKU_14","2024-01-03","123","112.33","3"
"SKU_14","2024-01-04","112","112.25","4"
"SKU_14","2024-01-05","97","109.20","5"
"SKU_14","2024-01-06","107","108.83","6"
"SKU_14","2024-01-07","115","109.71","7"
"SKU_14","2024-01-08","101","108.63","8"
"SKU_14","2024-01-09","91","106.67","9"
"SKU_14","2024-01-10","125","108.50","10"
"SKU_14","2024-01-11","90","106.82","11"
"SKU_14","2024-01-12","117","107.67","12"
"SKU_14","2024-01-13","105","107.46","13"
"SKU_14","2024-01-14","103","107.14","14"
"SKU_14","2024-01-15","107","107.13","15"
"SKU_14","2024-01-16","110","107.31","16"
"SKU_14","2024-01-17","109","107.41","17"
"SKU_14","2024-01-18","144","109.44","18"
"SKU_14","2024-01-19","107","109.32","19"
"SKU_14","2024-01-20","119","109.80","20"
"SKU_14","2024-01-21","114","110.00","21"
"SKU_14","2024-01-22","107","109.86","22"
"SKU_14","2024-01-23","122","110.39","23"
"SKU_14","2024-01-24","121","110.83","24"
"SKU_14","2024-01-25","131","111.64","25"
"SKU_14","2024-01-26","117","111.85","26"
"SKU_14","2024-01-27","125","112.33","27"
"SKU_14","2024-01-28","152","113.75","28"
"SKU_14","2024-01-29","120","113.97","29"
"SKU_14","2024-01-30","122","114.23","30"
"SKU_14","2024-01-31","153","115.13","30"
"SKU_14","2024-02-01","115","116.03","30"
"SKU_14","2024-02-02","139","116.57","30"
"SKU_14","2024-02-03","127","117.07","30"
"SKU_14","2024-02-04","124","117.97","30"
"SKU_14","2024-02-05","131","118.77","30"
"SKU_14","2024-02-06","105","118.43","30"
"SKU_14","2024-02-07","127","119.30","30"
"SKU_14","2024-02-08","157","121.50","30"
"SKU_14","2024-02-09","121","121.37","30"
"SKU_14","2024-02-10","140","123.03","30"
"SKU_14","2024-02-11","134","123.60","30"
"SKU_14","2024-02-12","148","125.03","30"
"SKU_14","2024-02-13","148","126.53","30"
"SKU_14","2024-02-14","123","127.07","30"
"SKU_14","2024-02-15","115","127.23","30"
"SKU_14","2024-02-16","155","128.77","30"
"SKU_14","2024-02-17","143","128.73","30"
"SKU_14","2024-02-18","147","130.07","30"
"SKU_14","2024-02-19","167","131.67","30"
"SKU_14","2024-02-20","135","132.37","30"
"SKU_14","2024-02-21","148","133.73","30"
"SKU_14","2024-02-22","160","135.00","30"
"SKU_14","2024-02-23","154","136.10","30"
"SKU_14","2024-02-24","139","136.37","30"
"SKU_14","2024-02-25","124","136.60","30"
"SKU_14","2024-02-26","138","137.03","30"
"SKU_14","2024-02-27","144","136.77","30"
"SKU_14","2024-02-28","170","138.43","30"
"SKU_14","2024-02-29","146","139.23","30"
"SKU_14","2024-03-01","160","139.47","30"
"SKU_14","2024-03-02","145","140.47","30"
"SKU_14","2024-03-03","144","140.63","30"
"SKU_14","2024-03-04","146","141.27","30"
"SKU_14","2024-03-05","155","142.30","30"
"SKU_14","2024-03-06","147","142.83","30"
"SKU_14","2024-03-07","162","144.73","30"
"SKU_14","2024-03-08","145","145.33","30"
"SKU_14","2024-03-09","137","144.67","30"
"SKU_14","2024-03-10","160","145.97","30"
"SKU_14","2024-03-11","141","146.00","30"
"SKU_14","2024-03-12","159","146.83","30"
"SKU_14","2024-03-13","154","147.03","30"
"SKU_14","2024-03-14","157","147.33","30"
"SKU_14","2024-03-15","128","147.50","30"
"SKU_14","2024-03-16","154","148.80","30"
"SKU_14","2024-03-17","167","149.20","30"
"SKU_14","2024-03-18","135","148.93","30"
"SKU_14","2024-03-19","156","149.23","30"
"SKU_14","2024-03-20","159","148.97","30"
"SKU_14","2024-03-21","144","149.27","30"
"SKU_14","2024-03-22","152","149.40","30"
"SKU_14","2024-03-23","149","149.03","30"
"SKU_14","2024-03-24","143","148.67","30"
"SKU_14","2024-03-25","147","148.93","30"
"SKU_14","2024-03-26","150","149.80","30"
"SKU_14","2024-03-27","165","150.70","30"
"SKU_14","2024-03-28","155","151.07","30"
"SKU_14","2024-03-29","178","151.33","30"
"SKU_14","2024-03-30","143","151.23","30"
"SKU_14","2024-03-31","155","151.07","30"
"SKU_14","2024-04-01","146","151.10","30"
"SKU_14","2024-04-02","163","151.73","30"
"SKU_14","2024-04-03","152","151.93","30"
"SKU_14","2024-04-04","139","151.40","30"
"SKU_14","2024-04-05","117","150.40","30"
"SKU_14","2024-04-06","151","150.03","30"
"SKU_14","2024-04-07","144","150.00","30"
"SKU_14","2024-04-08","150","150.43","30"
"SKU_14","2024-04-09","151","150.13","30"
"SKU_14","2024-04-10","158","150.70","30"
"SKU_14","2024-04-11","138","150.00","30"
"SKU_14","2024-04-12","145","149.70","30"
"SKU_14","2024-04-13","150","149.47","30"
"SKU_14","2024-04-14","189","151.50","30"
"SKU_14","2024-04-15","125","150.53","30"
"SKU_14","2024-04-16","113","148.73","30"
"SKU_14","2024-04-17","147","149.13","30"
"SKU_14","2024-04-18","150","148.93","30"
"SKU_14","2024-04-19","159","148.93","30"
"SKU_14","2024-04-20","144","148.93","30"
"SKU_14","2024-04-21","146","148.73","30"
"SKU_14","2024-04-22","160","149.10","30"
"SKU_14","2024-04-23","145","149.17","30"
"SKU_14","2024-04-24","137","148.83","30"
"SKU_14","2024-04-25","152","148.90","30"
"SKU_14","2024-04-26","123","147.50","30"
"SKU_14","2024-04-27","124","146.47","30"
"SKU_14","2024-04-28","154","145.67","30"
"SKU_14","2024-04-29","132","145.30","30"
"SKU_14","2024-04-30","170","145.80","30"
"SKU_14","2024-05-01","135","145.43","30"
"SKU_14","2024-05-02","134","144.47","30"
"SKU_14","2024-05-03","141","144.10","30"
"SKU_14","2024-05-04","100","142.80","30"
"SKU_14","2024-05-05","142","143.63","30"
"SKU_14","2024-05-06","158","143.87","30"
"SKU_14","2024-05-07","156","144.27","30"
"SKU_14","2024-05-08","117","143.17","30"
"SKU_14","2024-05-09","137","142.70","30"
"SKU_14","2024-05-10","142","142.17","30"
"SKU_14","2024-05-11","149","142.53","30"
"SKU_14","2024-05-12","148","142.63","30"
"SKU_14","2024-05-13","152","142.70","30"
"SKU_14","2024-05-14","153","141.50","30"
"SKU_14","2024-05-15","140","142.00","30"
"SKU_14","2024-05-16","124","142.37","30"
"SKU_14","2024-05-17","135","141.97","30"
"SKU_14","2024-05-18","146","141.83","30"
"SKU_14","2024-05-19","129","140.83","30"
"SKU_14","2024-05-20","119","140.00","30"
"SKU_14","2024-05-21","125","139.30","30"
"SKU_14","2024-05-22","129","138.27","30"
"SKU_14","2024-05-23","128","137.70","30"
"SKU_14","2024-05-24","137","137.70","30"
"SKU_14","2024-05-25","132","137.03","30"
"SKU_14","2024-05-26","135","137.43","30"
"SKU_14","2024-05-27","113","137.07","30"
"SKU_14","2024-05-28","131","136.30","30"
"SKU_14","2024-05-29","126","136.10","30"
"SKU_14","2024-05-30","107","134.00","30"
"SKU_14","2024-05-31","147","134.40","30"
"SKU_14","2024-06-01","112","133.67","30"
"SKU_14","2024-06-02","114","132.77","30"
"SKU_14","2024-06-03","139","134.07","30"
"SKU_14","2024-06-04","126","133.53","30"
"SKU_14","2024-06-05","133","132.70","30"
"SKU_14","2024-06-06","127","131.73","30"
"SKU_14","2024-06-07","156","133.03","30"
"SKU_14","2024-06-08","113","132.23","30"
"SKU_14","2024-06-09","119","131.47","30"
"SKU_14","2024-06-10","105","130.00","30"
"SKU_14","2024-06-11","127","129.30","30"
"SKU_14","2024-06-12","131","128.60","30"
"SKU_14","2024-06-13","143","128.27","30"
"SKU_14","2024-06-14","114","127.40","30"
"SKU_14","2024-06-15","117","127.17","30"
"SKU_14","2024-06-16","122","126.73","30"
"SKU_14","2024-06-17","96","125.07","30"
"SKU_14","2024-06-18","99","124.07","30"
"SKU_14","2024-06-19","93","123.20","30"
"SKU_14","2024-06-20","109","122.67","30"
"SKU_14","2024-06-21","118","122.30","30"
"SKU_14","2024-06-22","86","120.90","30"
"SKU_14","2024-06-23","109","119.97","30"
"SKU_14","2024-06-24","106","119.10","30"
"SKU_14","2024-06-25","113","118.37","30"
"SKU_14","2024-06-26","106","118.13","30"
"SKU_14","2024-06-27","95","116.93","30"
"SKU_14","2024-06-28","104","116.20","30"
"SKU_14","2024-06-29","107","116.20","30"
"SKU_14","2024-06-30","98","114.57","30"
"SKU_14","2024-07-01","101","114.20","30"
"SKU_14","2024-07-02","84","113.20","30"
"SKU_14","2024-07-03","108","112.17","30"
"SKU_14","2024-07-04","101","111.33","30"
"SKU_14","2024-07-05","102","110.30","30"
"SKU_14","2024-07-06","112","109.80","30"
"SKU_14","2024-07-07","83","107.37","30"
"SKU_14","2024-07-08","99","106.90","30"
"SKU_14","2024-07-09","95","106.10","30"
"SKU_14","2024-07-10","112","106.33","30"
"SKU_14","2024-07-11","91","105.13","30"
"SKU_14","2024-07-12","99","104.07","30"
"SKU_14","2024-07-13","92","102.37","30"
"SKU_14","2024-07-14","82","101.30","30"
"SKU_14","2024-07-15","94","100.53","30"
"SKU_14","2024-07-16","65","98.63","30"
"SKU_14","2024-07-17","79","98.07","30"
"SKU_14","2024-07-18","86","97.63","30"
"SKU_14","2024-07-19","56","96.40","30"
"SKU_14","2024-07-20","95","95.93","30"
"SKU_14","2024-07-21","80","94.67","30"
"SKU_14","2024-07-22","89","94.77","30"
"SKU_14","2024-07-23","71","93.50","30"
"SKU_14","2024-07-24","89","92.93","30"
"SKU_14","2024-07-25","56","91.03","30"
"SKU_14","2024-07-26","80","90.17","30"
"SKU_14","2024-07-27","70","89.33","30"
"SKU_14","2024-07-28","51","87.57","30"
"SKU_14","2024-07-29","71","86.37","30"
"SKU_14","2024-07-30","80","85.77","30"
"SKU_14","2024-07-31","61","84.43","30"
"SKU_14","2024-08-01","89","84.60","30"
"SKU_14","2024-08-02","51","82.70","30"
"SKU_14","2024-08-03","82","82.07","30"
"SKU_14","2024-08-04","69","80.97","30"
"SKU_14","2024-08-05","63","79.33","30"
"SKU_14","2024-08-06","79","79.20","30"
"SKU_14","2024-08-07","73","78.33","30"
"SKU_14","2024-08-08","79","77.80","30"
"SKU_14","2024-08-09","41","75.43","30"
"SKU_14","2024-08-10","61","74.43","30"
"SKU_14","2024-08-11","83","73.90","30"
"SKU_14","2024-08-12","70","73.17","30"
"SKU_14","2024-08-13","64","72.57","30"
"SKU_14","2024-08-14","60","71.43","30"
"SKU_14","2024-08-15","70","71.60","30"
"SKU_14","2024-08-16","66","71.17","30"
"SKU_14","2024-08-17","65","70.47","30"
"SKU_14","2024-08-18","49","70.23","30"
"SKU_14","2024-08-19","67","69.30","30"
"SKU_14","2024-08-20","75","69.13","30"
"SKU_14","2024-08-21","57","68.07","30"
"SKU_14","2024-08-22","52","67.43","30"
"SKU_14","2024-08-23","54","66.27","30"
"SKU_14","2024-08-24","67","66.63","30"
"SKU_14","2024-08-25","74","66.43","30"
"SKU_14","2024-08-26","35","65.27","30"
"SKU_14","2024-08-27","64","65.70","30"
"SKU_14","2024-08-28","48","64.93","30"
"SKU_14","2024-08-29","66","64.47","30"
"SKU_14","2024-08-30","55","64.27","30"
"SKU_14","2024-08-31","50","62.97","30"
"SKU_14","2024-09-01","62","63.33","30"
"SKU_14","2024-09-02","42","62.00","30"
"SKU_14","2024-09-03","64","61.83","30"
"SKU_14","2024-09-04","47","61.30","30"
"SKU_14","2024-09-05","50","60.33","30"
"SKU_14","2024-09-06","54","59.70","30"
"SKU_14","2024-09-07","56","58.93","30"
"SKU_14","2024-09-08","48","59.17","30"
"SKU_14","2024-09-09","70","59.47","30"
"SKU_14","2024-09-10","40","58.03","30"
"SKU_14","2024-09-11","51","57.40","30"
"SKU_14","2024-09-12","40","56.60","30"
"SKU_14","2024-09-13","63","56.70","30"
"SKU_14","2024-09-14","42","55.77","30"
"SKU_14","2024-09-15","68","55.83","30"
"SKU_14","2024-09-16","37","54.90","30"
"SKU_14","2024-09-17","48","54.87","30"
"SKU_14","2024-09-18","37","53.87","30"
"SKU_14","2024-09-19","44","52.83","30"
"SKU_14","2024-09-20","49","52.57","30"
"SKU_14","2024-09-21","52","52.57","30"
"SKU_14","2024-09-22","60","52.77","30"
"SKU_14","2024-09-23","44","52.00","30"
"SKU_14","2024-09-24","56","51.40","30"
"SKU_14","2024-09-25","51","51.93","30"
"SKU_14","2024-09-26","50","51.47","30"
"SKU_14","2024-09-27","64","52.00","30"
"SKU_14","2024-09-28","28","50.73","30"
"SKU_14","2024-09-29","39","50.20","30"
"SKU_14","2024-09-30","64","50.67","30"
"SKU_14","2024-10-01","56","50.47","30"
"SKU_14","2024-10-02","62","51.13","30"
"SKU_14","2024-10-03","49","50.63","30"
"SKU_14","2024-10-04","62","51.13","30"
"SKU_14","2024-10-05","58","51.40","30"
"SKU_14","2024-10-06","77","52.17","30"
"SKU_14","2024-10-07","43","51.73","30"
"SKU_14","2024-10-08","21","50.83","30"
"SKU_14","2024-10-09","52","50.23","30"
"SKU_14","2024-10-10","47","50.47","30"
"SKU_14","2024-10-11","62","50.83","30"
"SKU_14","2024-10-12","34","50.63","30"
"SKU_14","2024-10-13","46","50.07","30"
"SKU_14","2024-10-14","43","50.10","30"
"SKU_14","2024-10-15","26","48.70","30"
"SKU_14","2024-10-16","46","49.00","30"
"SKU_14","2024-10-17","55","49.23","30"
"SKU_14","2024-10-18","47","49.57","30"
"SKU_14","2024-10-19","57","50.00","30"
"SKU_14","2024-10-20","38","49.63","30"
"SKU_14","2024-10-21","51","49.60","30"
"SKU_14","2024-10-22","50","49.27","30"
"SKU_14","2024-10-23","65","49.97","30"
"SKU_14","2024-10-24","56","49.97","30"
"SKU_14","2024-10-25","54","50.07","30"
"SKU_14","2024-10-26","37","49.63","30"
"SKU_14","2024-10-27","50","49.17","30"
"SKU_14","2024-10-28","56","50.10","30"
"SKU_14","2024-10-29","52","50.53","30"
"SKU_14","2024-10-30","19","49.03","30"
"SKU_14","2024-10-31","53","48.93","30"
"SKU_14","2024-11-01","56","48.73","30"
"SKU_14","2024-11-02","52","48.83","30"
"SKU_14","2024-11-03","78","49.37","30"
"SKU_14","2024-11-04","51","49.13","30"
"SKU_14","2024-11-05","45","48.07","30"
"SKU_14","2024-11-06","41","48.00","30"
"SKU_14","2024-11-07","66","49.50","30"
"SKU_14","2024-11-08","57","49.67","30"
"SKU_14","2024-11-09","62","50.17","30"
"SKU_14","2024-11-10","47","49.67","30"
"SKU_14","2024-11-11","70","50.87","30"
"SKU_14","2024-11-12","63","51.43","30"
"SKU_14","2024-11-13","60","52.00","30"
"SKU_14","2024-11-14","63","53.23","30"
"SKU_14","2024-11-15","79","54.33","30"
"SKU_14","2024-11-16","80","55.17","30"
"SKU_14","2024-11-17","77","56.17","30"
"SKU_14","2024-11-18","77","56.83","30"
"SKU_14","2024-11-19","62","57.63","30"
"SKU_14","2024-11-20","90","58.93","30"
"SKU_14","2024-11-21","66","59.47","30"
"SKU_14","2024-11-22","82","60.03","30"
"SKU_14","2024-11-23","54","59.97","30"
"SKU_14","2024-11-24","77","60.73","30"
"SKU_14","2024-11-25","60","61.50","30"
"SKU_14","2024-11-26","67","62.07","30"
"SKU_14","2024-11-27","65","62.37","30"
"SKU_14","2024-11-28","80","63.30","30"
"SKU_14","2024-11-29","115","66.50","30"
"SKU_14","2024-11-30","77","67.30","30"
"SKU_14","2024-12-01","104","68.90","30"
"SKU_14","2024-12-02","91","70.20","30"
"SKU_14","2024-12-03","63","69.70","30"
"SKU_14","2024-12-04","77","70.57","30"
"SKU_14","2024-12-05","81","71.77","30"
"SKU_14","2024-12-06","72","72.80","30"
"SKU_14","2024-12-07","78","73.20","30"
"SKU_14","2024-12-08","74","73.77","30"
"SKU_14","2024-12-09","90","74.70","30"
"SKU_14","2024-12-10","84","75.93","30"
"SKU_14","2024-12-11","95","76.77","30"
"SKU_14","2024-12-12","103","78.10","30"
"SKU_14","2024-12-13","80","78.77","30"
"SKU_14","2024-12-14","100","80.00","30"
"SKU_14","2024-12-15","84","80.17","30"
"SKU_14","2024-12-16","103","80.93","30"
"SKU_14","2024-12-17","99","81.67","30"
"SKU_14","2024-12-18","80","81.77","30"
"SKU_14","2024-12-19","95","82.87","30"
"SKU_14","2024-12-20","85","82.70","30"
"SKU_14","2024-12-21","96","83.70","30"
"SKU_14","2024-12-22","106","84.50","30"
"SKU_14","2024-12-23","83","85.47","30"
"SKU_14","2024-12-24","76","85.43","30"
"SKU_14","2024-12-25","77","86.00","30"
"SKU_14","2024-12-26","75","86.27","30"
"SKU_14","2024-12-27","96","87.30","30"
"SKU_14","2024-12-28","99","87.93","30"
"SKU_14","2024-12-29","90","87.10","30"
"SKU_14","2024-12-30","100","87.87","30"
"SKU_15","2024-01-01","102","102.00","1"
"SKU_15","2024-01-02","91","96.50","2"
"SKU_15","2024-01-03","112","101.67","3"
"SKU_15","2024-01-04","99","101.00","4"
"SKU_15","2024-01-05","94","99.60","5"
"SKU_15","2024-01-06","98","99.33","6"
"SKU_15","2024-01-07","136","104.57","7"
"SKU_15","2024-01-08","101","104.13","8"
"SKU_15","2024-01-09","90","102.56","9"
"SKU_15","2024-01-10","104","102.70","10"
"SKU_15","2024-01-11","130","105.18","11"
"SKU_15","2024-01-12","109","105.50","12"
"SKU_15","2024-01-13","112","106.00","13"
"SKU_15","2024-01-14","136","108.14","14"
"SKU_15","2024-01-15","114","108.53","15"
"SKU_15","2024-01-16","98","107.88","16"
"SKU_15","2024-01-17","121","108.65","17"
"SKU_15","2024-01-18","112","108.83","18"
"SKU_15","2024-01-19","126","109.74","19"
"SKU_15","2024-01-20","139","111.20","20"
"SKU_15","2024-01-21","123","111.76","21"
"SKU_15","2024-01-22","101","111.27","22"
"SKU_15","2024-01-23","118","111.57","23"
"SKU_15","2024-01-24","126","112.17","24"
"SKU_15","2024-01-25","145","113.48","25"
"SKU_15","2024-01-26","143","114.62","26"
"SKU_15","2024-01-27","134","115.33","27"
"SKU_15","2024-01-28","117","115.39","28"
"SKU_15","2024-01-29","124","115.69","29"
"SKU_15","2024-01-30","130","116.17","30"
"SKU_15","2024-01-31","113","116.53","30"
"SKU_15","2024-02-01","126","117.70","30"
"SKU_15","2024-02-02","115","117.80","30"
"SKU_15","2024-02-03","146","119.37","30"
"SKU_15","2024-02-04","128","120.50","30"
"SKU_15","2024-02-05","119","121.20","30"
"SKU_15","2024-02-06","131","121.03","30"
"SKU_15","2024-02-07","139","122.30","30"
"SKU_15","2024-02-08","141","124.00","30"
"SKU_15","2024-02-09","150","125.53","30"
"SKU_15","2024-02-10","146","126.07","30"
"SKU_15","2024-02-11","122","126.50","30"
"SKU_15","2024-02-12","122","126.83","30"
"SKU_15","2024-02-13","111","126.00","30"
"SKU_15","2024-02-14","171","127.90","30"
"SKU_15","2024-02-15","122","128.70","30"
"SKU_15","2024-02-16","134","129.13","30"
"SKU_15","2024-02-17","124","129.53","30"
"SKU_15","2024-02-18","127","129.57","30"
"SKU_15","2024-02-19","150","129.93","30"
"SKU_15","2024-02-20","151","130.87","30"
"SKU_15","2024-02-21","148","132.43","30"
"SKU_15","2024-02-22","142","133.23","30"
"SKU_15","2024-02-23","135","133.53","30"
"SKU_15","2024-02-24","123","132.80","30"
"SKU_15","2024-02-25","142","132.77","30"
"SKU_15","2024-02-26","157","133.53","30"
"SKU_15","2024-02-27","156","134.83","30"
"SKU_15","2024-02-28","138","135.30","30"
"SKU_15","2024-02-29","147","135.87","30"
"SKU_15","2024-03-01","151","137.13","30"
"SKU_15","2024-03-02","156","138.13","30"
"SKU_15","2024-03-03","164","139.77","30"
"SKU_15","2024-03-04","175","140.73","30"
"SKU_15","2024-03-05","125","140.63","30"
"SKU_15","2024-03-06","151","141.70","30"
"SKU_15","2024-03-07","142","142.07","30"
"SKU_15","2024-03-08","156","142.63","30"
"SKU_15","2024-03-09","155","143.10","30"
"SKU_15","2024-03-10","131","142.47","30"
"SKU_15","2024-03-11","174","143.40","30"
"SKU_15","2024-03-12","158","144.60","30"
"SKU_15","2024-03-13","138","145.13","30"
"SKU_15","2024-03-14","121","145.47","30"
"SKU_15","2024-03-15","151","144.80","30"
"SKU_15","2024-03-16","146","145.60","30"
"SKU_15","2024-03-17","151","146.17","30"
"SKU_15","2024-03-18","148","146.97","30"
"SKU_15","2024-03-19","125","146.90","30"
"SKU_15","2024-03-20","160","147.23","30"
"SKU_15","2024-03-21","140","146.87","30"
"SKU_15","2024-03-22","171","147.63","30"
"SKU_15","2024-03-23","155","148.07","30"
"SKU_15","2024-03-24","144","148.37","30"
"SKU_15","2024-03-25","169","149.90","30"
"SKU_15","2024-03-26","133","149.60","30"
"SKU_15","2024-03-27","155","149.53","30"
"SKU_15","2024-03-28","138","148.93","30"
"SKU_15","2024-03-29","129","148.63","30"
"SKU_15","2024-03-30","161","149.10","30"
"SKU_15","2024-03-31","138","148.67","30"
"SKU_15","2024-04-01","153","148.57","30"
"SKU_15","2024-04-02","142","147.83","30"
"SKU_15","2024-04-03","164","147.47","30"
"SKU_15","2024-04-04","139","147.93","30"
"SKU_15","2024-04-05","139","147.53","30"
"SKU_15","2024-04-06","133","147.23","30"
"SKU_15","2024-04-07","160","147.37","30"
"SKU_15","2024-04-08","154","147.33","30"
"SKU_15","2024-04-09","149","147.93","30"
"SKU_15","2024-04-10","143","146.90","30"
"SKU_15","2024-04-11","155","146.80","30"
"SKU_15","2024-04-12","152","147.27","30"
"SKU_15","2024-04-13","149","148.20","30"
"SKU_15","2024-04-14","143","147.93","30"
"SKU_15","2024-04-15","136","147.60","30"
"SKU_15","2024-04-16","135","147.07","30"
"SKU_15","2024-04-17","142","146.87","30"
"SKU_15","2024-04-18","164","148.17","30"
"SKU_15","2024-04-19","145","147.67","30"
"SKU_15","2024-04-20","128","147.27","30"
"SKU_15","2024-04-21","149","146.53","30"
"SKU_15","2024-04-22","150","146.37","30"
"SKU_15","2024-04-23","158","146.83","30"
"SKU_15","2024-04-24","153","146.30","30"
"SKU_15","2024-04-25","146","146.73","30"
"SKU_15","2024-04-26","155","146.73","30"
"SKU_15","2024-04-27","160","147.47","30"
"SKU_15","2024-04-28","133","147.60","30"
"SKU_15","2024-04-29","149","147.20","30"
"SKU_15","2024-04-30","158","147.87","30"
"SKU_15","2024-05-01","142","147.50","30"
"SKU_15","2024-05-02","131","147.13","30"
"SKU_15","2024-05-03","155","146.83","30"
"SKU_15","2024-05-04","138","146.80","30"
"SKU_15","2024-05-05","126","146.37","30"
"SKU_15","2024-05-06","165","147.43","30"
"SKU_15","2024-05-07","144","146.90","30"
"SKU_15","2024-05-08","130","146.10","30"
"SKU_15","2024-05-09","162","146.53","30"
"SKU_15","2024-05-10","162","147.17","30"
"SKU_15","2024-05-11","137","146.57","30"
"SKU_15","2024-05-12","151","146.53","30"
"SKU_15","2024-05-13","140","146.23","30"
"SKU_15","2024-05-14","140","146.13","30"
"SKU_15","2024-05-15","158","146.87","30"
"SKU_15","2024-05-16","151","147.40","30"
"SKU_15","2024-05-17","134","147.13","30"
"SKU_15","2024-05-18","128","145.93","30"
"SKU_15","2024-05-19","121","145.13","30"
"SKU_15","2024-05-20","175","146.70","30"
"SKU_15","2024-05-21","137","146.30","30"
"SKU_15","2024-05-22","105","144.80","30"
"SKU_15","2024-05-23","113","143.30","30"
"SKU_15","2024-05-24","115","142.03","30"
"SKU_15","2024-05-25","137","141.73","30"
"SKU_15","2024-05-26","135","141.07","30"
"SKU_15","2024-05-27","110","139.40","30"
"SKU_15","2024-05-28","120","138.97","30"
"SKU_15","2024-05-29","125","138.17","30"
"SKU_15","2024-05-30","125","137.07","30"
"SKU_15","2024-05-31","122","136.40","30"
"SKU_15","2024-06-01","116","135.90","30"
"SKU_15","2024-06-02","128","135.00","30"
"SKU_15","2024-06-03","124","134.53","30"
"SKU_15","2024-06-04","127","134.57","30"
"SKU_15","2024-06-05","111","132.77","30"
"SKU_15","2024-06-06","119","131.93","30"
"SKU_15","2024-06-07","117","131.50","30"
"SKU_15","2024-06-08","109","129.73","30"
"SKU_15","2024-06-09","122","128.40","30"
"SKU_15","2024-06-10","132","128.23","30"
"SKU_15","2024-06-11","133","127.63","30"
"SKU_15","2024-06-12","116","126.83","30"
"SKU_15","2024-06-13","116","126.03","30"
"SKU_15","2024-06-14","101","124.13","30"
"SKU_15","2024-06-15","107","122.67","30"
"SKU_15","2024-06-16","109","121.83","30"
"SKU_15","2024-06-17","99","120.87","30"
"SKU_15","2024-06-18","107","120.40","30"
"SKU_15","2024-06-19","99","117.87","30"
"SKU_15","2024-06-20","94","116.43","30"
"SKU_15","2024-06-21","136","117.47","30"
"SKU_15","2024-06-22","77","116.27","30"
"SKU_15","2024-06-23","105","115.93","30"
"SKU_15","2024-06-24","111","115.07","30"
"SKU_15","2024-06-25","97","113.80","30"
"SKU_15","2024-06-26","94","113.27","30"
"SKU_15","2024-06-27","86","112.13","30"
"SKU_15","2024-06-28","87","110.87","30"
"SKU_15","2024-06-29","89","109.67","30"
"SKU_15","2024-06-30","129","109.90","30"
"SKU_15","2024-07-01","115","109.87","30"
"SKU_15","2024-07-02","114","109.40","30"
"SKU_15","2024-07-03","102","108.67","30"
"SKU_15","2024-07-04","76","106.97","30"
"SKU_15","2024-07-05","100","106.60","30"
"SKU_15","2024-07-06","94","105.77","30"
"SKU_15","2024-07-07","99","105.17","30"
"SKU_15","2024-07-08","86","104.40","30"
"SKU_15","2024-07-09","93","103.43","30"
"SKU_15","2024-07-10","96","102.23","30"
"SKU_15","2024-07-11","76","100.33","30"
"SKU_15","2024-07-12","103","99.90","30"
"SKU_15","2024-07-13","91","99.07","30"
"SKU_15","2024-07-14","104","99.17","30"
"SKU_15","2024-07-15","62","97.67","30"
"SKU_15","2024-07-16","88","96.97","30"
"SKU_15","2024-07-17","90","96.67","30"
"SKU_15","2024-07-18","81","95.80","30"
"SKU_15","2024-07-19","91","95.53","30"
"SKU_15","2024-07-20","94","95.53","30"
"SKU_15","2024-07-21","71","93.37","30"
"SKU_15","2024-07-22","74","93.27","30"
"SKU_15","2024-07-23","73","92.20","30"
"SKU_15","2024-07-24","46","90.03","30"
"SKU_15","2024-07-25","87","89.70","30"
"SKU_15","2024-07-26","74","89.03","30"
"SKU_15","2024-07-27","70","88.50","30"
"SKU_15","2024-07-28","88","88.53","30"
"SKU_15","2024-07-29","63","87.67","30"
"SKU_15","2024-07-30","66","85.57","30"
"SKU_15","2024-07-31","73","84.17","30"
"SKU_15","2024-08-01","77","82.93","30"
"SKU_15","2024-08-02","74","82.00","30"
"SKU_15","2024-08-03","77","82.03","30"
"SKU_15","2024-08-04","45","80.20","30"
"SKU_15","2024-08-05","86","79.93","30"
"SKU_15","2024-08-06","81","79.33","30"
"SKU_15","2024-08-07","74","78.93","30"
"SKU_15","2024-08-08","56","77.70","30"
"SKU_15","2024-08-09","59","76.47","30"
"SKU_15","2024-08-10","88","76.87","30"
"SKU_15","2024-08-11","63","75.53","30"
"SKU_15","2024-08-12","55","74.33","30"
"SKU_15","2024-08-13","84","73.67","30"
"SKU_15","2024-08-14","62","73.67","30"
"SKU_15","2024-08-15","55","72.57","30"
"SKU_15","2024-08-16","68","71.83","30"
"SKU_15","2024-08-17","58","71.07","30"
"SKU_15","2024-08-18","58","69.97","30"
"SKU_15","2024-08-19","69","69.13","30"
"SKU_15","2024-08-20","67","69.00","30"
"SKU_15","2024-08-21","72","68.93","30"
"SKU_15","2024-08-22","65","68.67","30"
"SKU_15","2024-08-23","62","69.20","30"
"SKU_15","2024-08-24","53","68.07","30"
"SKU_15","2024-08-25","50","67.27","30"
"SKU_15","2024-08-26","59","66.90","30"
"SKU_15","2024-08-27","57","65.87","30"
"SKU_15","2024-08-28","61","65.80","30"
"SKU_15","2024-08-29","56","65.47","30"
"SKU_15","2024-08-30","63","65.13","30"
"SKU_15","2024-08-31","50","64.23","30"
"SKU_15","2024-09-01","40","63.10","30"
"SKU_15","2024-09-02","41","61.90","30"
"SKU_15","2024-09-03","59","62.37","30"
"SKU_15","2024-09-04","57","61.40","30"
"SKU_15","2024-09-05","63","60.80","30"
"SKU_15","2024-09-06","40","59.67","30"
"SKU_15","2024-09-07","43","59.23","30"
"SKU_15","2024-09-08","83","60.03","30"
"SKU_15","2024-09-09","61","59.13","30"
"SKU_15","2024-09-10","61","59.07","30"
"SKU_15","2024-09-11","49","58.87","30"
"SKU_15","2024-09-12","67","58.30","30"
"SKU_15","2024-09-13","33","57.33","30"
"SKU_15","2024-09-14","44","56.97","30"
"SKU_15","2024-09-15","41","56.07","30"
"SKU_15","2024-09-16","74","56.60","30"
"SKU_15","2024-09-17","51","56.37","30"
"SKU_15","2024-09-18","33","55.17","30"
"SKU_15","2024-09-19","61","54.97","30"
"SKU_15","2024-09-20","51","54.27","30"
"SKU_15","2024-09-21","57","54.00","30"
"SKU_15","2024-09-22","47","53.50","30"
"SKU_15","2024-09-23","62","53.80","30"
"SKU_15","2024-09-24","36","53.33","30"
"SKU_15","2024-09-25","50","53.03","30"
"SKU_15","2024-09-26","38","52.40","30"
"SKU_15","2024-09-27","44","51.83","30"
"SKU_15","2024-09-28","69","52.27","30"
"SKU_15","2024-09-29","46","51.70","30"
"SKU_15","2024-09-30","57","51.93","30"
"SKU_15","2024-10-01","61","52.63","30"
"SKU_15","2024-10-02","41","52.63","30"
"SKU_15","2024-10-03","38","51.93","30"
"SKU_15","2024-10-04","42","51.43","30"
"SKU_15","2024-10-05","47","50.90","30"
"SKU_15","2024-10-06","63","51.67","30"
"SKU_15","2024-10-07","47","51.80","30"
"SKU_15","2024-10-08","51","50.73","30"
"SKU_15","2024-10-09","46","50.23","30"
"SKU_15","2024-10-10","35","49.37","30"
"SKU_15","2024-10-11","41","49.10","30"
"SKU_15","2024-10-12","51","48.57","30"
"SKU_15","2024-10-13","41","48.83","30"
"SKU_15","2024-10-14","60","49.37","30"
"SKU_15","2024-10-15","45","49.50","30"
"SKU_15","2024-10-16","51","48.73","30"
"SKU_15","2024-10-17","58","48.97","30"
"SKU_15","2024-10-18","36","49.07","30"
"SKU_15","2024-10-19","51","48.73","30"
"SKU_15","2024-10-20","29","48.00","30"
"SKU_15","2024-10-21","67","48.33","30"
"SKU_15","2024-10-22","62","48.83","30"
"SKU_15","2024-10-23","59","48.73","30"
"SKU_15","2024-10-24","73","49.97","30"
"SKU_15","2024-10-25","46","49.83","30"
"SKU_15","2024-10-26","61","50.60","30"
"SKU_15","2024-10-27","53","50.90","30"
"SKU_15","2024-10-28","60","50.60","30"
"SKU_15","2024-10-29","62","51.13","30"
"SKU_15","2024-10-30","53","51.00","30"
"SKU_15","2024-10-31","65","51.13","30"
"SKU_15","2024-11-01","56","51.63","30"
"SKU_15","2024-11-02","64","52.50","30"
"SKU_15","2024-11-03","63","53.20","30"
"SKU_15","2024-11-04","47","53.20","30"
"SKU_15","2024-11-05","63","53.20","30"
"SKU_15","2024-11-06","86","54.50","30"
"SKU_15","2024-11-07","66","55.00","30"
"SKU_15","2024-11-08","66","55.67","30"
"SKU_15","2024-11-09","53","56.27","30"
"SKU_15","2024-11-10","74","57.37","30"
"SKU_15","2024-11-11","58","57.60","30"
"SKU_15","2024-11-12","50","57.90","30"
"SKU_15","2024-11-13","30","56.90","30"
"SKU_15","2024-11-14","60","57.40","30"
"SKU_15","2024-11-15","80","58.37","30"
"SKU_15","2024-11-16","60","58.43","30"
"SKU_15","2024-11-17","66","59.43","30"
"SKU_15","2024-11-18","66","59.93","30"
"SKU_15","2024-11-19","86","61.83","30"
"SKU_15","2024-11-20","72","62.00","30"
"SKU_15","2024-11-21","84","62.73","30"
"SKU_15","2024-11-22","77","63.33","30"
"SKU_15","2024-11-23","71","63.27","30"
"SKU_15","2024-11-24","65","63.90","30"
"SKU_15","2024-11-25","87","64.77","30"
"SKU_15","2024-11-26","67","65.23","30"
"SKU_15","2024-11-27","59","65.20","30"
"SKU_15","2024-11-28","71","65.50","30"
"SKU_15","2024-11-29","77","66.30","30"
"SKU_15","2024-11-30","82","66.87","30"
"SKU_15","2024-12-01","71","67.37","30"
"SKU_15","2024-12-02","66","67.43","30"
"SKU_15","2024-12-03","86","68.20","30"
"SKU_15","2024-12-04","63","68.73","30"
"SKU_15","2024-12-05","89","69.60","30"
"SKU_15","2024-12-06","51","68.43","30"
"SKU_15","2024-12-07","98","69.50","30"
"SKU_15","2024-12-08","96","70.50","30"
"SKU_15","2024-12-09","72","71.13","30"
"SKU_15","2024-12-10","88","71.60","30"
"SKU_15","2024-12-11","64","71.80","30"
"SKU_15","2024-12-12","90","73.13","30"
"SKU_15","2024-12-13","81","74.83","30"
"SKU_15","2024-12-14","80","75.50","30"
"SKU_15","2024-12-15","84","75.63","30"
"SKU_15","2024-12-16","81","76.33","30"
"SKU_15","2024-12-17","78","76.73","30"
"SKU_15","2024-12-18","70","76.87","30"
"SKU_15","2024-12-19","97","77.23","30"
"SKU_15","2024-12-20","67","77.07","30"
"SKU_15","2024-12-21","90","77.27","30"
"SKU_15","2024-12-22","78","77.30","30"
"SKU_15","2024-12-23","98","78.20","30"
"SKU_15","2024-12-24","89","79.00","30"
"SKU_15","2024-12-25","103","79.53","30"
"SKU_15","2024-12-26","93","80.40","30"
"SKU_15","2024-12-27","73","80.87","30"
"SKU_15","2024-12-28","69","80.80","30"
"SKU_15","2024-12-29","96","81.43","30"
"SKU_15","2024-12-30","94","81.83","30"
"SKU_16","2024-01-01","106","106.00","1"
"SKU_16","2024-01-02","97","101.50","2"
"SKU_16","2024-01-03","112","105.00","3"
"SKU_16","2024-01-04","92","101.75","4"
"SKU_16","2024-01-05","108","103.00","5"
"SKU_16","2024-01-06","84","99.83","6"
"SKU_16","2024-01-07","104","100.43","7"
"SKU_16","2024-01-08","119","102.75","8"
"SKU_16","2024-01-09","128","105.56","9"
"SKU_16","2024-01-10","113","106.30","10"
"SKU_16","2024-01-11","118","107.36","11"
"SKU_16","2024-01-12","120","108.42","12"
"SKU_16","2024-01-13","106","108.23","13"
"SKU_16","2024-01-14","116","108.79","14"
"SKU_16","2024-01-15","114","109.13","15"
"SKU_16","2024-01-16","102","108.69","16"
"SKU_16","2024-01-17","114","109.00","17"
"SKU_16","2024-01-18","99","108.44","18"
"SKU_16","2024-01-19","123","109.21","19"
"SKU_16","2024-01-20","126","110.05","20"
"SKU_16","2024-01-21","117","110.38","21"
"SKU_16","2024-01-22","129","111.23","22"
"SKU_16","2024-01-23","108","111.09","23"
"SKU_16","2024-01-24","151","112.75","24"
"SKU_16","2024-01-25","116","112.88","25"
"SKU_16","2024-01-26","127","113.42","26"
"SKU_16","2024-01-27","115","113.48","27"
"SKU_16","2024-01-28","140","114.43","28"
"SKU_16","2024-01-29","149","115.62","29"
"SKU_16","2024-01-30","118","115.70","30"
"SKU_16","2024-01-31","118","116.10","30"
"SKU_16","2024-02-01","133","117.30","30"
"SKU_16","2024-02-02","153","118.67","30"
"SKU_16","2024-02-03","116","119.47","30"
"SKU_16","2024-02-04","103","119.30","30"
"SKU_16","2024-02-05","131","120.87","30"
"SKU_16","2024-02-06","115","121.23","30"
"SKU_16","2024-02-07","142","122.00","30"
"SKU_16","2024-02-08","151","122.77","30"
"SKU_16","2024-02-09","117","122.90","30"
"SKU_16","2024-02-10","137","123.53","30"
"SKU_16","2024-02-11","124","123.67","30"
"SKU_16","2024-02-12","104","123.60","30"
"SKU_16","2024-02-13","121","123.77","30"
"SKU_16","2024-02-14","132","124.37","30"
"SKU_16","2024-02-15","138","125.57","30"
"SKU_16","2024-02-16","156","126.97","30"
"SKU_16","2024-02-17","119","127.63","30"
"SKU_16","2024-02-18","132","127.93","30"
"SKU_16","2024-02-19","161","129.10","30"
"SKU_16","2024-02-20","139","129.83","30"
"SKU_16","2024-02-21","154","130.67","30"
"SKU_16","2024-02-22","137","131.63","30"
"SKU_16","2024-02-23","153","131.70","30"
"SKU_16","2024-02-24","148","132.77","30"
"SKU_16","2024-02-25","139","133.17","30"
"SKU_16","2024-02-26","161","134.70","30"
"SKU_16","2024-02-27","134","134.50","30"
"SKU_16","2024-02-28","142","134.27","30"
"SKU_16","2024-02-29","156","135.53","30"
"SKU_16","2024-03-01","129","135.90","30"
"SKU_16","2024-03-02","156","136.67","30"
"SKU_16","2024-03-03","154","136.70","30"
"SKU_16","2024-03-04","162","138.23","30"
"SKU_16","2024-03-05","162","140.20","30"
"SKU_16","2024-03-06","146","140.70","30"
"SKU_16","2024-03-07","152","141.93","30"
"SKU_16","2024-03-08","141","141.90","30"
"SKU_16","2024-03-09","144","141.67","30"
"SKU_16","2024-03-10","138","142.37","30"
"SKU_16","2024-03-11","150","142.80","30"
"SKU_16","2024-03-12","159","143.97","30"
"SKU_16","2024-03-13","149","145.47","30"
"SKU_16","2024-03-14","141","146.13","30"
"SKU_16","2024-03-15","124","145.87","30"
"SKU_16","2024-03-16","141","145.97","30"
"SKU_16","2024-03-17","157","146.00","30"
"SKU_16","2024-03-18","139","146.67","30"
"SKU_16","2024-03-19","165","147.77","30"
"SKU_16","2024-03-20","138","147.00","30"
"SKU_16","2024-03-21","144","147.17","30"
"SKU_16","2024-03-22","147","146.93","30"
"SKU_16","2024-03-23","148","147.30","30"
"SKU_16","2024-03-24","157","147.43","30"
"SKU_16","2024-03-25","139","147.13","30"
"SKU_16","2024-03-26","150","147.50","30"
"SKU_16","2024-03-27","154","147.27","30"
"SKU_16","2024-03-28","152","147.87","30"
"SKU_16","2024-03-29","148","148.07","30"
"SKU_16","2024-03-30","144","147.67","30"
"SKU_16","2024-03-31","149","148.33","30"
"SKU_16","2024-04-01","163","148.57","30"
"SKU_16","2024-04-02","163","148.87","30"
"SKU_16","2024-04-03","161","148.83","30"
"SKU_16","2024-04-04","167","149.00","30"
"SKU_16","2024-04-05","160","149.47","30"
"SKU_16","2024-04-06","173","150.17","30"
"SKU_16","2024-04-07","148","150.40","30"
"SKU_16","2024-04-08","152","150.67","30"
"SKU_16","2024-04-09","158","151.33","30"
"SKU_16","2024-04-10","144","151.13","30"
"SKU_16","2024-04-11","147","150.73","30"
"SKU_16","2024-04-12","136","150.30","30"
"SKU_16","2024-04-13","156","150.80","30"
"SKU_16","2024-04-14","172","152.40","30"
"SKU_16","2024-04-15","162","153.10","30"
"SKU_16","2024-04-16","138","152.47","30"
"SKU_16","2024-04-17","127","152.07","30"
"SKU_16","2024-04-18","191","152.93","30"
"SKU_16","2024-04-19","159","153.63","30"
"SKU_16","2024-04-20","125","153.00","30"
"SKU_16","2024-04-21","140","152.77","30"
"SKU_16","2024-04-22","139","152.47","30"
"SKU_16","2024-04-23","149","152.20","30"
"SKU_16","2024-04-24","151","152.60","30"
"SKU_16","2024-04-25","161","152.97","30"
"SKU_16","2024-04-26","145","152.67","30"
"SKU_16","2024-04-27","160","152.93","30"
"SKU_16","2024-04-28","147","152.90","30"
"SKU_16","2024-04-29","124","152.23","30"
"SKU_16","2024-04-30","145","152.10","30"
"SKU_16","2024-05-01","129","150.97","30"
"SKU_16","2024-05-02","146","150.40","30"
"SKU_16","2024-05-03","155","150.20","30"
"SKU_16","2024-05-04","159","149.93","30"
"SKU_16","2024-05-05","133","149.03","30"
"SKU_16","2024-05-06","140","147.93","30"
"SKU_16","2024-05-07","158","148.27","30"
"SKU_16","2024-05-08","140","147.87","30"
"SKU_16","2024-05-09","158","147.87","30"
"SKU_16","2024-05-10","140","147.73","30"
"SKU_16","2024-05-11","144","147.63","30"
"SKU_16","2024-05-12","119","147.07","30"
"SKU_16","2024-05-13","124","146.00","30"
"SKU_16","2024-05-14","140","144.93","30"
"SKU_16","2024-05-15","126","143.73","30"
"SKU_16","2024-05-16","135","143.63","30"
"SKU_16","2024-05-17","132","143.80","30"
"SKU_16","2024-05-18","144","142.23","30"
"SKU_16","2024-05-19","139","141.57","30"
"SKU_16","2024-05-20","141","142.10","30"
"SKU_16","2024-05-21","120","141.43","30"
"SKU_16","2024-05-22","141","141.50","30"
"SKU_16","2024-05-23","119","140.50","30"
"SKU_16","2024-05-24","126","139.67","30"
"SKU_16","2024-05-25","151","139.33","30"
"SKU_16","2024-05-26","151","139.53","30"
"SKU_16","2024-05-27","129","138.50","30"
"SKU_16","2024-05-28","108","137.20","30"
"SKU_16","2024-05-29","143","137.83","30"
"SKU_16","2024-05-30","106","136.53","30"
"SKU_16","2024-05-31","132","136.63","30"
"SKU_16","2024-06-01","144","136.57","30"
"SKU_16","2024-06-02","149","136.37","30"
"SKU_16","2024-06-03","127","135.30","30"
"SKU_16","2024-06-04","121","134.90","30"
"SKU_16","2024-06-05","126","134.43","30"
"SKU_16","2024-06-06","105","132.67","30"
"SKU_16","2024-06-07","102","131.40","30"
"SKU_16","2024-06-08","116","130.00","30"
"SKU_16","2024-06-09","121","129.37","30"
"SKU_16","2024-06-10","130","128.90","30"
"SKU_16","2024-06-11","109","128.57","30"
"SKU_16","2024-06-12","112","128.17","30"
"SKU_16","2024-06-13","116","127.37","30"
"SKU_16","2024-06-14","123","127.27","30"
"SKU_16","2024-06-15","104","126.23","30"
"SKU_16","2024-06-16","86","124.70","30"
"SKU_16","2024-06-17","124","124.03","30"
"SKU_16","2024-06-18","99","122.70","30"
"SKU_16","2024-06-19","98","121.27","30"
"SKU_16","2024-06-20","95","120.43","30"
"SKU_16","2024-06-21","104","119.20","30"
"SKU_16","2024-06-22","95","118.40","30"
"SKU_16","2024-06-23","116","118.07","30"
"SKU_16","2024-06-24","92","116.10","30"
"SKU_16","2024-06-25","88","114.00","30"
"SKU_16","2024-06-26","105","113.20","30"
"SKU_16","2024-06-27","109","113.23","30"
"SKU_16","2024-06-28","105","111.97","30"
"SKU_16","2024-06-29","102","111.83","30"
"SKU_16","2024-06-30","113","111.20","30"
"SKU_16","2024-07-01","107","109.97","30"
"SKU_16","2024-07-02","96","108.20","30"
"SKU_16","2024-07-03","89","106.93","30"
"SKU_16","2024-07-04","74","105.37","30"
"SKU_16","2024-07-05","95","104.33","30"
"SKU_16","2024-07-06","80","103.50","30"
"SKU_16","2024-07-07","97","103.33","30"
"SKU_16","2024-07-08","85","102.30","30"
"SKU_16","2024-07-09","91","101.30","30"
"SKU_16","2024-07-10","82","99.70","30"
"SKU_16","2024-07-11","69","98.37","30"
"SKU_16","2024-07-12","122","98.70","30"
"SKU_16","2024-07-13","91","97.87","30"
"SKU_16","2024-07-14","96","96.97","30"
"SKU_16","2024-07-15","83","96.27","30"
"SKU_16","2024-07-16","96","96.60","30"
"SKU_16","2024-07-17","79","95.10","30"
"SKU_16","2024-07-18","89","94.77","30"
"SKU_16","2024-07-19","75","94.00","30"
"SKU_16","2024-07-20","69","93.13","30"
"SKU_16","2024-07-21","114","93.47","30"
"SKU_16","2024-07-22","66","92.50","30"
"SKU_16","2024-07-23","111","92.33","30"
"SKU_16","2024-07-24","77","91.83","30"
"SKU_16","2024-07-25","69","91.20","30"
"SKU_16","2024-07-26","86","90.57","30"
"SKU_16","2024-07-27","90","89.93","30"
"SKU_16","2024-07-28","68","88.70","30"
"SKU_16","2024-07-29","69","87.60","30"
"SKU_16","2024-07-30","69","86.13","30"
"SKU_16","2024-07-31","88","85.50","30"
"SKU_16","2024-08-01","73","84.73","30"
"SKU_16","2024-08-02","104","85.23","30"
"SKU_16","2024-08-03","81","85.47","30"
"SKU_16","2024-08-04","86","85.17","30"
"SKU_16","2024-08-05","80","85.17","30"
"SKU_16","2024-08-06","84","84.73","30"
"SKU_16","2024-08-07","86","84.77","30"
"SKU_16","2024-08-08","92","84.80","30"
"SKU_16","2024-08-09","70","84.40","30"
"SKU_16","2024-08-10","51","83.80","30"
"SKU_16","2024-08-11","68","82.00","30"
"SKU_16","2024-08-12","63","81.07","30"
"SKU_16","2024-08-13","66","80.07","30"
"SKU_16","2024-08-14","75","79.80","30"
"SKU_16","2024-08-15","73","79.03","30"
"SKU_16","2024-08-16","63","78.50","30"
"SKU_16","2024-08-17","55","77.37","30"
"SKU_16","2024-08-18","84","77.67","30"
"SKU_16","2024-08-19","67","77.60","30"
"SKU_16","2024-08-20","44","75.27","30"
"SKU_16","2024-08-21","49","74.70","30"
"SKU_16","2024-08-22","65","73.17","30"
"SKU_16","2024-08-23","72","73.00","30"
"SKU_16","2024-08-24","53","72.47","30"
"SKU_16","2024-08-25","45","71.10","30"
"SKU_16","2024-08-26","55","69.93","30"
"SKU_16","2024-08-27","64","69.80","30"
"SKU_16","2024-08-28","70","69.83","30"
"SKU_16","2024-08-29","66","69.73","30"
"SKU_16","2024-08-30","51","68.50","30"
"SKU_16","2024-08-31","60","68.07","30"
"SKU_16","2024-09-01","27","65.50","30"
"SKU_16","2024-09-02","52","64.53","30"
"SKU_16","2024-09-03","42","63.07","30"
"SKU_16","2024-09-04","57","62.30","30"
"SKU_16","2024-09-05","67","61.73","30"
"SKU_16","2024-09-06","70","61.20","30"
"SKU_16","2024-09-07","36","59.33","30"
"SKU_16","2024-09-08","55","58.83","30"
"SKU_16","2024-09-09","42","58.53","30"
"SKU_16","2024-09-10","60","58.27","30"
"SKU_16","2024-09-11","41","57.53","30"
"SKU_16","2024-09-12","61","57.37","30"
"SKU_16","2024-09-13","60","56.87","30"
"SKU_16","2024-09-14","39","55.73","30"
"SKU_16","2024-09-15","44","55.10","30"
"SKU_16","2024-09-16","47","54.83","30"
"SKU_16","2024-09-17","65","54.20","30"
"SKU_16","2024-09-18","21","52.67","30"
"SKU_16","2024-09-19","73","53.63","30"
"SKU_16","2024-09-20","46","53.53","30"
"SKU_16","2024-09-21","49","53.00","30"
"SKU_16","2024-09-22","38","51.87","30"
"SKU_16","2024-09-23","68","52.37","30"
"SKU_16","2024-09-24","44","52.33","30"
"SKU_16","2024-09-25","42","51.90","30"
"SKU_16","2024-09-26","48","51.37","30"
"SKU_16","2024-09-27","38","50.30","30"
"SKU_16","2024-09-28","35","49.27","30"
"SKU_16","2024-09-29","44","49.03","30"
"SKU_16","2024-09-30","44","48.50","30"
"SKU_16","2024-10-01","49","49.23","30"
"SKU_16","2024-10-02","42","48.90","30"
"SKU_16","2024-10-03","32","48.57","30"
"SKU_16","2024-10-04","45","48.17","30"
"SKU_16","2024-10-05","46","47.47","30"
"SKU_16","2024-10-06","52","46.87","30"
"SKU_16","2024-10-07","31","46.70","30"
"SKU_16","2024-10-08","51","46.57","30"
"SKU_16","2024-10-09","61","47.20","30"
"SKU_16","2024-10-10","56","47.07","30"
"SKU_16","2024-10-11","56","47.57","30"
"SKU_16","2024-10-12","38","46.80","30"
"SKU_16","2024-10-13","60","46.80","30"
"SKU_16","2024-10-14","59","47.47","30"
"SKU_16","2024-10-15","46","47.53","30"
"SKU_16","2024-10-16","38","47.23","30"
"SKU_16","2024-10-17","38","46.33","30"
"SKU_16","2024-10-18","55","47.47","30"
"SKU_16","2024-10-19","68","47.30","30"
"SKU_16","2024-10-20","55","47.60","30"
"SKU_16","2024-10-21","57","47.87","30"
"SKU_16","2024-10-22","34","47.73","30"
"SKU_16","2024-10-23","51","47.17","30"
"SKU_16","2024-10-24","82","48.43","30"
"SKU_16","2024-10-25","52","48.77","30"
"SKU_16","2024-10-26","40","48.50","30"
"SKU_16","2024-10-27","49","48.87","30"
"SKU_16","2024-10-28","71","50.07","30"
"SKU_16","2024-10-29","50","50.27","30"
"SKU_16","2024-10-30","52","50.53","30"
"SKU_16","2024-10-31","53","50.67","30"
"SKU_16","2024-11-01","60","51.27","30"
"SKU_16","2024-11-02","57","52.10","30"
"SKU_16","2024-11-03","73","53.03","30"
"SKU_16","2024-11-04","60","53.50","30"
"SKU_16","2024-11-05","53","53.53","30"
"SKU_16","2024-11-06","73","54.93","30"
"SKU_16","2024-11-07","62","55.30","30"
"SKU_16","2024-11-08","78","55.87","30"
"SKU_16","2024-11-09","21","54.70","30"
"SKU_16","2024-11-10","60","54.83","30"
"SKU_16","2024-11-11","45","55.07","30"
"SKU_16","2024-11-12","70","55.40","30"
"SKU_16","2024-11-13","67","55.67","30"
"SKU_16","2024-11-14","52","55.87","30"
"SKU_16","2024-11-15","63","56.70","30"
"SKU_16","2024-11-16","57","57.33","30"
"SKU_16","2024-11-17","72","57.90","30"
"SKU_16","2024-11-18","45","57.13","30"
"SKU_16","2024-11-19","62","57.37","30"
"SKU_16","2024-11-20","57","57.37","30"
"SKU_16","2024-11-21","74","58.70","30"
"SKU_16","2024-11-22","93","60.10","30"
"SKU_16","2024-11-23","77","59.93","30"
"SKU_16","2024-11-24","73","60.63","30"
"SKU_16","2024-11-25","48","60.90","30"
"SKU_16","2024-11-26","85","62.10","30"
"SKU_16","2024-11-27","64","61.87","30"
"SKU_16","2024-11-28","66","62.40","30"
"SKU_16","2024-11-29","67","62.90","30"
"SKU_16","2024-11-30","85","63.97","30"
"SKU_16","2024-12-01","82","64.70","30"
"SKU_16","2024-12-02","89","65.77","30"
"SKU_16","2024-12-03","77","65.90","30"
"SKU_16","2024-12-04","78","66.50","30"
"SKU_16","2024-12-05","76","67.27","30"
"SKU_16","2024-12-06","74","67.30","30"
"SKU_16","2024-12-07","77","67.80","30"
"SKU_16","2024-12-08","88","68.13","30"
"SKU_16","2024-12-09","71","69.80","30"
"SKU_16","2024-12-10","89","70.77","30"
"SKU_16","2024-12-11","91","72.30","30"
"SKU_16","2024-12-12","60","71.97","30"
"SKU_16","2024-12-13","63","71.83","30"
"SKU_16","2024-12-14","97","73.33","30"
"SKU_16","2024-12-15","92","74.30","30"
"SKU_16","2024-12-16","86","75.27","30"
"SKU_16","2024-12-17","90","75.87","30"
"SKU_16","2024-12-18","77","76.93","30"
"SKU_16","2024-12-19","96","78.07","30"
"SKU_16","2024-12-20","78","78.77","30"
"SKU_16","2024-12-21","79","78.93","30"
"SKU_16","2024-12-22","79","78.47","30"
"SKU_16","2024-12-23","108","79.50","30"
"SKU_16","2024-12-24","99","80.37","30"
"SKU_16","2024-12-25","67","81.00","30"
"SKU_16","2024-12-26","92","81.23","30"
"SKU_16","2024-12-27","92","82.17","30"
"SKU_16","2024-12-28","90","82.97","30"
"SKU_16","2024-12-29","100","84.07","30"
"SKU_16","2024-12-30","86","84.10","30"
"SKU_17","2024-01-01","93","93.00","1"
"SKU_17","2024-01-02","94","93.50","2"
"SKU_17","2024-01-03","125","104.00","3"
"SKU_17","2024-01-04","96","102.00","4"
"SKU_17","2024-01-05","116","104.80","5"
"SKU_17","2024-01-06","92","102.67","6"
"SKU_17","2024-01-07","108","103.43","7"
"SKU_17","2024-01-08","95","102.38","8"
"SKU_17","2024-01-09","102","102.33","9"
"SKU_17","2024-01-10","120","104.10","10"
"SKU_17","2024-01-11","124","105.91","11"
"SKU_17","2024-01-12","98","105.25","12"
"SKU_17","2024-01-13","108","105.46","13"
"SKU_17","2024-01-14","112","105.93","14"
"SKU_17","2024-01-15","126","107.27","15"
"SKU_17","2024-01-16","73","105.13","16"
"SKU_17","2024-01-17","114","105.65","17"
"SKU_17","2024-01-18","118","106.33","18"
"SKU_17","2024-01-19","127","107.42","19"
"SKU_17","2024-01-20","109","107.50","20"
"SKU_17","2024-01-21","139","109.00","21"
"SKU_17","2024-01-22","116","109.32","22"
"SKU_17","2024-01-23","117","109.65","23"
"SKU_17","2024-01-24","132","110.58","24"
"SKU_17","2024-01-25","109","110.52","25"
"SKU_17","2024-01-26","120","110.88","26"
"SKU_17","2024-01-27","113","110.96","27"
"SKU_17","2024-01-28","137","111.89","28"
"SKU_17","2024-01-29","112","111.90","29"
"SKU_17","2024-01-30","105","111.67","30"
"SKU_17","2024-01-31","135","113.07","30"
"SKU_17","2024-02-01","116","113.80","30"
"SKU_17","2024-02-02","102","113.03","30"
"SKU_17","2024-02-03","105","113.33","30"
"SKU_17","2024-02-04","139","114.10","30"
"SKU_17","2024-02-05","151","116.07","30"
"SKU_17","2024-02-06","141","117.17","30"
"SKU_17","2024-02-07","136","118.53","30"
"SKU_17","2024-02-08","111","118.83","30"
"SKU_17","2024-02-09","117","118.73","30"
"SKU_17","2024-02-10","109","118.23","30"
"SKU_17","2024-02-11","165","120.47","30"
"SKU_17","2024-02-12","141","121.57","30"
"SKU_17","2024-02-13","127","122.07","30"
"SKU_17","2024-02-14","126","122.07","30"
"SKU_17","2024-02-15","137","124.20","30"
"SKU_17","2024-02-16","131","124.77","30"
"SKU_17","2024-02-17","137","125.40","30"
"SKU_17","2024-02-18","143","125.93","30"
"SKU_17","2024-02-19","133","126.73","30"
"SKU_17","2024-02-20","131","126.47","30"
"SKU_17","2024-02-21","156","127.80","30"
"SKU_17","2024-02-22","178","129.83","30"
"SKU_17","2024-02-23","134","129.90","30"
"SKU_17","2024-02-24","152","131.33","30"
"SKU_17","2024-02-25","126","131.53","30"
"SKU_17","2024-02-26","145","132.60","30"
"SKU_17","2024-02-27","153","133.13","30"
"SKU_17","2024-02-28","146","134.27","30"
"SKU_17","2024-02-29","165","136.27","30"
"SKU_17","2024-03-01","145","136.60","30"
"SKU_17","2024-03-02","146","137.60","30"
"SKU_17","2024-03-03","141","138.90","30"
"SKU_17","2024-03-04","157","140.63","30"
"SKU_17","2024-03-05","134","140.47","30"
"SKU_17","2024-03-06","157","140.67","30"
"SKU_17","2024-03-07","160","141.30","30"
"SKU_17","2024-03-08","148","141.70","30"
"SKU_17","2024-03-09","164","143.47","30"
"SKU_17","2024-03-10","146","144.43","30"
"SKU_17","2024-03-11","164","146.27","30"
"SKU_17","2024-03-12","145","145.60","30"
"SKU_17","2024-03-13","172","146.63","30"
"SKU_17","2024-03-14","149","147.37","30"
"SKU_17","2024-03-15","138","147.77","30"
"SKU_17","2024-03-16","147","148.10","30"
"SKU_17","2024-03-17","148","148.67","30"
"SKU_17","2024-03-18","139","148.73","30"
"SKU_17","2024-03-19","157","149.20","30"
"SKU_17","2024-03-20","133","149.20","30"
"SKU_17","2024-03-21","138","149.43","30"
"SKU_17","2024-03-22","160","149.57","30"
"SKU_17","2024-03-23","162","149.03","30"
"SKU_17","2024-03-24","157","149.80","30"
"SKU_17","2024-03-25","151","149.77","30"
"SKU_17","2024-03-26","145","150.40","30"
"SKU_17","2024-03-27","178","151.50","30"
"SKU_17","2024-03-28","145","151.23","30"
"SKU_17","2024-03-29","172","152.10","30"
"SKU_17","2024-03-30","151","151.63","30"
"SKU_17","2024-03-31","143","151.57","30"
"SKU_17","2024-04-01","155","151.87","30"
"SKU_17","2024-04-02","164","152.63","30"
"SKU_17","2024-04-03","155","152.57","30"
"SKU_17","2024-04-04","153","153.20","30"
"SKU_17","2024-04-05","159","153.27","30"
"SKU_17","2024-04-06","151","152.97","30"
"SKU_17","2024-04-07","137","152.60","30"
"SKU_17","2024-04-08","141","151.83","30"
"SKU_17","2024-04-09","143","151.73","30"
"SKU_17","2024-04-10","139","150.90","30"
"SKU_17","2024-04-11","141","150.77","30"
"SKU_17","2024-04-12","159","150.33","30"
"SKU_17","2024-04-13","154","150.50","30"
"SKU_17","2024-04-14","133","150.33","30"
"SKU_17","2024-04-15","157","150.67","30"
"SKU_17","2024-04-16","157","150.97","30"
"SKU_17","2024-04-17","164","151.80","30"
"SKU_17","2024-04-18","142","151.30","30"
"SKU_17","2024-04-19","157","152.10","30"
"SKU_17","2024-04-20","157","152.73","30"
"SKU_17","2024-04-21","146","152.27","30"
"SKU_17","2024-04-22","158","152.13","30"
"SKU_17","2024-04-23","137","151.47","30"
"SKU_17","2024-04-24","143","151.20","30"
"SKU_17","2024-04-25","138","150.97","30"
"SKU_17","2024-04-26","153","150.13","30"
"SKU_17","2024-04-27","139","149.93","30"
"SKU_17","2024-04-28","128","148.47","30"
"SKU_17","2024-04-29","158","148.70","30"
"SKU_17","2024-04-30","161","149.30","30"
"SKU_17","2024-05-01","142","148.87","30"
"SKU_17","2024-05-02","137","147.97","30"
"SKU_17","2024-05-03","135","147.30","30"
"SKU_17","2024-05-04","121","146.23","30"
"SKU_17","2024-05-05","147","145.83","30"
"SKU_17","2024-05-06","151","145.83","30"
"SKU_17","2024-05-07","129","145.57","30"
"SKU_17","2024-05-08","130","145.20","30"
"SKU_17","2024-05-09","154","145.57","30"
"SKU_17","2024-05-10","134","145.40","30"
"SKU_17","2024-05-11","134","145.17","30"
"SKU_17","2024-05-12","132","144.27","30"
"SKU_17","2024-05-13","142","143.87","30"
"SKU_17","2024-05-14","133","143.87","30"
"SKU_17","2024-05-15","113","142.40","30"
"SKU_17","2024-05-16","135","141.67","30"
"SKU_17","2024-05-17","153","141.30","30"
"SKU_17","2024-05-18","153","141.67","30"
"SKU_17","2024-05-19","130","140.77","30"
"SKU_17","2024-05-20","127","139.77","30"
"SKU_17","2024-05-21","117","138.80","30"
"SKU_17","2024-05-22","124","137.67","30"
"SKU_17","2024-05-23","138","137.70","30"
"SKU_17","2024-05-24","119","136.90","30"
"SKU_17","2024-05-25","122","136.37","30"
"SKU_17","2024-05-26","128","135.53","30"
"SKU_17","2024-05-27","130","135.23","30"
"SKU_17","2024-05-28","131","135.33","30"
"SKU_17","2024-05-29","132","134.47","30"
"SKU_17","2024-05-30","127","133.33","30"
"SKU_17","2024-05-31","141","133.30","30"
"SKU_17","2024-06-01","110","132.40","30"
"SKU_17","2024-06-02","131","132.27","30"
"SKU_17","2024-06-03","129","132.53","30"
"SKU_17","2024-06-04","114","131.43","30"
"SKU_17","2024-06-05","113","130.17","30"
"SKU_17","2024-06-06","102","129.27","30"
"SKU_17","2024-06-07","118","128.87","30"
"SKU_17","2024-06-08","117","127.63","30"
"SKU_17","2024-06-09","115","127.00","30"
"SKU_17","2024-06-10","112","126.27","30"
"SKU_17","2024-06-11","107","125.43","30"
"SKU_17","2024-06-12","122","124.77","30"
"SKU_17","2024-06-13","116","124.20","30"
"SKU_17","2024-06-14","130","124.77","30"
"SKU_17","2024-06-15","102","123.67","30"
"SKU_17","2024-06-16","114","122.37","30"
"SKU_17","2024-06-17","111","120.97","30"
"SKU_17","2024-06-18","104","120.10","30"
"SKU_17","2024-06-19","93","118.97","30"
"SKU_17","2024-06-20","97","118.30","30"
"SKU_17","2024-06-21","96","117.37","30"
"SKU_17","2024-06-22","97","116.00","30"
"SKU_17","2024-06-23","109","115.67","30"
"SKU_17","2024-06-24","100","114.93","30"
"SKU_17","2024-06-25","98","113.93","30"
"SKU_17","2024-06-26","103","113.03","30"
"SKU_17","2024-06-27","117","112.57","30"
"SKU_17","2024-06-28","99","111.47","30"
"SKU_17","2024-06-29","91","110.27","30"
"SKU_17","2024-06-30","84","108.37","30"
"SKU_17","2024-07-01","117","108.60","30"
"SKU_17","2024-07-02","90","107.23","30"
"SKU_17","2024-07-03","112","106.67","30"
"SKU_17","2024-07-04","96","106.07","30"
"SKU_17","2024-07-05","105","105.80","30"
"SKU_17","2024-07-06","86","105.27","30"
"SKU_17","2024-07-07","87","104.23","30"
"SKU_17","2024-07-08","95","103.50","30"
"SKU_17","2024-07-09","98","102.93","30"
"SKU_17","2024-07-10","89","102.17","30"
"SKU_17","2024-07-11","113","102.37","30"
"SKU_17","2024-07-12","91","101.33","30"
"SKU_17","2024-07-13","84","100.27","30"
"SKU_17","2024-07-14","81","98.63","30"
"SKU_17","2024-07-15","87","98.13","30"
"SKU_17","2024-07-16","90","97.33","30"
"SKU_17","2024-07-17","66","95.83","30"
"SKU_17","2024-07-18","75","94.87","30"
"SKU_17","2024-07-19","89","94.73","30"
"SKU_17","2024-07-20","85","94.33","30"
"SKU_17","2024-07-21","93","94.23","30"
"SKU_17","2024-07-22","98","94.27","30"
"SKU_17","2024-07-23","71","93.00","30"
"SKU_17","2024-07-24","85","92.50","30"
"SKU_17","2024-07-25","74","91.70","30"
"SKU_17","2024-07-26","73","90.70","30"
"SKU_17","2024-07-27","84","89.60","30"
"SKU_17","2024-07-28","70","88.63","30"
"SKU_17","2024-07-29","71","87.97","30"
"SKU_17","2024-07-30","79","87.80","30"
"SKU_17","2024-07-31","76","86.43","30"
"SKU_17","2024-08-01","95","86.60","30"
"SKU_17","2024-08-02","68","85.13","30"
"SKU_17","2024-08-03","65","84.10","30"
"SKU_17","2024-08-04","68","82.87","30"
"SKU_17","2024-08-05","69","82.30","30"
"SKU_17","2024-08-06","81","82.10","30"
"SKU_17","2024-08-07","71","81.30","30"
"SKU_17","2024-08-08","60","80.03","30"
"SKU_17","2024-08-09","70","79.40","30"
"SKU_17","2024-08-10","54","77.43","30"
"SKU_17","2024-08-11","63","76.50","30"
"SKU_17","2024-08-12","55","75.53","30"
"SKU_17","2024-08-13","62","74.90","30"
"SKU_17","2024-08-14","71","74.37","30"
"SKU_17","2024-08-15","79","74.00","30"
"SKU_17","2024-08-16","71","74.17","30"
"SKU_17","2024-08-17","67","73.90","30"
"SKU_17","2024-08-18","48","72.53","30"
"SKU_17","2024-08-19","59","71.67","30"
"SKU_17","2024-08-20","70","70.90","30"
"SKU_17","2024-08-21","54","69.43","30"
"SKU_17","2024-08-22","58","69.00","30"
"SKU_17","2024-08-23","72","68.57","30"
"SKU_17","2024-08-24","60","68.10","30"
"SKU_17","2024-08-25","57","67.57","30"
"SKU_17","2024-08-26","65","66.93","30"
"SKU_17","2024-08-27","51","66.30","30"
"SKU_17","2024-08-28","80","66.60","30"
"SKU_17","2024-08-29","47","65.53","30"
"SKU_17","2024-08-30","55","64.83","30"
"SKU_17","2024-08-31","51","63.37","30"
"SKU_17","2024-09-01","43","62.53","30"
"SKU_17","2024-09-02","53","62.13","30"
"SKU_17","2024-09-03","56","61.73","30"
"SKU_17","2024-09-04","50","61.10","30"
"SKU_17","2024-09-05","52","60.13","30"
"SKU_17","2024-09-06","49","59.40","30"
"SKU_17","2024-09-07","48","59.00","30"
"SKU_17","2024-09-08","76","59.20","30"
"SKU_17","2024-09-09","49","59.03","30"
"SKU_17","2024-09-10","63","59.03","30"
"SKU_17","2024-09-11","39","58.50","30"
"SKU_17","2024-09-12","31","57.47","30"
"SKU_17","2024-09-13","48","56.70","30"
"SKU_17","2024-09-14","74","56.53","30"
"SKU_17","2024-09-15","42","55.57","30"
"SKU_17","2024-09-16","60","55.33","30"
"SKU_17","2024-09-17","44","55.20","30"
"SKU_17","2024-09-18","57","55.13","30"
"SKU_17","2024-09-19","43","54.23","30"
"SKU_17","2024-09-20","66","54.63","30"
"SKU_17","2024-09-21","31","53.73","30"
"SKU_17","2024-09-22","45","52.83","30"
"SKU_17","2024-09-23","53","52.60","30"
"SKU_17","2024-09-24","42","52.10","30"
"SKU_17","2024-09-25","44","51.40","30"
"SKU_17","2024-09-26","47","51.27","30"
"SKU_17","2024-09-27","52","50.33","30"
"SKU_17","2024-09-28","69","51.07","30"
"SKU_17","2024-09-29","50","50.90","30"
"SKU_17","2024-09-30","43","50.63","30"
"SKU_17","2024-10-01","65","51.37","30"
"SKU_17","2024-10-02","32","50.67","30"
"SKU_17","2024-10-03","49","50.43","30"
"SKU_17","2024-10-04","26","49.63","30"
"SKU_17","2024-10-05","41","49.27","30"
"SKU_17","2024-10-06","59","49.60","30"
"SKU_17","2024-10-07","42","49.40","30"
"SKU_17","2024-10-08","41","48.23","30"
"SKU_17","2024-10-09","50","48.27","30"
"SKU_17","2024-10-10","41","47.53","30"
"SKU_17","2024-10-11","52","47.97","30"
"SKU_17","2024-10-12","46","48.47","30"
"SKU_17","2024-10-13","59","48.83","30"
"SKU_17","2024-10-14","52","48.10","30"
"SKU_17","2024-10-15","58","48.63","30"
"SKU_17","2024-10-16","35","47.80","30"
"SKU_17","2024-10-17","54","48.13","30"
"SKU_17","2024-10-18","27","47.13","30"
"SKU_17","2024-10-19","65","47.87","30"
"SKU_17","2024-10-20","63","47.77","30"
"SKU_17","2024-10-21","75","49.23","30"
"SKU_17","2024-10-22","59","49.70","30"
"SKU_17","2024-10-23","52","49.67","30"
"SKU_17","2024-10-24","62","50.33","30"
"SKU_17","2024-10-25","48","50.47","30"
"SKU_17","2024-10-26","37","50.13","30"
"SKU_17","2024-10-27","59","50.37","30"
"SKU_17","2024-10-28","43","49.50","30"
"SKU_17","2024-10-29","53","49.60","30"
"SKU_17","2024-10-30","60","50.17","30"
"SKU_17","2024-10-31","90","51.00","30"
"SKU_17","2024-11-01","53","51.70","30"
"SKU_17","2024-11-02","37","51.30","30"
"SKU_17","2024-11-03","73","52.87","30"
"SKU_17","2024-11-04","37","52.73","30"
"SKU_17","2024-11-05","40","52.10","30"
"SKU_17","2024-11-06","37","51.93","30"
"SKU_17","2024-11-07","50","52.23","30"
"SKU_17","2024-11-08","60","52.57","30"
"SKU_17","2024-11-09","65","53.37","30"
"SKU_17","2024-11-10","50","53.30","30"
"SKU_17","2024-11-11","58","53.70","30"
"SKU_17","2024-11-12","52","53.47","30"
"SKU_17","2024-11-13","77","54.30","30"
"SKU_17","2024-11-14","37","53.60","30"
"SKU_17","2024-11-15","69","54.73","30"
"SKU_17","2024-11-16","62","55.00","30"
"SKU_17","2024-11-17","71","56.47","30"
"SKU_17","2024-11-18","60","56.30","30"
"SKU_17","2024-11-19","57","56.10","30"
"SKU_17","2024-11-20","76","56.13","30"
"SKU_17","2024-11-21","70","56.50","30"
"SKU_17","2024-11-22","47","56.33","30"
"SKU_17","2024-11-23","72","56.67","30"
"SKU_17","2024-11-24","58","57.00","30"
"SKU_17","2024-11-25","89","58.73","30"
"SKU_17","2024-11-26","74","59.23","30"
"SKU_17","2024-11-27","86","60.67","30"
"SKU_17","2024-11-28","102","62.30","30"
"SKU_17","2024-11-29","80","62.97","30"
"SKU_17","2024-11-30","72","62.37","30"
"SKU_17","2024-12-01","82","63.33","30"
"SKU_17","2024-12-02","70","64.43","30"
"SKU_17","2024-12-03","80","64.67","30"
"SKU_17","2024-12-04","99","66.73","30"
"SKU_17","2024-12-05","93","68.50","30"
"SKU_17","2024-12-06","74","69.73","30"
"SKU_17","2024-12-07","84","70.87","30"
"SKU_17","2024-12-08","96","72.07","30"
"SKU_17","2024-12-09","98","73.17","30"
"SKU_17","2024-12-10","88","74.43","30"
"SKU_17","2024-12-11","85","75.33","30"
"SKU_17","2024-12-12","78","76.20","30"
"SKU_17","2024-12-13","75","76.13","30"
"SKU_17","2024-12-14","89","77.87","30"
"SKU_17","2024-12-15","98","78.83","30"
"SKU_17","2024-12-16","101","80.13","30"
"SKU_17","2024-12-17","103","81.20","30"
"SKU_17","2024-12-18","102","82.60","30"
"SKU_17","2024-12-19","92","83.77","30"
"SKU_17","2024-12-20","77","83.80","30"
"SKU_17","2024-12-21","108","85.07","30"
"SKU_17","2024-12-22","80","86.17","30"
"SKU_17","2024-12-23","87","86.67","30"
"SKU_17","2024-12-24","103","88.17","30"
"SKU_17","2024-12-25","101","88.57","30"
"SKU_17","2024-12-26","102","89.50","30"
"SKU_17","2024-12-27","92","89.70","30"
"SKU_17","2024-12-28","125","90.47","30"
"SKU_17","2024-12-29","100","91.13","30"
"SKU_17","2024-12-30","95","91.90","30"
"SKU_18","2024-01-01","103","103.00","1"
"SKU_18","2024-01-02","122","112.50","2"
"SKU_18","2024-01-03","120","115.00","3"
"SKU_18","2024-01-04","106","112.75","4"
"SKU_18","2024-01-05","133","116.80","5"
"SKU_18","2024-01-06","100","114.00","6"
"SKU_18","2024-01-07","108","113.14","7"
"SKU_18","2024-01-08","106","112.25","8"
"SKU_18","2024-01-09","115","112.56","9"
"SKU_18","2024-01-10","88","110.10","10"
"SKU_18","2024-01-11","103","109.45","11"
"SKU_18","2024-01-12","102","108.83","12"
"SKU_18","2024-01-13","95","107.77","13"
"SKU_18","2024-01-14","122","108.79","14"
"SKU_18","2024-01-15","109","108.80","15"
"SKU_18","2024-01-16","125","109.81","16"
"SKU_18","2024-01-17","120","110.41","17"
"SKU_18","2024-01-18","129","111.44","18"
"SKU_18","2024-01-19","117","111.74","19"
"SKU_18","2024-01-20","132","112.75","20"
"SKU_18","2024-01-21","126","113.38","21"
"SKU_18","2024-01-22","127","114.00","22"
"SKU_18","2024-01-23","142","115.22","23"
"SKU_18","2024-01-24","141","116.29","24"
"SKU_18","2024-01-25","119","116.40","25"
"SKU_18","2024-01-26","135","117.12","26"
"SKU_18","2024-01-27","133","117.70","27"
"SKU_18","2024-01-28","117","117.68","28"
"SKU_18","2024-01-29","152","118.86","29"
"SKU_18","2024-01-30","109","118.53","30"
"SKU_18","2024-01-31","131","119.47","30"
"SKU_18","2024-02-01","133","119.83","30"
"SKU_18","2024-02-02","131","120.20","30"
"SKU_18","2024-02-03","128","120.93","30"
"SKU_18","2024-02-04","129","120.80","30"
"SKU_18","2024-02-05","139","122.10","30"
"SKU_18","2024-02-06","159","123.80","30"
"SKU_18","2024-02-07","125","124.43","30"
"SKU_18","2024-02-08","131","124.97","30"
"SKU_18","2024-02-09","141","126.73","30"
"SKU_18","2024-02-10","127","127.53","30"
"SKU_18","2024-02-11","151","129.17","30"
"SKU_18","2024-02-12","152","131.07","30"
"SKU_18","2024-02-13","153","132.10","30"
"SKU_18","2024-02-14","129","132.77","30"
"SKU_18","2024-02-15","147","133.50","30"
"SKU_18","2024-02-16","142","134.23","30"
"SKU_18","2024-02-17","146","134.80","30"
"SKU_18","2024-02-18","131","135.27","30"
"SKU_18","2024-02-19","146","135.73","30"
"SKU_18","2024-02-20","138","136.13","30"
"SKU_18","2024-02-21","137","136.47","30"
"SKU_18","2024-02-22","137","136.30","30"
"SKU_18","2024-02-23","155","136.77","30"
"SKU_18","2024-02-24","127","137.03","30"
"SKU_18","2024-02-25","143","137.30","30"
"SKU_18","2024-02-26","144","137.67","30"
"SKU_18","2024-02-27","145","138.60","30"
"SKU_18","2024-02-28","148","138.47","30"
"SKU_18","2024-02-29","159","140.13","30"
"SKU_18","2024-03-01","157","141.00","30"
"SKU_18","2024-03-02","122","140.63","30"
"SKU_18","2024-03-03","168","141.87","30"
"SKU_18","2024-03-04","129","141.90","30"
"SKU_18","2024-03-05","147","142.50","30"
"SKU_18","2024-03-06","166","143.40","30"
"SKU_18","2024-03-07","136","142.63","30"
"SKU_18","2024-03-08","144","143.27","30"
"SKU_18","2024-03-09","126","143.10","30"
"SKU_18","2024-03-10","150","143.40","30"
"SKU_18","2024-03-11","158","144.43","30"
"SKU_18","2024-03-12","172","145.13","30"
"SKU_18","2024-03-13","143","144.83","30"
"SKU_18","2024-03-14","165","145.23","30"
"SKU_18","2024-03-15","174","146.73","30"
"SKU_18","2024-03-16","167","147.40","30"
"SKU_18","2024-03-17","169","148.30","30"
"SKU_18","2024-03-18","167","149.00","30"
"SKU_18","2024-03-19","145","149.47","30"
"SKU_18","2024-03-20","131","148.97","30"
"SKU_18","2024-03-21","135","148.87","30"
"SKU_18","2024-03-22","136","148.83","30"
"SKU_18","2024-03-23","147","149.17","30"
"SKU_18","2024-03-24","149","148.97","30"
"SKU_18","2024-03-25","172","150.47","30"
"SKU_18","2024-03-26","148","150.63","30"
"SKU_18","2024-03-27","167","151.40","30"
"SKU_18","2024-03-28","160","151.90","30"
"SKU_18","2024-03-29","139","151.60","30"
"SKU_18","2024-03-30","142","151.03","30"
"SKU_18","2024-03-31","168","151.40","30"
"SKU_18","2024-04-01","149","152.30","30"
"SKU_18","2024-04-02","165","152.20","30"
"SKU_18","2024-04-03","154","153.03","30"
"SKU_18","2024-04-04","141","152.83","30"
"SKU_18","2024-04-05","165","152.80","30"
"SKU_18","2024-04-06","133","152.70","30"
"SKU_18","2024-04-07","151","152.93","30"
"SKU_18","2024-04-08","134","153.20","30"
"SKU_18","2024-04-09","155","153.37","30"
"SKU_18","2024-04-10","163","153.53","30"
"SKU_18","2024-04-11","148","152.73","30"
"SKU_18","2024-04-12","141","152.67","30"
"SKU_18","2024-04-13","159","152.47","30"
"SKU_18","2024-04-14","180","152.67","30"
"SKU_18","2024-04-15","153","152.20","30"
"SKU_18","2024-04-16","146","151.43","30"
"SKU_18","2024-04-17","154","151.00","30"
"SKU_18","2024-04-18","163","151.60","30"
"SKU_18","2024-04-19","149","152.20","30"
"SKU_18","2024-04-20","132","152.10","30"
"SKU_18","2024-04-21","128","151.83","30"
"SKU_18","2024-04-22","150","151.93","30"
"SKU_18","2024-04-23","167","152.53","30"
"SKU_18","2024-04-24","152","151.87","30"
"SKU_18","2024-04-25","160","152.27","30"
"SKU_18","2024-04-26","132","151.10","30"
"SKU_18","2024-04-27","142","150.50","30"
"SKU_18","2024-04-28","160","151.20","30"
"SKU_18","2024-04-29","149","151.43","30"
"SKU_18","2024-04-30","126","150.03","30"
"SKU_18","2024-05-01","132","149.47","30"
"SKU_18","2024-05-02","166","149.50","30"
"SKU_18","2024-05-03","144","149.17","30"
"SKU_18","2024-05-04","127","148.70","30"
"SKU_18","2024-05-05","145","148.03","30"
"SKU_18","2024-05-06","156","148.80","30"
"SKU_18","2024-05-07","169","149.40","30"
"SKU_18","2024-05-08","146","149.80","30"
"SKU_18","2024-05-09","135","149.13","30"
"SKU_18","2024-05-10","161","149.07","30"
"SKU_18","2024-05-11","160","149.47","30"
"SKU_18","2024-05-12","132","149.17","30"
"SKU_18","2024-05-13","146","148.73","30"
"SKU_18","2024-05-14","141","147.43","30"
"SKU_18","2024-05-15","121","146.37","30"
"SKU_18","2024-05-16","135","146.00","30"
"SKU_18","2024-05-17","127","145.10","30"
"SKU_18","2024-05-18","162","145.07","30"
"SKU_18","2024-05-19","150","145.10","30"
"SKU_18","2024-05-20","120","144.70","30"
"SKU_18","2024-05-21","117","144.33","30"
"SKU_18","2024-05-22","148","144.27","30"
"SKU_18","2024-05-23","128","142.97","30"
"SKU_18","2024-05-24","125","142.07","30"
"SKU_18","2024-05-25","122","140.80","30"
"SKU_18","2024-05-26","142","141.13","30"
"SKU_18","2024-05-27","132","140.80","30"
"SKU_18","2024-05-28","145","140.30","30"
"SKU_18","2024-05-29","129","139.63","30"
"SKU_18","2024-05-30","140","140.10","30"
"SKU_18","2024-05-31","128","139.97","30"
"SKU_18","2024-06-01","133","138.87","30"
"SKU_18","2024-06-02","130","138.40","30"
"SKU_18","2024-06-03","144","138.97","30"
"SKU_18","2024-06-04","117","138.03","30"
"SKU_18","2024-06-05","139","137.47","30"
"SKU_18","2024-06-06","136","136.37","30"
"SKU_18","2024-06-07","123","135.60","30"
"SKU_18","2024-06-08","125","135.27","30"
"SKU_18","2024-06-09","127","134.13","30"
"SKU_18","2024-06-10","128","133.07","30"
"SKU_18","2024-06-11","109","132.30","30"
"SKU_18","2024-06-12","103","130.87","30"
"SKU_18","2024-06-13","102","129.57","30"
"SKU_18","2024-06-14","114","129.33","30"
"SKU_18","2024-06-15","108","128.43","30"
"SKU_18","2024-06-16","132","128.60","30"
"SKU_18","2024-06-17","114","127.00","30"
"SKU_18","2024-06-18","134","126.47","30"
"SKU_18","2024-06-19","143","127.23","30"
"SKU_18","2024-06-20","98","126.60","30"
"SKU_18","2024-06-21","100","125.00","30"
"SKU_18","2024-06-22","125","124.90","30"
"SKU_18","2024-06-23","101","124.10","30"
"SKU_18","2024-06-24","90","123.03","30"
"SKU_18","2024-06-25","107","121.87","30"
"SKU_18","2024-06-26","112","121.20","30"
"SKU_18","2024-06-27","114","120.17","30"
"SKU_18","2024-06-28","111","119.57","30"
"SKU_18","2024-06-29","94","118.03","30"
"SKU_18","2024-06-30","103","117.20","30"
"SKU_18","2024-07-01","119","116.73","30"
"SKU_18","2024-07-02","112","116.13","30"
"SKU_18","2024-07-03","92","114.40","30"
"SKU_18","2024-07-04","101","113.87","30"
"SKU_18","2024-07-05","76","111.77","30"
"SKU_18","2024-07-06","106","110.77","30"
"SKU_18","2024-07-07","99","109.97","30"
"SKU_18","2024-07-08","117","109.70","30"
"SKU_18","2024-07-09","84","108.27","30"
"SKU_18","2024-07-10","72","106.40","30"
"SKU_18","2024-07-11","84","105.57","30"
"SKU_18","2024-07-12","86","105.00","30"
"SKU_18","2024-07-13","69","103.90","30"
"SKU_18","2024-07-14","87","103.00","30"
"SKU_18","2024-07-15","73","101.83","30"
"SKU_18","2024-07-16","77","100.00","30"
"SKU_18","2024-07-17","99","99.50","30"
"SKU_18","2024-07-18","84","97.83","30"
"SKU_18","2024-07-19","98","96.33","30"
"SKU_18","2024-07-20","86","95.93","30"
"SKU_18","2024-07-21","66","94.80","30"
"SKU_18","2024-07-22","79","93.27","30"
"SKU_18","2024-07-23","77","92.47","30"
"SKU_18","2024-07-24","85","92.30","30"
"SKU_18","2024-07-25","84","91.53","30"
"SKU_18","2024-07-26","79","90.43","30"
"SKU_18","2024-07-27","54","88.43","30"
"SKU_18","2024-07-28","91","87.77","30"
"SKU_18","2024-07-29","71","87.00","30"
"SKU_18","2024-07-30","91","86.60","30"
"SKU_18","2024-07-31","75","85.13","30"
"SKU_18","2024-08-01","77","83.97","30"
"SKU_18","2024-08-02","73","83.33","30"
"SKU_18","2024-08-03","72","82.37","30"
"SKU_18","2024-08-04","77","82.40","30"
"SKU_18","2024-08-05","64","81.00","30"
"SKU_18","2024-08-06","73","80.13","30"
"SKU_18","2024-08-07","79","78.87","30"
"SKU_18","2024-08-08","69","78.37","30"
"SKU_18","2024-08-09","79","78.60","30"
"SKU_18","2024-08-10","79","78.43","30"
"SKU_18","2024-08-11","55","77.40","30"
"SKU_18","2024-08-12","78","77.70","30"
"SKU_18","2024-08-13","51","76.50","30"
"SKU_18","2024-08-14","73","76.50","30"
"SKU_18","2024-08-15","55","75.77","30"
"SKU_18","2024-08-16","56","74.33","30"
"SKU_18","2024-08-17","63","73.63","30"
"SKU_18","2024-08-18","62","72.43","30"
"SKU_18","2024-08-19","64","71.70","30"
"SKU_18","2024-08-20","79","72.13","30"
"SKU_18","2024-08-21","72","71.90","30"
"SKU_18","2024-08-22","39","70.63","30"
"SKU_18","2024-08-23","75","70.30","30"
"SKU_18","2024-08-24","53","69.27","30"
"SKU_18","2024-08-25","61","68.67","30"
"SKU_18","2024-08-26","60","68.87","30"
"SKU_18","2024-08-27","59","67.80","30"
"SKU_18","2024-08-28","56","67.30","30"
"SKU_18","2024-08-29","58","66.20","30"
"SKU_18","2024-08-30","34","64.83","30"
"SKU_18","2024-08-31","58","64.20","30"
"SKU_18","2024-09-01","50","63.43","30"
"SKU_18","2024-09-02","38","62.30","30"
"SKU_18","2024-09-03","64","61.87","30"
"SKU_18","2024-09-04","50","61.40","30"
"SKU_18","2024-09-05","56","60.83","30"
"SKU_18","2024-09-06","54","60.00","30"
"SKU_18","2024-09-07","59","59.67","30"
"SKU_18","2024-09-08","27","57.93","30"
"SKU_18","2024-09-09","57","57.20","30"
"SKU_18","2024-09-10","45","56.87","30"
"SKU_18","2024-09-11","54","56.07","30"
"SKU_18","2024-09-12","39","55.67","30"
"SKU_18","2024-09-13","49","54.87","30"
"SKU_18","2024-09-14","60","55.03","30"
"SKU_18","2024-09-15","57","55.07","30"
"SKU_18","2024-09-16","62","55.03","30"
"SKU_18","2024-09-17","46","54.50","30"
"SKU_18","2024-09-18","28","53.30","30"
"SKU_18","2024-09-19","34","51.80","30"
"SKU_18","2024-09-20","63","51.50","30"
"SKU_18","2024-09-21","66","52.40","30"
"SKU_18","2024-09-22","58","51.83","30"
"SKU_18","2024-09-23","31","51.10","30"
"SKU_18","2024-09-24","56","50.93","30"
"SKU_18","2024-09-25","41","50.30","30"
"SKU_18","2024-09-26","49","49.97","30"
"SKU_18","2024-09-27","50","49.77","30"
"SKU_18","2024-09-28","46","49.37","30"
"SKU_18","2024-09-29","61","50.27","30"
"SKU_18","2024-09-30","44","49.80","30"
"SKU_18","2024-10-01","33","49.23","30"
"SKU_18","2024-10-02","63","50.07","30"
"SKU_18","2024-10-03","55","49.77","30"
"SKU_18","2024-10-04","65","50.27","30"
"SKU_18","2024-10-05","37","49.63","30"
"SKU_18","2024-10-06","61","49.87","30"
"SKU_18","2024-10-07","61","49.93","30"
"SKU_18","2024-10-08","65","51.20","30"
"SKU_18","2024-10-09","43","50.73","30"
"SKU_18","2024-10-10","73","51.67","30"
"SKU_18","2024-10-11","60","51.87","30"
"SKU_18","2024-10-12","59","52.53","30"
"SKU_18","2024-10-13","40","52.23","30"
"SKU_18","2024-10-14","66","52.43","30"
"SKU_18","2024-10-15","50","52.20","30"
"SKU_18","2024-10-16","58","52.07","30"
"SKU_18","2024-10-17","55","52.37","30"
"SKU_18","2024-10-18","66","53.63","30"
"SKU_18","2024-10-19","55","54.33","30"
"SKU_18","2024-10-20","52","53.97","30"
"SKU_18","2024-10-21","54","53.57","30"
"SKU_18","2024-10-22","56","53.50","30"
"SKU_18","2024-10-23","53","54.23","30"
"SKU_18","2024-10-24","57","54.27","30"
"SKU_18","2024-10-25","55","54.73","30"
"SKU_18","2024-10-26","48","54.70","30"
"SKU_18","2024-10-27","37","54.27","30"
"SKU_18","2024-10-28","53","54.50","30"
"SKU_18","2024-10-29","65","54.63","30"
"SKU_18","2024-10-30","41","54.53","30"
"SKU_18","2024-10-31","58","55.37","30"
"SKU_18","2024-11-01","61","55.30","30"
"SKU_18","2024-11-02","72","55.87","30"
"SKU_18","2024-11-03","76","56.23","30"
"SKU_18","2024-11-04","50","56.67","30"
"SKU_18","2024-11-05","63","56.73","30"
"SKU_18","2024-11-06","64","56.83","30"
"SKU_18","2024-11-07","34","55.80","30"
"SKU_18","2024-11-08","65","56.53","30"
"SKU_18","2024-11-09","50","55.77","30"
"SKU_18","2024-11-10","85","56.60","30"
"SKU_18","2024-11-11","84","57.43","30"
"SKU_18","2024-11-12","53","57.87","30"
"SKU_18","2024-11-13","65","57.83","30"
"SKU_18","2024-11-14","52","57.90","30"
"SKU_18","2024-11-15","77","58.53","30"
"SKU_18","2024-11-16","71","59.07","30"
"SKU_18","2024-11-17","70","59.20","30"
"SKU_18","2024-11-18","54","59.17","30"
"SKU_18","2024-11-19","65","59.60","30"
"SKU_18","2024-11-20","69","60.10","30"
"SKU_18","2024-11-21","75","60.73","30"
"SKU_18","2024-11-22","63","61.07","30"
"SKU_18","2024-11-23","71","61.53","30"
"SKU_18","2024-11-24","69","62.00","30"
"SKU_18","2024-11-25","55","62.23","30"
"SKU_18","2024-11-26","55","62.83","30"
"SKU_18","2024-11-27","57","62.97","30"
"SKU_18","2024-11-28","75","63.30","30"
"SKU_18","2024-11-29","79","64.57","30"
"SKU_18","2024-11-30","78","65.23","30"
"SKU_18","2024-12-01","102","66.60","30"
"SKU_18","2024-12-02","67","66.43","30"
"SKU_18","2024-12-03","85","66.73","30"
"SKU_18","2024-12-04","94","68.20","30"
"SKU_18","2024-12-05","88","69.03","30"
"SKU_18","2024-12-06","75","69.40","30"
"SKU_18","2024-12-07","70","70.60","30"
"SKU_18","2024-12-08","88","71.37","30"
"SKU_18","2024-12-09","80","72.37","30"
"SKU_18","2024-12-10","76","72.07","30"
"SKU_18","2024-12-11","65","71.43","30"
"SKU_18","2024-12-12","88","72.60","30"
"SKU_18","2024-12-13","98","73.70","30"
"SKU_18","2024-12-14","85","74.80","30"
"SKU_18","2024-12-15","79","74.87","30"
"SKU_18","2024-12-16","76","75.03","30"
"SKU_18","2024-12-17","68","74.97","30"
"SKU_18","2024-12-18","95","76.33","30"
"SKU_18","2024-12-19","69","76.47","30"
"SKU_18","2024-12-20","79","76.80","30"
"SKU_18","2024-12-21","93","77.40","30"
"SKU_18","2024-12-22","80","77.97","30"
"SKU_18","2024-12-23","83","78.37","30"
"SKU_18","2024-12-24","103","79.50","30"
"SKU_18","2024-12-25","101","81.03","30"
"SKU_18","2024-12-26","98","82.47","30"
"SKU_18","2024-12-27","111","84.27","30"
"SKU_18","2024-12-28","96","84.97","30"
"SKU_18","2024-12-29","103","85.77","30"
"SKU_18","2024-12-30","111","86.87","30"
"SKU_19","2024-01-01","79","79.00","1"
"SKU_19","2024-01-02","104","91.50","2"
"SKU_19","2024-01-03","104","95.67","3"
"SKU_19","2024-01-04","99","96.50","4"
"SKU_19","2024-01-05","117","100.60","5"
"SKU_19","2024-01-06","97","100.00","6"
"SKU_19","2024-01-07","112","101.71","7"
"SKU_19","2024-01-08","100","101.50","8"
"SKU_19","2024-01-09","87","99.89","9"
"SKU_19","2024-01-10","103","100.20","10"
"SKU_19","2024-01-11","106","100.73","11"
"SKU_19","2024-01-12","92","100.00","12"
"SKU_19","2024-01-13","110","100.77","13"
"SKU_19","2024-01-14","87","99.79","14"
"SKU_19","2024-01-15","108","100.33","15"
"SKU_19","2024-01-16","104","100.56","16"
"SKU_19","2024-01-17","125","102.00","17"
"SKU_19","2024-01-18","144","104.33","18"
"SKU_19","2024-01-19","120","105.16","19"
"SKU_19","2024-01-20","104","105.10","20"
"SKU_19","2024-01-21","115","105.57","21"
"SKU_19","2024-01-22","144","107.32","22"
"SKU_19","2024-01-23","95","106.78","23"
"SKU_19","2024-01-24","101","106.54","24"
"SKU_19","2024-01-25","108","106.60","25"
"SKU_19","2024-01-26","128","107.42","26"
"SKU_19","2024-01-27","124","108.04","27"
"SKU_19","2024-01-28","122","108.54","28"
"SKU_19","2024-01-29","115","108.76","29"
"SKU_19","2024-01-30","124","109.27","30"
"SKU_19","2024-01-31","126","110.83","30"
"SKU_19","2024-02-01","120","111.37","30"
"SKU_19","2024-02-02","115","111.73","30"
"SKU_19","2024-02-03","148","113.37","30"
"SKU_19","2024-02-04","135","113.97","30"
"SKU_19","2024-02-05","134","115.20","30"
"SKU_19","2024-02-06","115","115.30","30"
"SKU_19","2024-02-07","118","115.90","30"
"SKU_19","2024-02-08","112","116.73","30"
"SKU_19","2024-02-09","120","117.30","30"
"SKU_19","2024-02-10","143","118.53","30"
"SKU_19","2024-02-11","125","119.63","30"
"SKU_19","2024-02-12","167","121.53","30"
"SKU_19","2024-02-13","128","122.90","30"
"SKU_19","2024-02-14","140","123.97","30"
"SKU_19","2024-02-15","126","124.70","30"
"SKU_19","2024-02-16","123","124.63","30"
"SKU_19","2024-02-17","135","124.33","30"
"SKU_19","2024-02-18","130","124.67","30"
"SKU_19","2024-02-19","119","125.17","30"
"SKU_19","2024-02-20","137","125.90","30"
"SKU_19","2024-02-21","110","124.77","30"
"SKU_19","2024-02-22","140","126.27","30"
"SKU_19","2024-02-23","144","127.70","30"
"SKU_19","2024-02-24","148","129.03","30"
"SKU_19","2024-02-25","158","130.03","30"
"SKU_19","2024-02-26","142","130.63","30"
"SKU_19","2024-02-27","149","131.53","30"
"SKU_19","2024-02-28","123","131.80","30"
"SKU_19","2024-02-29","160","133.00","30"
"SKU_19","2024-03-01","118","132.73","30"
"SKU_19","2024-03-02","160","134.07","30"
"SKU_19","2024-03-03","145","135.07","30"
"SKU_19","2024-03-04","137","134.70","30"
"SKU_19","2024-03-05","138","134.80","30"
"SKU_19","2024-03-06","129","134.63","30"
"SKU_19","2024-03-07","162","136.20","30"
"SKU_19","2024-03-08","133","136.70","30"
"SKU_19","2024-03-09","142","137.70","30"
"SKU_19","2024-03-10","159","139.00","30"
"SKU_19","2024-03-11","184","140.37","30"
"SKU_19","2024-03-12","149","141.17","30"
"SKU_19","2024-03-13","141","140.30","30"
"SKU_19","2024-03-14","153","141.13","30"
"SKU_19","2024-03-15","139","141.10","30"
"SKU_19","2024-03-16","165","142.40","30"
"SKU_19","2024-03-17","141","143.00","30"
"SKU_19","2024-03-18","161","143.87","30"
"SKU_19","2024-03-19","169","145.17","30"
"SKU_19","2024-03-20","163","146.63","30"
"SKU_19","2024-03-21","145","146.90","30"
"SKU_19","2024-03-22","136","147.77","30"
"SKU_19","2024-03-23","150","148.10","30"
"SKU_19","2024-03-24","140","147.97","30"
"SKU_19","2024-03-25","136","147.57","30"
"SKU_19","2024-03-26","142","147.03","30"
"SKU_19","2024-03-27","168","147.90","30"
"SKU_19","2024-03-28","149","147.90","30"
"SKU_19","2024-03-29","136","148.33","30"
"SKU_19","2024-03-30","148","147.93","30"
"SKU_19","2024-03-31","150","149.00","30"
"SKU_19","2024-04-01","144","148.47","30"
"SKU_19","2024-04-02","168","149.23","30"
"SKU_19","2024-04-03","156","149.87","30"
"SKU_19","2024-04-04","150","150.27","30"
"SKU_19","2024-04-05","159","151.27","30"
"SKU_19","2024-04-06","140","150.53","30"
"SKU_19","2024-04-07","151","151.13","30"
"SKU_19","2024-04-08","159","151.70","30"
"SKU_19","2024-04-09","128","150.67","30"
"SKU_19","2024-04-10","134","149.00","30"
"SKU_19","2024-04-11","118","147.97","30"
"SKU_19","2024-04-12","146","148.13","30"
"SKU_19","2024-04-13","158","148.30","30"
"SKU_19","2024-04-14","165","149.17","30"
"SKU_19","2024-04-15","135","148.17","30"
"SKU_19","2024-04-16","168","149.07","30"
"SKU_19","2024-04-17","142","148.43","30"
"SKU_19","2024-04-18","144","147.60","30"
"SKU_19","2024-04-19","123","146.27","30"
"SKU_19","2024-04-20","142","146.17","30"
"SKU_19","2024-04-21","145","146.47","30"
"SKU_19","2024-04-22","145","146.30","30"
"SKU_19","2024-04-23","177","147.53","30"
"SKU_19","2024-04-24","152","148.07","30"
"SKU_19","2024-04-25","138","147.93","30"
"SKU_19","2024-04-26","146","147.20","30"
"SKU_19","2024-04-27","158","147.50","30"
"SKU_19","2024-04-28","146","147.83","30"
"SKU_19","2024-04-29","134","147.37","30"
"SKU_19","2024-04-30","151","147.40","30"
"SKU_19","2024-05-01","152","147.67","30"
"SKU_19","2024-05-02","133","146.50","30"
"SKU_19","2024-05-03","135","145.80","30"
"SKU_19","2024-05-04","152","145.87","30"
"SKU_19","2024-05-05","139","145.20","30"
"SKU_19","2024-05-06","142","145.27","30"
"SKU_19","2024-05-07","141","144.93","30"
"SKU_19","2024-05-08","141","144.33","30"
"SKU_19","2024-05-09","122","144.13","30"
"SKU_19","2024-05-10","162","145.07","30"
"SKU_19","2024-05-11","133","145.57","30"
"SKU_19","2024-05-12","150","145.70","30"
"SKU_19","2024-05-13","150","145.43","30"
"SKU_19","2024-05-14","122","144.00","30"
"SKU_19","2024-05-15","123","143.60","30"
"SKU_19","2024-05-16","133","142.43","30"
"SKU_19","2024-05-17","129","142.00","30"
"SKU_19","2024-05-18","155","142.37","30"
"SKU_19","2024-05-19","151","143.30","30"
"SKU_19","2024-05-20","129","142.87","30"
"SKU_19","2024-05-21","134","142.50","30"
"SKU_19","2024-05-22","133","142.10","30"
"SKU_19","2024-05-23","114","140.00","30"
"SKU_19","2024-05-24","126","139.13","30"
"SKU_19","2024-05-25","138","139.13","30"
"SKU_19","2024-05-26","123","138.37","30"
"SKU_19","2024-05-27","131","137.47","30"
"SKU_19","2024-05-28","116","136.47","30"
"SKU_19","2024-05-29","104","135.47","30"
"SKU_19","2024-05-30","125","134.60","30"
"SKU_19","2024-05-31","109","133.17","30"
"SKU_19","2024-06-01","113","132.50","30"
"SKU_19","2024-06-02","118","131.93","30"
"SKU_19","2024-06-03","124","131.00","30"
"SKU_19","2024-06-04","120","130.37","30"
"SKU_19","2024-06-05","128","129.90","30"
"SKU_19","2024-06-06","142","129.93","30"
"SKU_19","2024-06-07","144","130.03","30"
"SKU_19","2024-06-08","114","129.77","30"
"SKU_19","2024-06-09","118","128.30","30"
"SKU_19","2024-06-10","148","128.80","30"
"SKU_19","2024-06-11","116","127.67","30"
"SKU_19","2024-06-12","119","126.63","30"
"SKU_19","2024-06-13","123","126.67","30"
"SKU_19","2024-06-14","98","125.83","30"
"SKU_19","2024-06-15","111","125.10","30"
"SKU_19","2024-06-16","118","124.73","30"
"SKU_19","2024-06-17","127","123.80","30"
"SKU_19","2024-06-18","121","122.80","30"
"SKU_19","2024-06-19","87","121.40","30"
"SKU_19","2024-06-20","122","121.00","30"
"SKU_19","2024-06-21","105","120.07","30"
"SKU_19","2024-06-22","98","119.53","30"
"SKU_19","2024-06-23","133","119.77","30"
"SKU_19","2024-06-24","88","118.10","30"
"SKU_19","2024-06-25","119","117.97","30"
"SKU_19","2024-06-26","124","117.73","30"
"SKU_19","2024-06-27","103","117.30","30"
"SKU_19","2024-06-28","90","116.83","30"
"SKU_19","2024-06-29","98","115.93","30"
"SKU_19","2024-06-30","93","115.40","30"
"SKU_19","2024-07-01","94","114.77","30"
"SKU_19","2024-07-02","146","115.70","30"
"SKU_19","2024-07-03","86","114.43","30"
"SKU_19","2024-07-04","97","113.67","30"
"SKU_19","2024-07-05","77","111.97","30"
"SKU_19","2024-07-06","100","110.57","30"
"SKU_19","2024-07-07","96","108.97","30"
"SKU_19","2024-07-08","73","107.60","30"
"SKU_19","2024-07-09","104","107.13","30"
"SKU_19","2024-07-10","90","105.20","30"
"SKU_19","2024-07-11","97","104.57","30"
"SKU_19","2024-07-12","94","103.73","30"
"SKU_19","2024-07-13","79","102.27","30"
"SKU_19","2024-07-14","81","101.70","30"
"SKU_19","2024-07-15","77","100.57","30"
"SKU_19","2024-07-16","93","99.73","30"
"SKU_19","2024-07-17","73","97.93","30"
"SKU_19","2024-07-18","78","96.50","30"
"SKU_19","2024-07-19","77","96.17","30"
"SKU_19","2024-07-20","91","95.13","30"
"SKU_19","2024-07-21","85","94.47","30"
"SKU_19","2024-07-22","90","94.20","30"
"SKU_19","2024-07-23","80","92.43","30"
"SKU_19","2024-07-24","88","92.43","30"
"SKU_19","2024-07-25","90","91.47","30"
"SKU_19","2024-07-26","95","90.50","30"
"SKU_19","2024-07-27","77","89.63","30"
"SKU_19","2024-07-28","69","88.93","30"
"SKU_19","2024-07-29","89","88.63","30"
"SKU_19","2024-07-30","72","87.93","30"
"SKU_19","2024-07-31","65","86.97","30"
"SKU_19","2024-08-01","67","84.33","30"
"SKU_19","2024-08-02","63","83.57","30"
"SKU_19","2024-08-03","85","83.17","30"
"SKU_19","2024-08-04","83","83.37","30"
"SKU_19","2024-08-05","72","82.43","30"
"SKU_19","2024-08-06","63","81.33","30"
"SKU_19","2024-08-07","61","80.93","30"
"SKU_19","2024-08-08","72","79.87","30"
"SKU_19","2024-08-09","63","78.97","30"
"SKU_19","2024-08-10","72","78.13","30"
"SKU_19","2024-08-11","75","77.50","30"
"SKU_19","2024-08-12","73","77.30","30"
"SKU_19","2024-08-13","55","76.43","30"
"SKU_19","2024-08-14","71","76.23","30"
"SKU_19","2024-08-15","74","75.60","30"
"SKU_19","2024-08-16","76","75.70","30"
"SKU_19","2024-08-17","40","74.43","30"
"SKU_19","2024-08-18","60","73.87","30"
"SKU_19","2024-08-19","71","73.20","30"
"SKU_19","2024-08-20","54","72.17","30"
"SKU_19","2024-08-21","56","71.03","30"
"SKU_19","2024-08-22","56","70.23","30"
"SKU_19","2024-08-23","61","69.33","30"
"SKU_19","2024-08-24","59","68.30","30"
"SKU_19","2024-08-25","56","67.00","30"
"SKU_19","2024-08-26","50","66.10","30"
"SKU_19","2024-08-27","48","65.40","30"
"SKU_19","2024-08-28","60","64.43","30"
"SKU_19","2024-08-29","57","63.93","30"
"SKU_19","2024-08-30","44","63.23","30"
"SKU_19","2024-08-31","51","62.70","30"
"SKU_19","2024-09-01","50","62.27","30"
"SKU_19","2024-09-02","45","60.93","30"
"SKU_19","2024-09-03","35","59.33","30"
"SKU_19","2024-09-04","68","59.20","30"
"SKU_19","2024-09-05","57","59.00","30"
"SKU_19","2024-09-06","41","58.33","30"
"SKU_19","2024-09-07","77","58.50","30"
"SKU_19","2024-09-08","39","57.70","30"
"SKU_19","2024-09-09","46","56.83","30"
"SKU_19","2024-09-10","77","56.90","30"
"SKU_19","2024-09-11","49","56.10","30"
"SKU_19","2024-09-12","37","55.50","30"
"SKU_19","2024-09-13","28","54.07","30"
"SKU_19","2024-09-14","37","52.83","30"
"SKU_19","2024-09-15","51","52.00","30"
"SKU_19","2024-09-16","69","52.97","30"
"SKU_19","2024-09-17","65","53.13","30"
"SKU_19","2024-09-18","43","52.20","30"
"SKU_19","2024-09-19","49","52.03","30"
"SKU_19","2024-09-20","48","51.77","30"
"SKU_19","2024-09-21","42","51.30","30"
"SKU_19","2024-09-22","49","50.90","30"
"SKU_19","2024-09-23","62","51.00","30"
"SKU_19","2024-09-24","50","50.80","30"
"SKU_19","2024-09-25","35","50.30","30"
"SKU_19","2024-09-26","41","50.07","30"
"SKU_19","2024-09-27","71","50.43","30"
"SKU_19","2024-09-28","49","50.17","30"
"SKU_19","2024-09-29","50","50.37","30"
"SKU_19","2024-09-30","66","50.87","30"
"SKU_19","2024-10-01","42","50.60","30"
"SKU_19","2024-10-02","68","51.37","30"
"SKU_19","2024-10-03","62","52.27","30"
"SKU_19","2024-10-04","53","51.77","30"
"SKU_19","2024-10-05","43","51.30","30"
"SKU_19","2024-10-06","38","51.20","30"
"SKU_19","2024-10-07","45","50.13","30"
"SKU_19","2024-10-08","42","50.23","30"
"SKU_19","2024-10-09","60","50.70","30"
"SKU_19","2024-10-10","28","49.07","30"
"SKU_19","2024-10-11","27","48.33","30"
"SKU_19","2024-10-12","35","48.27","30"
"SKU_19","2024-10-13","59","49.30","30"
"SKU_19","2024-10-14","59","50.03","30"
"SKU_19","2024-10-15","43","49.77","30"
"SKU_19","2024-10-16","53","49.23","30"
"SKU_19","2024-10-17","66","49.27","30"
"SKU_19","2024-10-18","77","50.40","30"
"SKU_19","2024-10-19","55","50.60","30"
"SKU_19","2024-10-20","59","50.97","30"
"SKU_19","2024-10-21","64","51.70","30"
"SKU_19","2024-10-22","41","51.43","30"
"SKU_19","2024-10-23","39","50.67","30"
"SKU_19","2024-10-24","64","51.13","30"
"SKU_19","2024-10-25","41","51.33","30"
"SKU_19","2024-10-26","55","51.80","30"
"SKU_19","2024-10-27","68","51.70","30"
"SKU_19","2024-10-28","51","51.77","30"
"SKU_19","2024-10-29","41","51.47","30"
"SKU_19","2024-10-30","55","51.10","30"
"SKU_19","2024-10-31","36","50.90","30"
"SKU_19","2024-11-01","42","50.03","30"
"SKU_19","2024-11-02","37","49.20","30"
"SKU_19","2024-11-03","44","48.90","30"
"SKU_19","2024-11-04","70","49.80","30"
"SKU_19","2024-11-05","34","49.67","30"
"SKU_19","2024-11-06","75","50.67","30"
"SKU_19","2024-11-07","52","51.00","30"
"SKU_19","2024-11-08","49","50.63","30"
"SKU_19","2024-11-09","46","51.23","30"
"SKU_19","2024-11-10","68","52.60","30"
"SKU_19","2024-11-11","62","53.50","30"
"SKU_19","2024-11-12","68","53.80","30"
"SKU_19","2024-11-13","56","53.70","30"
"SKU_19","2024-11-14","87","55.17","30"
"SKU_19","2024-11-15","59","55.37","30"
"SKU_19","2024-11-16","58","55.10","30"
"SKU_19","2024-11-17","71","54.90","30"
"SKU_19","2024-11-18","61","55.10","30"
"SKU_19","2024-11-19","73","55.57","30"
"SKU_19","2024-11-20","68","55.70","30"
"SKU_19","2024-11-21","81","57.03","30"
"SKU_19","2024-11-22","103","59.17","30"
"SKU_19","2024-11-23","72","59.43","30"
"SKU_19","2024-11-24","109","61.70","30"
"SKU_19","2024-11-25","64","62.00","30"
"SKU_19","2024-11-26","66","61.93","30"
"SKU_19","2024-11-27","71","62.60","30"
"SKU_19","2024-11-28","90","64.23","30"
"SKU_19","2024-11-29","74","64.87","30"
"SKU_19","2024-11-30","81","66.37","30"
"SKU_19","2024-12-01","90","67.97","30"
"SKU_19","2024-12-02","51","68.43","30"
"SKU_19","2024-12-03","84","69.77","30"
"SKU_19","2024-12-04","78","70.03","30"
"SKU_19","2024-12-05","71","71.27","30"
"SKU_19","2024-12-06","73","71.20","30"
"SKU_19","2024-12-07","80","72.13","30"
"SKU_19","2024-12-08","93","73.60","30"
"SKU_19","2024-12-09","80","74.73","30"
"SKU_19","2024-12-10","81","75.17","30"
"SKU_19","2024-12-11","85","75.93","30"
"SKU_19","2024-12-12","83","76.43","30"
"SKU_19","2024-12-13","88","77.50","30"
"SKU_19","2024-12-14","76","77.13","30"
"SKU_19","2024-12-15","79","77.80","30"
"SKU_19","2024-12-16","98","79.13","30"
"SKU_19","2024-12-17","100","80.10","30"
"SKU_19","2024-12-18","99","81.37","30"
"SKU_19","2024-12-19","102","82.33","30"
"SKU_19","2024-12-20","104","83.53","30"
"SKU_19","2024-12-21","88","83.77","30"
"SKU_19","2024-12-22","88","83.27","30"
"SKU_19","2024-12-23","78","83.47","30"
"SKU_19","2024-12-24","84","82.63","30"
"SKU_19","2024-12-25","97","83.73","30"
"SKU_19","2024-12-26","108","85.13","30"
"SKU_19","2024-12-27","96","85.97","30"
"SKU_19","2024-12-28","97","86.20","30"
"SKU_19","2024-12-29","98","87.00","30"
"SKU_19","2024-12-30","102","87.70","30"
"SKU_2","2024-01-01","93","93.00","1"
"SKU_2","2024-01-02","124","108.50","2"
"SKU_2","2024-01-03","103","106.67","3"
"SKU_2","2024-01-04","100","105.00","4"
"SKU_2","2024-01-05","108","105.60","5"
"SKU_2","2024-01-06","91","103.17","6"
"SKU_2","2024-01-07","88","101.00","7"
"SKU_2","2024-01-08","105","101.50","8"
"SKU_2","2024-01-09","108","102.22","9"
"SKU_2","2024-01-10","97","101.70","10"
"SKU_2","2024-01-11","130","104.27","11"
"SKU_2","2024-01-12","118","105.42","12"
"SKU_2","2024-01-13","111","105.85","13"
"SKU_2","2024-01-14","104","105.71","14"
"SKU_2","2024-01-15","127","107.13","15"
"SKU_2","2024-01-16","133","108.75","16"
"SKU_2","2024-01-17","130","110.00","17"
"SKU_2","2024-01-18","128","111.00","18"
"SKU_2","2024-01-19","125","111.74","19"
"SKU_2","2024-01-20","104","111.35","20"
"SKU_2","2024-01-21","146","113.00","21"
"SKU_2","2024-01-22","126","113.59","22"
"SKU_2","2024-01-23","134","114.48","23"
"SKU_2","2024-01-24","115","114.50","24"
"SKU_2","2024-01-25","119","114.68","25"
"SKU_2","2024-01-26","130","115.27","26"
"SKU_2","2024-01-27","119","115.41","27"
"SKU_2","2024-01-28","116","115.43","28"
"SKU_2","2024-01-29","113","115.34","29"
"SKU_2","2024-01-30","124","115.63","30"
"SKU_2","2024-01-31","102","115.93","30"
"SKU_2","2024-02-01","139","116.43","30"
"SKU_2","2024-02-02","121","117.03","30"
"SKU_2","2024-02-03","138","118.30","30"
"SKU_2","2024-02-04","141","119.40","30"
"SKU_2","2024-02-05","136","120.90","30"
"SKU_2","2024-02-06","156","123.17","30"
"SKU_2","2024-02-07","113","123.43","30"
"SKU_2","2024-02-08","129","124.13","30"
"SKU_2","2024-02-09","148","125.83","30"
"SKU_2","2024-02-10","159","126.80","30"
"SKU_2","2024-02-11","117","126.77","30"
"SKU_2","2024-02-12","122","127.13","30"
"SKU_2","2024-02-13","135","128.17","30"
"SKU_2","2024-02-14","125","128.10","30"
"SKU_2","2024-02-15","138","128.27","30"
"SKU_2","2024-02-16","141","128.63","30"
"SKU_2","2024-02-17","129","128.67","30"
"SKU_2","2024-02-18","164","129.97","30"
"SKU_2","2024-02-19","140","131.17","30"
"SKU_2","2024-02-20","145","131.13","30"
"SKU_2","2024-02-21","148","131.87","30"
"SKU_2","2024-02-22","138","132.00","30"
"SKU_2","2024-02-23","135","132.67","30"
"SKU_2","2024-02-24","150","133.70","30"
"SKU_2","2024-02-25","155","134.53","30"
"SKU_2","2024-02-26","134","135.03","30"
"SKU_2","2024-02-27","166","136.70","30"
"SKU_2","2024-02-28","132","137.33","30"
"SKU_2","2024-02-29","137","137.77","30"
"SKU_2","2024-03-01","146","139.23","30"
"SKU_2","2024-03-02","159","139.90","30"
"SKU_2","2024-03-03","140","140.53","30"
"SKU_2","2024-03-04","154","141.07","30"
"SKU_2","2024-03-05","152","141.43","30"
"SKU_2","2024-03-06","137","141.47","30"
"SKU_2","2024-03-07","144","141.07","30"
"SKU_2","2024-03-08","130","141.63","30"
"SKU_2","2024-03-09","146","142.20","30"
"SKU_2","2024-03-10","137","141.83","30"
"SKU_2","2024-03-11","151","141.57","30"
"SKU_2","2024-03-12","138","142.27","30"
"SKU_2","2024-03-13","169","143.83","30"
"SKU_2","2024-03-14","140","144.00","30"
"SKU_2","2024-03-15","148","144.77","30"
"SKU_2","2024-03-16","130","144.50","30"
"SKU_2","2024-03-17","155","144.97","30"
"SKU_2","2024-03-18","140","145.33","30"
"SKU_2","2024-03-19","132","144.27","30"
"SKU_2","2024-03-20","143","144.37","30"
"SKU_2","2024-03-21","155","144.70","30"
"SKU_2","2024-03-22","155","144.93","30"
"SKU_2","2024-03-23","161","145.70","30"
"SKU_2","2024-03-24","150","146.20","30"
"SKU_2","2024-03-25","157","146.43","30"
"SKU_2","2024-03-26","139","145.90","30"
"SKU_2","2024-03-27","154","146.57","30"
"SKU_2","2024-03-28","139","145.67","30"
"SKU_2","2024-03-29","146","146.13","30"
"SKU_2","2024-03-30","146","146.43","30"
"SKU_2","2024-03-31","164","147.03","30"
"SKU_2","2024-04-01","157","146.97","30"
"SKU_2","2024-04-02","163","147.73","30"
"SKU_2","2024-04-03","149","147.57","30"
"SKU_2","2024-04-04","148","147.43","30"
"SKU_2","2024-04-05","158","148.13","30"
"SKU_2","2024-04-06","143","148.10","30"
"SKU_2","2024-04-07","161","149.13","30"
"SKU_2","2024-04-08","158","149.53","30"
"SKU_2","2024-04-09","141","149.67","30"
"SKU_2","2024-04-10","156","149.83","30"
"SKU_2","2024-04-11","157","150.47","30"
"SKU_2","2024-04-12","141","149.53","30"
"SKU_2","2024-04-13","152","149.93","30"
"SKU_2","2024-04-14","161","150.37","30"
"SKU_2","2024-04-15","170","151.70","30"
"SKU_2","2024-04-16","170","152.20","30"
"SKU_2","2024-04-17","158","152.80","30"
"SKU_2","2024-04-18","142","153.13","30"
"SKU_2","2024-04-19","147","153.27","30"
"SKU_2","2024-04-20","140","152.77","30"
"SKU_2","2024-04-21","156","152.80","30"
"SKU_2","2024-04-22","129","151.73","30"
"SKU_2","2024-04-23","143","151.50","30"
"SKU_2","2024-04-24","157","151.50","30"
"SKU_2","2024-04-25","145","151.70","30"
"SKU_2","2024-04-26","141","151.27","30"
"SKU_2","2024-04-27","134","151.10","30"
"SKU_2","2024-04-28","150","151.23","30"
"SKU_2","2024-04-29","150","151.37","30"
"SKU_2","2024-04-30","143","150.67","30"
"SKU_2","2024-05-01","147","150.33","30"
"SKU_2","2024-05-02","135","149.40","30"
"SKU_2","2024-05-03","166","149.97","30"
"SKU_2","2024-05-04","120","149.03","30"
"SKU_2","2024-05-05","138","148.37","30"
"SKU_2","2024-05-06","152","148.67","30"
"SKU_2","2024-05-07","122","147.37","30"
"SKU_2","2024-05-08","133","146.53","30"
"SKU_2","2024-05-09","117","145.73","30"
"SKU_2","2024-05-10","134","145.00","30"
"SKU_2","2024-05-11","170","145.43","30"
"SKU_2","2024-05-12","128","145.00","30"
"SKU_2","2024-05-13","121","143.97","30"
"SKU_2","2024-05-14","146","143.47","30"
"SKU_2","2024-05-15","160","143.13","30"
"SKU_2","2024-05-16","148","142.40","30"
"SKU_2","2024-05-17","143","141.90","30"
"SKU_2","2024-05-18","138","141.77","30"
"SKU_2","2024-05-19","150","141.87","30"
"SKU_2","2024-05-20","130","141.53","30"
"SKU_2","2024-05-21","132","140.73","30"
"SKU_2","2024-05-22","130","140.77","30"
"SKU_2","2024-05-23","121","140.03","30"
"SKU_2","2024-05-24","132","139.20","30"
"SKU_2","2024-05-25","119","138.33","30"
"SKU_2","2024-05-26","129","137.93","30"
"SKU_2","2024-05-27","139","138.10","30"
"SKU_2","2024-05-28","152","138.17","30"
"SKU_2","2024-05-29","119","137.13","30"
"SKU_2","2024-05-30","128","136.63","30"
"SKU_2","2024-05-31","128","136.00","30"
"SKU_2","2024-06-01","112","135.23","30"
"SKU_2","2024-06-02","108","133.30","30"
"SKU_2","2024-06-03","110","132.97","30"
"SKU_2","2024-06-04","128","132.63","30"
"SKU_2","2024-06-05","124","131.70","30"
"SKU_2","2024-06-06","106","131.17","30"
"SKU_2","2024-06-07","113","130.50","30"
"SKU_2","2024-06-08","116","130.47","30"
"SKU_2","2024-06-09","107","129.57","30"
"SKU_2","2024-06-10","118","127.83","30"
"SKU_2","2024-06-11","108","127.17","30"
"SKU_2","2024-06-12","112","126.87","30"
"SKU_2","2024-06-13","107","125.57","30"
"SKU_2","2024-06-14","133","124.67","30"
"SKU_2","2024-06-15","115","123.57","30"
"SKU_2","2024-06-16","110","122.47","30"
"SKU_2","2024-06-17","108","121.47","30"
"SKU_2","2024-06-18","131","120.83","30"
"SKU_2","2024-06-19","114","120.30","30"
"SKU_2","2024-06-20","106","119.43","30"
"SKU_2","2024-06-21","102","118.50","30"
"SKU_2","2024-06-22","102","117.87","30"
"SKU_2","2024-06-23","115","117.30","30"
"SKU_2","2024-06-24","93","116.43","30"
"SKU_2","2024-06-25","113","115.90","30"
"SKU_2","2024-06-26","110","114.93","30"
"SKU_2","2024-06-27","82","112.60","30"
"SKU_2","2024-06-28","95","111.80","30"
"SKU_2","2024-06-29","90","110.53","30"
"SKU_2","2024-06-30","103","109.70","30"
"SKU_2","2024-07-01","114","109.77","30"
"SKU_2","2024-07-02","105","109.67","30"
"SKU_2","2024-07-03","97","109.23","30"
"SKU_2","2024-07-04","95","108.13","30"
"SKU_2","2024-07-05","90","107.00","30"
"SKU_2","2024-07-06","93","106.57","30"
"SKU_2","2024-07-07","104","106.27","30"
"SKU_2","2024-07-08","66","104.60","30"
"SKU_2","2024-07-09","72","103.43","30"
"SKU_2","2024-07-10","106","103.03","30"
"SKU_2","2024-07-11","87","102.33","30"
"SKU_2","2024-07-12","86","101.47","30"
"SKU_2","2024-07-13","105","101.40","30"
"SKU_2","2024-07-14","97","100.20","30"
"SKU_2","2024-07-15","99","99.67","30"
"SKU_2","2024-07-16","82","98.73","30"
"SKU_2","2024-07-17","88","98.07","30"
"SKU_2","2024-07-18","90","96.70","30"
"SKU_2","2024-07-19","93","96.00","30"
"SKU_2","2024-07-20","99","95.77","30"
"SKU_2","2024-07-21","96","95.57","30"
"SKU_2","2024-07-22","77","94.73","30"
"SKU_2","2024-07-23","79","93.53","30"
"SKU_2","2024-07-24","86","93.30","30"
"SKU_2","2024-07-25","80","92.20","30"
"SKU_2","2024-07-26","83","91.30","30"
"SKU_2","2024-07-27","81","91.27","30"
"SKU_2","2024-07-28","72","90.50","30"
"SKU_2","2024-07-29","75","90.00","30"
"SKU_2","2024-07-30","66","88.77","30"
"SKU_2","2024-07-31","83","87.73","30"
"SKU_2","2024-08-01","68","86.50","30"
"SKU_2","2024-08-02","96","86.47","30"
"SKU_2","2024-08-03","62","85.37","30"
"SKU_2","2024-08-04","69","84.67","30"
"SKU_2","2024-08-05","54","83.37","30"
"SKU_2","2024-08-06","64","82.03","30"
"SKU_2","2024-08-07","80","82.50","30"
"SKU_2","2024-08-08","75","82.60","30"
"SKU_2","2024-08-09","76","81.60","30"
"SKU_2","2024-08-10","49","80.33","30"
"SKU_2","2024-08-11","71","79.83","30"
"SKU_2","2024-08-12","48","77.93","30"
"SKU_2","2024-08-13","63","76.80","30"
"SKU_2","2024-08-14","60","75.50","30"
"SKU_2","2024-08-15","81","75.47","30"
"SKU_2","2024-08-16","73","74.97","30"
"SKU_2","2024-08-17","66","74.17","30"
"SKU_2","2024-08-18","62","73.13","30"
"SKU_2","2024-08-19","86","72.70","30"
"SKU_2","2024-08-20","26","70.37","30"
"SKU_2","2024-08-21","51","69.50","30"
"SKU_2","2024-08-22","58","68.80","30"
"SKU_2","2024-08-23","56","67.80","30"
"SKU_2","2024-08-24","46","66.67","30"
"SKU_2","2024-08-25","43","65.33","30"
"SKU_2","2024-08-26","61","64.67","30"
"SKU_2","2024-08-27","54","64.07","30"
"SKU_2","2024-08-28","68","63.83","30"
"SKU_2","2024-08-29","56","63.50","30"
"SKU_2","2024-08-30","77","63.30","30"
"SKU_2","2024-08-31","47","62.60","30"
"SKU_2","2024-09-01","70","61.73","30"
"SKU_2","2024-09-02","47","61.23","30"
"SKU_2","2024-09-03","61","60.97","30"
"SKU_2","2024-09-04","65","61.33","30"
"SKU_2","2024-09-05","53","60.97","30"
"SKU_2","2024-09-06","51","60.00","30"
"SKU_2","2024-09-07","46","59.03","30"
"SKU_2","2024-09-08","41","57.87","30"
"SKU_2","2024-09-09","71","58.60","30"
"SKU_2","2024-09-10","59","58.20","30"
"SKU_2","2024-09-11","59","58.57","30"
"SKU_2","2024-09-12","37","57.70","30"
"SKU_2","2024-09-13","40","57.03","30"
"SKU_2","2024-09-14","61","56.37","30"
"SKU_2","2024-09-15","50","55.60","30"
"SKU_2","2024-09-16","66","55.60","30"
"SKU_2","2024-09-17","54","55.33","30"
"SKU_2","2024-09-18","70","54.80","30"
"SKU_2","2024-09-19","54","55.73","30"
"SKU_2","2024-09-20","40","55.37","30"
"SKU_2","2024-09-21","50","55.10","30"
"SKU_2","2024-09-22","45","54.73","30"
"SKU_2","2024-09-23","60","55.20","30"
"SKU_2","2024-09-24","43","55.20","30"
"SKU_2","2024-09-25","61","55.20","30"
"SKU_2","2024-09-26","35","54.57","30"
"SKU_2","2024-09-27","50","53.97","30"
"SKU_2","2024-09-28","32","53.17","30"
"SKU_2","2024-09-29","57","52.50","30"
"SKU_2","2024-09-30","48","52.53","30"
"SKU_2","2024-10-01","39","51.50","30"
"SKU_2","2024-10-02","38","51.20","30"
"SKU_2","2024-10-03","63","51.27","30"
"SKU_2","2024-10-04","60","51.10","30"
"SKU_2","2024-10-05","42","50.73","30"
"SKU_2","2024-10-06","48","50.63","30"
"SKU_2","2024-10-07","63","51.20","30"
"SKU_2","2024-10-08","31","50.87","30"
"SKU_2","2024-10-09","56","50.37","30"
"SKU_2","2024-10-10","39","49.70","30"
"SKU_2","2024-10-11","52","49.47","30"
"SKU_2","2024-10-12","49","49.87","30"
"SKU_2","2024-10-13","46","50.07","30"
"SKU_2","2024-10-14","65","50.20","30"
"SKU_2","2024-10-15","33","49.63","30"
"SKU_2","2024-10-16","54","49.23","30"
"SKU_2","2024-10-17","52","49.17","30"
"SKU_2","2024-10-18","49","48.47","30"
"SKU_2","2024-10-19","41","48.03","30"
"SKU_2","2024-10-20","48","48.30","30"
"SKU_2","2024-10-21","33","47.73","30"
"SKU_2","2024-10-22","46","47.77","30"
"SKU_2","2024-10-23","58","47.70","30"
"SKU_2","2024-10-24","36","47.47","30"
"SKU_2","2024-10-25","50","47.10","30"
"SKU_2","2024-10-26","28","46.87","30"
"SKU_2","2024-10-27","78","47.80","30"
"SKU_2","2024-10-28","37","47.97","30"
"SKU_2","2024-10-29","52","47.80","30"
"SKU_2","2024-10-30","43","47.63","30"
"SKU_2","2024-10-31","67","48.57","30"
"SKU_2","2024-11-01","61","49.33","30"
"SKU_2","2024-11-02","51","48.93","30"
"SKU_2","2024-11-03","57","48.83","30"
"SKU_2","2024-11-04","73","49.87","30"
"SKU_2","2024-11-05","40","49.60","30"
"SKU_2","2024-11-06","67","49.73","30"
"SKU_2","2024-11-07","53","50.47","30"
"SKU_2","2024-11-08","60","50.60","30"
"SKU_2","2024-11-09","49","50.93","30"
"SKU_2","2024-11-10","66","51.40","30"
"SKU_2","2024-11-11","69","52.07","30"
"SKU_2","2024-11-12","52","52.27","30"
"SKU_2","2024-11-13","61","52.13","30"
"SKU_2","2024-11-14","67","53.27","30"
"SKU_2","2024-11-15","73","53.90","30"
"SKU_2","2024-11-16","65","54.33","30"
"SKU_2","2024-11-17","47","54.27","30"
"SKU_2","2024-11-18","66","55.10","30"
"SKU_2","2024-11-19","86","56.37","30"
"SKU_2","2024-11-20","70","57.60","30"
"SKU_2","2024-11-21","76","58.60","30"
"SKU_2","2024-11-22","49","58.30","30"
"SKU_2","2024-11-23","67","59.33","30"
"SKU_2","2024-11-24","72","60.07","30"
"SKU_2","2024-11-25","68","61.40","30"
"SKU_2","2024-11-26","65","60.97","30"
"SKU_2","2024-11-27","58","61.67","30"
"SKU_2","2024-11-28","68","62.20","30"
"SKU_2","2024-11-29","93","63.87","30"
"SKU_2","2024-11-30","73","64.07","30"
"SKU_2","2024-12-01","70","64.37","30"
"SKU_2","2024-12-02","73","65.10","30"
"SKU_2","2024-12-03","70","65.53","30"
"SKU_2","2024-12-04","78","65.70","30"
"SKU_2","2024-12-05","90","67.37","30"
"SKU_2","2024-12-06","98","68.40","30"
"SKU_2","2024-12-07","95","69.80","30"
"SKU_2","2024-12-08","71","70.17","30"
"SKU_2","2024-12-09","82","71.27","30"
"SKU_2","2024-12-10","67","71.30","30"
"SKU_2","2024-12-11","61","71.03","30"
"SKU_2","2024-12-12","94","72.43","30"
"SKU_2","2024-12-13","74","72.87","30"
"SKU_2","2024-12-14","80","73.30","30"
"SKU_2","2024-12-15","71","73.23","30"
"SKU_2","2024-12-16","83","73.83","30"
"SKU_2","2024-12-17","93","75.37","30"
"SKU_2","2024-12-18","94","76.30","30"
"SKU_2","2024-12-19","86","76.30","30"
"SKU_2","2024-12-20","109","77.60","30"
"SKU_2","2024-12-21","101","78.43","30"
"SKU_2","2024-12-22","90","79.80","30"
"SKU_2","2024-12-23","73","80.00","30"
"SKU_2","2024-12-24","100","80.93","30"
"SKU_2","2024-12-25","94","81.80","30"
"SKU_2","2024-12-26","88","82.57","30"
"SKU_2","2024-12-27","92","83.70","30"
"SKU_2","2024-12-28","119","85.40","30"
"SKU_2","2024-12-29","105","85.80","30"
"SKU_2","2024-12-30","106","86.90","30"
"SKU_20","2024-01-01","106","106.00","1"
"SKU_20","2024-01-02","98","102.00","2"
"SKU_20","2024-01-03","88","97.33","3"
"SKU_20","2024-01-04","89","95.25","4"
"SKU_20","2024-01-05","106","97.40","5"
"SKU_20","2024-01-06","119","101.00","6"
"SKU_20","2024-01-07","100","100.86","7"
"SKU_20","2024-01-08","107","101.63","8"
"SKU_20","2024-01-09","120","103.67","9"
"SKU_20","2024-01-10","116","104.90","10"
"SKU_20","2024-01-11","139","108.00","11"
"SKU_20","2024-01-12","111","108.25","12"
"SKU_20","2024-01-13","100","107.62","13"
"SKU_20","2024-01-14","97","106.86","14"
"SKU_20","2024-01-15","124","108.00","15"
"SKU_20","2024-01-16","116","108.50","16"
"SKU_20","2024-01-17","120","109.18","17"
"SKU_20","2024-01-18","128","110.22","18"
"SKU_20","2024-01-19","109","110.16","19"
"SKU_20","2024-01-20","114","110.35","20"
"SKU_20","2024-01-21","161","112.76","21"
"SKU_20","2024-01-22","106","112.45","22"
"SKU_20","2024-01-23","111","112.39","23"
"SKU_20","2024-01-24","127","113.00","24"
"SKU_20","2024-01-25","128","113.60","25"
"SKU_20","2024-01-26","120","113.85","26"
"SKU_20","2024-01-27","122","114.15","27"
"SKU_20","2024-01-28","112","114.07","28"
"SKU_20","2024-01-29","145","115.14","29"
"SKU_20","2024-01-30","101","114.67","30"
"SKU_20","2024-01-31","111","114.83","30"
"SKU_20","2024-02-01","96","114.77","30"
"SKU_20","2024-02-02","163","117.27","30"
"SKU_20","2024-02-03","115","118.13","30"
"SKU_20","2024-02-04","129","118.90","30"
"SKU_20","2024-02-05","142","119.67","30"
"SKU_20","2024-02-06","141","121.03","30"
"SKU_20","2024-02-07","113","121.23","30"
"SKU_20","2024-02-08","131","121.60","30"
"SKU_20","2024-02-09","130","122.07","30"
"SKU_20","2024-02-10","127","121.67","30"
"SKU_20","2024-02-11","134","122.43","30"
"SKU_20","2024-02-12","150","124.10","30"
"SKU_20","2024-02-13","134","125.33","30"
"SKU_20","2024-02-14","136","125.73","30"
"SKU_20","2024-02-15","128","126.13","30"
"SKU_20","2024-02-16","136","126.67","30"
"SKU_20","2024-02-17","129","126.70","30"
"SKU_20","2024-02-18","149","128.03","30"
"SKU_20","2024-02-19","153","129.33","30"
"SKU_20","2024-02-20","142","128.70","30"
"SKU_20","2024-02-21","127","129.40","30"
"SKU_20","2024-02-22","146","130.57","30"
"SKU_20","2024-02-23","136","130.87","30"
"SKU_20","2024-02-24","129","130.90","30"
"SKU_20","2024-02-25","140","131.57","30"
"SKU_20","2024-02-26","146","132.37","30"
"SKU_20","2024-02-27","168","134.23","30"
"SKU_20","2024-02-28","148","134.33","30"
"SKU_20","2024-02-29","140","135.63","30"
"SKU_20","2024-03-01","138","136.53","30"
"SKU_20","2024-03-02","130","137.67","30"
"SKU_20","2024-03-03","145","137.07","30"
"SKU_20","2024-03-04","145","138.07","30"
"SKU_20","2024-03-05","135","138.27","30"
"SKU_20","2024-03-06","150","138.53","30"
"SKU_20","2024-03-07","147","138.73","30"
"SKU_20","2024-03-08","129","139.27","30"
"SKU_20","2024-03-09","125","139.07","30"
"SKU_20","2024-03-10","157","139.97","30"
"SKU_20","2024-03-11","135","140.23","30"
"SKU_20","2024-03-12","170","141.43","30"
"SKU_20","2024-03-13","135","140.93","30"
"SKU_20","2024-03-14","140","141.13","30"
"SKU_20","2024-03-15","124","140.73","30"
"SKU_20","2024-03-16","152","141.53","30"
"SKU_20","2024-03-17","143","141.77","30"
"SKU_20","2024-03-18","158","142.73","30"
"SKU_20","2024-03-19","165","143.27","30"
"SKU_20","2024-03-20","143","142.93","30"
"SKU_20","2024-03-21","163","143.63","30"
"SKU_20","2024-03-22","170","145.07","30"
"SKU_20","2024-03-23","157","145.43","30"
"SKU_20","2024-03-24","148","145.83","30"
"SKU_20","2024-03-25","163","146.97","30"
"SKU_20","2024-03-26","143","147.07","30"
"SKU_20","2024-03-27","165","147.70","30"
"SKU_20","2024-03-28","149","147.07","30"
"SKU_20","2024-03-29","155","147.30","30"
"SKU_20","2024-03-30","156","147.83","30"
"SKU_20","2024-03-31","164","148.70","30"
"SKU_20","2024-04-01","162","149.77","30"
"SKU_20","2024-04-02","188","151.20","30"
"SKU_20","2024-04-03","165","151.87","30"
"SKU_20","2024-04-04","152","152.43","30"
"SKU_20","2024-04-05","140","152.10","30"
"SKU_20","2024-04-06","140","151.87","30"
"SKU_20","2024-04-07","133","152.00","30"
"SKU_20","2024-04-08","184","153.97","30"
"SKU_20","2024-04-09","174","154.53","30"
"SKU_20","2024-04-10","133","154.47","30"
"SKU_20","2024-04-11","176","154.67","30"
"SKU_20","2024-04-12","152","155.23","30"
"SKU_20","2024-04-13","151","155.60","30"
"SKU_20","2024-04-14","134","155.93","30"
"SKU_20","2024-04-15","136","155.40","30"
"SKU_20","2024-04-16","137","155.20","30"
"SKU_20","2024-04-17","140","154.60","30"
"SKU_20","2024-04-18","159","154.40","30"
"SKU_20","2024-04-19","154","154.77","30"
"SKU_20","2024-04-20","142","154.07","30"
"SKU_20","2024-04-21","133","152.83","30"
"SKU_20","2024-04-22","152","152.67","30"
"SKU_20","2024-04-23","192","154.13","30"
"SKU_20","2024-04-24","157","153.93","30"
"SKU_20","2024-04-25","147","154.07","30"
"SKU_20","2024-04-26","120","152.57","30"
"SKU_20","2024-04-27","144","152.40","30"
"SKU_20","2024-04-28","144","152.03","30"
"SKU_20","2024-04-29","145","151.67","30"
"SKU_20","2024-04-30","145","151.03","30"
"SKU_20","2024-05-01","153","150.73","30"
"SKU_20","2024-05-02","141","149.17","30"
"SKU_20","2024-05-03","122","147.73","30"
"SKU_20","2024-05-04","140","147.33","30"
"SKU_20","2024-05-05","154","147.80","30"
"SKU_20","2024-05-06","170","148.80","30"
"SKU_20","2024-05-07","147","149.27","30"
"SKU_20","2024-05-08","136","147.67","30"
"SKU_20","2024-05-09","148","146.80","30"
"SKU_20","2024-05-10","144","147.17","30"
"SKU_20","2024-05-11","134","145.77","30"
"SKU_20","2024-05-12","114","144.50","30"
"SKU_20","2024-05-13","131","143.83","30"
"SKU_20","2024-05-14","132","143.77","30"
"SKU_20","2024-05-15","132","143.63","30"
"SKU_20","2024-05-16","143","143.83","30"
"SKU_20","2024-05-17","137","143.73","30"
"SKU_20","2024-05-18","162","143.83","30"
"SKU_20","2024-05-19","120","142.70","30"
"SKU_20","2024-05-20","126","142.17","30"
"SKU_20","2024-05-21","136","142.27","30"
"SKU_20","2024-05-22","139","141.83","30"
"SKU_20","2024-05-23","127","139.67","30"
"SKU_20","2024-05-24","124","138.57","30"
"SKU_20","2024-05-25","129","137.97","30"
"SKU_20","2024-05-26","125","138.13","30"
"SKU_20","2024-05-27","124","137.47","30"
"SKU_20","2024-05-28","128","136.93","30"
"SKU_20","2024-05-29","134","136.57","30"
"SKU_20","2024-05-30","135","136.23","30"
"SKU_20","2024-05-31","136","135.67","30"
"SKU_20","2024-06-01","141","135.67","30"
"SKU_20","2024-06-02","138","136.20","30"
"SKU_20","2024-06-03","129","135.83","30"
"SKU_20","2024-06-04","122","134.77","30"
"SKU_20","2024-06-05","124","133.23","30"
"SKU_20","2024-06-06","138","132.93","30"
"SKU_20","2024-06-07","119","132.37","30"
"SKU_20","2024-06-08","134","131.90","30"
"SKU_20","2024-06-09","104","130.57","30"
"SKU_20","2024-06-10","125","130.27","30"
"SKU_20","2024-06-11","112","130.20","30"
"SKU_20","2024-06-12","123","129.93","30"
"SKU_20","2024-06-13","120","129.53","30"
"SKU_20","2024-06-14","120","129.13","30"
"SKU_20","2024-06-15","89","127.33","30"
"SKU_20","2024-06-16","117","126.67","30"
"SKU_20","2024-06-17","100","124.60","30"
"SKU_20","2024-06-18","119","124.57","30"
"SKU_20","2024-06-19","98","123.63","30"
"SKU_20","2024-06-20","129","123.40","30"
"SKU_20","2024-06-21","101","122.13","30"
"SKU_20","2024-06-22","125","122.07","30"
"SKU_20","2024-06-23","94","121.07","30"
"SKU_20","2024-06-24","113","120.53","30"
"SKU_20","2024-06-25","95","119.53","30"
"SKU_20","2024-06-26","109","119.03","30"
"SKU_20","2024-06-27","100","118.10","30"
"SKU_20","2024-06-28","102","117.03","30"
"SKU_20","2024-06-29","101","115.90","30"
"SKU_20","2024-06-30","78","113.97","30"
"SKU_20","2024-07-01","93","112.37","30"
"SKU_20","2024-07-02","102","111.17","30"
"SKU_20","2024-07-03","124","111.00","30"
"SKU_20","2024-07-04","89","109.90","30"
"SKU_20","2024-07-05","131","110.13","30"
"SKU_20","2024-07-06","86","108.40","30"
"SKU_20","2024-07-07","91","107.47","30"
"SKU_20","2024-07-08","79","105.63","30"
"SKU_20","2024-07-09","86","105.03","30"
"SKU_20","2024-07-10","106","104.40","30"
"SKU_20","2024-07-11","95","103.83","30"
"SKU_20","2024-07-12","82","102.47","30"
"SKU_20","2024-07-13","104","101.93","30"
"SKU_20","2024-07-14","91","100.97","30"
"SKU_20","2024-07-15","86","100.87","30"
"SKU_20","2024-07-16","66","99.17","30"
"SKU_20","2024-07-17","91","98.87","30"
"SKU_20","2024-07-18","67","97.13","30"
"SKU_20","2024-07-19","80","96.53","30"
"SKU_20","2024-07-20","75","94.73","30"
"SKU_20","2024-07-21","88","94.30","30"
"SKU_20","2024-07-22","63","92.23","30"
"SKU_20","2024-07-23","60","91.10","30"
"SKU_20","2024-07-24","82","90.07","30"
"SKU_20","2024-07-25","80","89.57","30"
"SKU_20","2024-07-26","79","88.57","30"
"SKU_20","2024-07-27","68","87.50","30"
"SKU_20","2024-07-28","80","86.77","30"
"SKU_20","2024-07-29","71","85.77","30"
"SKU_20","2024-07-30","81","85.87","30"
"SKU_20","2024-07-31","78","85.37","30"
"SKU_20","2024-08-01","97","85.20","30"
"SKU_20","2024-08-02","66","83.27","30"
"SKU_20","2024-08-03","47","81.87","30"
"SKU_20","2024-08-04","72","79.90","30"
"SKU_20","2024-08-05","75","79.53","30"
"SKU_20","2024-08-06","43","77.93","30"
"SKU_20","2024-08-07","71","77.67","30"
"SKU_20","2024-08-08","60","76.80","30"
"SKU_20","2024-08-09","48","74.87","30"
"SKU_20","2024-08-10","68","73.97","30"
"SKU_20","2024-08-11","92","74.30","30"
"SKU_20","2024-08-12","62","72.90","30"
"SKU_20","2024-08-13","63","71.97","30"
"SKU_20","2024-08-14","64","71.23","30"
"SKU_20","2024-08-15","73","71.47","30"
"SKU_20","2024-08-16","86","71.30","30"
"SKU_20","2024-08-17","92","72.13","30"
"SKU_20","2024-08-18","56","71.33","30"
"SKU_20","2024-08-19","52","70.57","30"
"SKU_20","2024-08-20","44","69.10","30"
"SKU_20","2024-08-21","76","69.53","30"
"SKU_20","2024-08-22","52","69.27","30"
"SKU_20","2024-08-23","60","68.53","30"
"SKU_20","2024-08-24","47","67.43","30"
"SKU_20","2024-08-25","51","66.50","30"
"SKU_20","2024-08-26","65","66.40","30"
"SKU_20","2024-08-27","50","65.40","30"
"SKU_20","2024-08-28","53","64.80","30"
"SKU_20","2024-08-29","51","63.80","30"
"SKU_20","2024-08-30","59","63.17","30"
"SKU_20","2024-08-31","71","62.30","30"
"SKU_20","2024-09-01","62","62.17","30"
"SKU_20","2024-09-02","72","63.00","30"
"SKU_20","2024-09-03","45","62.10","30"
"SKU_20","2024-09-04","68","61.87","30"
"SKU_20","2024-09-05","38","61.70","30"
"SKU_20","2024-09-06","47","60.90","30"
"SKU_20","2024-09-07","35","60.07","30"
"SKU_20","2024-09-08","48","60.07","30"
"SKU_20","2024-09-09","43","59.23","30"
"SKU_20","2024-09-10","52","57.90","30"
"SKU_20","2024-09-11","48","57.43","30"
"SKU_20","2024-09-12","40","56.67","30"
"SKU_20","2024-09-13","37","55.77","30"
"SKU_20","2024-09-14","67","55.57","30"
"SKU_20","2024-09-15","42","54.10","30"
"SKU_20","2024-09-16","53","52.80","30"
"SKU_20","2024-09-17","50","52.60","30"
"SKU_20","2024-09-18","36","52.07","30"
"SKU_20","2024-09-19","47","52.17","30"
"SKU_20","2024-09-20","49","51.27","30"
"SKU_20","2024-09-21","35","50.70","30"
"SKU_20","2024-09-22","63","50.80","30"
"SKU_20","2024-09-23","38","50.50","30"
"SKU_20","2024-09-24","45","50.30","30"
"SKU_20","2024-09-25","21","48.83","30"
"SKU_20","2024-09-26","52","48.90","30"
"SKU_20","2024-09-27","51","48.83","30"
"SKU_20","2024-09-28","41","48.50","30"
"SKU_20","2024-09-29","53","48.30","30"
"SKU_20","2024-09-30","42","47.33","30"
"SKU_20","2024-10-01","58","47.20","30"
"SKU_20","2024-10-02","49","46.43","30"
"SKU_20","2024-10-03","33","46.03","30"
"SKU_20","2024-10-04","65","45.93","30"
"SKU_20","2024-10-05","68","46.93","30"
"SKU_20","2024-10-06","50","47.03","30"
"SKU_20","2024-10-07","44","47.33","30"
"SKU_20","2024-10-08","38","47.00","30"
"SKU_20","2024-10-09","45","47.07","30"
"SKU_20","2024-10-10","65","47.50","30"
"SKU_20","2024-10-11","65","48.07","30"
"SKU_20","2024-10-12","41","48.10","30"
"SKU_20","2024-10-13","51","48.57","30"
"SKU_20","2024-10-14","45","47.83","30"
"SKU_20","2024-10-15","54","48.23","30"
"SKU_20","2024-10-16","65","48.63","30"
"SKU_20","2024-10-17","65","49.13","30"
"SKU_20","2024-10-18","59","49.90","30"
"SKU_20","2024-10-19","66","50.53","30"
"SKU_20","2024-10-20","44","50.37","30"
"SKU_20","2024-10-21","37","50.43","30"
"SKU_20","2024-10-22","36","49.53","30"
"SKU_20","2024-10-23","63","50.37","30"
"SKU_20","2024-10-24","53","50.63","30"
"SKU_20","2024-10-25","72","52.33","30"
"SKU_20","2024-10-26","39","51.90","30"
"SKU_20","2024-10-27","80","52.87","30"
"SKU_20","2024-10-28","40","52.83","30"
"SKU_20","2024-10-29","55","52.90","30"
"SKU_20","2024-10-30","57","53.40","30"
"SKU_20","2024-10-31","82","54.20","30"
"SKU_20","2024-11-01","68","54.83","30"
"SKU_20","2024-11-02","62","55.80","30"
"SKU_20","2024-11-03","52","55.37","30"
"SKU_20","2024-11-04","73","55.53","30"
"SKU_20","2024-11-05","43","55.30","30"
"SKU_20","2024-11-06","66","56.03","30"
"SKU_20","2024-11-07","52","56.50","30"
"SKU_20","2024-11-08","61","57.03","30"
"SKU_20","2024-11-09","78","57.47","30"
"SKU_20","2024-11-10","69","57.60","30"
"SKU_20","2024-11-11","67","58.47","30"
"SKU_20","2024-11-12","58","58.70","30"
"SKU_20","2024-11-13","49","58.83","30"
"SKU_20","2024-11-14","80","59.70","30"
"SKU_20","2024-11-15","81","60.23","30"
"SKU_20","2024-11-16","46","59.60","30"
"SKU_20","2024-11-17","66","59.83","30"
"SKU_20","2024-11-18","66","59.83","30"
"SKU_20","2024-11-19","86","61.23","30"
"SKU_20","2024-11-20","55","61.83","30"
"SKU_20","2024-11-21","59","62.60","30"
"SKU_20","2024-11-22","60","62.50","30"
"SKU_20","2024-11-23","90","63.73","30"
"SKU_20","2024-11-24","69","63.63","30"
"SKU_20","2024-11-25","75","64.83","30"
"SKU_20","2024-11-26","74","64.63","30"
"SKU_20","2024-11-27","89","66.27","30"
"SKU_20","2024-11-28","76","66.97","30"
"SKU_20","2024-11-29","87","67.97","30"
"SKU_20","2024-11-30","91","68.27","30"
"SKU_20","2024-12-01","61","68.03","30"
"SKU_20","2024-12-02","72","68.37","30"
"SKU_20","2024-12-03","56","68.50","30"
"SKU_20","2024-12-04","85","68.90","30"
"SKU_20","2024-12-05","73","69.90","30"
"SKU_20","2024-12-06","105","71.20","30"
"SKU_20","2024-12-07","91","72.50","30"
"SKU_20","2024-12-08","86","73.33","30"
"SKU_20","2024-12-09","62","72.80","30"
"SKU_20","2024-12-10","94","73.63","30"
"SKU_20","2024-12-11","91","74.43","30"
"SKU_20","2024-12-12","80","75.17","30"
"SKU_20","2024-12-13","88","76.47","30"
"SKU_20","2024-12-14","85","76.63","30"
"SKU_20","2024-12-15","100","77.27","30"
"SKU_20","2024-12-16","86","78.60","30"
"SKU_20","2024-12-17","90","79.40","30"
"SKU_20","2024-12-18","72","79.60","30"
"SKU_20","2024-12-19","105","80.23","30"
"SKU_20","2024-12-20","103","81.83","30"
"SKU_20","2024-12-21","104","83.33","30"
"SKU_20","2024-12-22","92","84.40","30"
"SKU_20","2024-12-23","98","84.67","30"
"SKU_20","2024-12-24","82","85.10","30"
"SKU_20","2024-12-25","96","85.80","30"
"SKU_20","2024-12-26","99","86.63","30"
"SKU_20","2024-12-27","109","87.30","30"
"SKU_20","2024-12-28","99","88.07","30"
"SKU_20","2024-12-29","113","88.93","30"
"SKU_20","2024-12-30","105","89.40","30"
"SKU_21","2024-01-01","103","103.00","1"
"SKU_21","2024-01-02","103","103.00","2"
"SKU_21","2024-01-03","105","103.67","3"
"SKU_21","2024-01-04","117","107.00","4"
"SKU_21","2024-01-05","119","109.40","5"
"SKU_21","2024-01-06","98","107.50","6"
"SKU_21","2024-01-07","103","106.86","7"
"SKU_21","2024-01-08","124","109.00","8"
"SKU_21","2024-01-09","127","111.00","9"
"SKU_21","2024-01-10","116","111.50","10"
"SKU_21","2024-01-11","114","111.73","11"
"SKU_21","2024-01-12","120","112.42","12"
"SKU_21","2024-01-13","104","111.77","13"
"SKU_21","2024-01-14","80","109.50","14"
"SKU_21","2024-01-15","103","109.07","15"
"SKU_21","2024-01-16","103","108.69","16"
"SKU_21","2024-01-17","125","109.65","17"
"SKU_21","2024-01-18","108","109.56","18"
"SKU_21","2024-01-19","112","109.68","19"
"SKU_21","2024-01-20","102","109.30","20"
"SKU_21","2024-01-21","124","110.00","21"
"SKU_21","2024-01-22","102","109.64","22"
"SKU_21","2024-01-23","136","110.78","23"
"SKU_21","2024-01-24","87","109.79","24"
"SKU_21","2024-01-25","116","110.04","25"
"SKU_21","2024-01-26","115","110.23","26"
"SKU_21","2024-01-27","124","110.74","27"
"SKU_21","2024-01-28","109","110.68","28"
"SKU_21","2024-01-29","125","111.17","29"
"SKU_21","2024-01-30","148","112.40","30"
"SKU_21","2024-01-31","129","113.27","30"
"SKU_21","2024-02-01","128","114.10","30"
"SKU_21","2024-02-02","139","115.23","30"
"SKU_21","2024-02-03","127","115.57","30"
"SKU_21","2024-02-04","83","114.37","30"
"SKU_21","2024-02-05","129","115.40","30"
"SKU_21","2024-02-06","119","115.93","30"
"SKU_21","2024-02-07","127","116.03","30"
"SKU_21","2024-02-08","137","116.37","30"
"SKU_21","2024-02-09","128","116.77","30"
"SKU_21","2024-02-10","146","117.83","30"
"SKU_21","2024-02-11","146","118.70","30"
"SKU_21","2024-02-12","135","119.73","30"
"SKU_21","2024-02-13","141","121.77","30"
"SKU_21","2024-02-14","148","123.27","30"
"SKU_21","2024-02-15","145","124.67","30"
"SKU_21","2024-02-16","157","125.73","30"
"SKU_21","2024-02-17","123","126.23","30"
"SKU_21","2024-02-18","118","126.43","30"
"SKU_21","2024-02-19","157","128.27","30"
"SKU_21","2024-02-20","140","128.80","30"
"SKU_21","2024-02-21","169","131.03","30"
"SKU_21","2024-02-22","124","130.63","30"
"SKU_21","2024-02-23","138","132.33","30"
"SKU_21","2024-02-24","155","133.63","30"
"SKU_21","2024-02-25","128","134.07","30"
"SKU_21","2024-02-26","129","134.23","30"
"SKU_21","2024-02-27","139","135.23","30"
"SKU_21","2024-02-28","145","135.90","30"
"SKU_21","2024-02-29","165","136.47","30"
"SKU_21","2024-03-01","133","136.60","30"
"SKU_21","2024-03-02","131","136.70","30"
"SKU_21","2024-03-03","170","137.73","30"
"SKU_21","2024-03-04","155","138.67","30"
"SKU_21","2024-03-05","166","141.43","30"
"SKU_21","2024-03-06","163","142.57","30"
"SKU_21","2024-03-07","129","142.90","30"
"SKU_21","2024-03-08","142","143.40","30"
"SKU_21","2024-03-09","145","143.67","30"
"SKU_21","2024-03-10","156","144.60","30"
"SKU_21","2024-03-11","168","145.33","30"
"SKU_21","2024-03-12","159","145.77","30"
"SKU_21","2024-03-13","124","145.40","30"
"SKU_21","2024-03-14","177","146.60","30"
"SKU_21","2024-03-15","148","146.60","30"
"SKU_21","2024-03-16","153","146.87","30"
"SKU_21","2024-03-17","139","146.27","30"
"SKU_21","2024-03-18","142","146.90","30"
"SKU_21","2024-03-19","153","148.07","30"
"SKU_21","2024-03-20","155","148.00","30"
"SKU_21","2024-03-21","160","148.67","30"
"SKU_21","2024-03-22","131","147.40","30"
"SKU_21","2024-03-23","155","148.43","30"
"SKU_21","2024-03-24","163","149.27","30"
"SKU_21","2024-03-25","124","148.23","30"
"SKU_21","2024-03-26","159","149.27","30"
"SKU_21","2024-03-27","176","150.83","30"
"SKU_21","2024-03-28","137","150.77","30"
"SKU_21","2024-03-29","156","151.13","30"
"SKU_21","2024-03-30","151","150.67","30"
"SKU_21","2024-03-31","139","150.87","30"
"SKU_21","2024-04-01","146","151.37","30"
"SKU_21","2024-04-02","152","150.77","30"
"SKU_21","2024-04-03","138","150.20","30"
"SKU_21","2024-04-04","144","149.47","30"
"SKU_21","2024-04-05","158","149.30","30"
"SKU_21","2024-04-06","141","149.70","30"
"SKU_21","2024-04-07","143","149.73","30"
"SKU_21","2024-04-08","128","149.17","30"
"SKU_21","2024-04-09","166","149.50","30"
"SKU_21","2024-04-10","151","148.93","30"
"SKU_21","2024-04-11","143","148.40","30"
"SKU_21","2024-04-12","167","149.83","30"
"SKU_21","2024-04-13","170","149.60","30"
"SKU_21","2024-04-14","125","148.83","30"
"SKU_21","2024-04-15","158","149.00","30"
"SKU_21","2024-04-16","157","149.60","30"
"SKU_21","2024-04-17","139","149.50","30"
"SKU_21","2024-04-18","160","149.73","30"
"SKU_21","2024-04-19","134","149.03","30"
"SKU_21","2024-04-20","152","148.77","30"
"SKU_21","2024-04-21","117","148.30","30"
"SKU_21","2024-04-22","131","147.50","30"
"SKU_21","2024-04-23","149","147.03","30"
"SKU_21","2024-04-24","147","147.80","30"
"SKU_21","2024-04-25","162","147.90","30"
"SKU_21","2024-04-26","158","147.30","30"
"SKU_21","2024-04-27","141","147.43","30"
"SKU_21","2024-04-28","123","146.33","30"
"SKU_21","2024-04-29","151","146.33","30"
"SKU_21","2024-04-30","132","146.10","30"
"SKU_21","2024-05-01","147","146.13","30"
"SKU_21","2024-05-02","149","146.03","30"
"SKU_21","2024-05-03","150","146.43","30"
"SKU_21","2024-05-04","139","146.27","30"
"SKU_21","2024-05-05","141","145.70","30"
"SKU_21","2024-05-06","135","145.50","30"
"SKU_21","2024-05-07","131","145.10","30"
"SKU_21","2024-05-08","156","146.03","30"
"SKU_21","2024-05-09","154","145.63","30"
"SKU_21","2024-05-10","151","145.63","30"
"SKU_21","2024-05-11","150","145.87","30"
"SKU_21","2024-05-12","125","144.47","30"
"SKU_21","2024-05-13","142","143.53","30"
"SKU_21","2024-05-14","123","143.47","30"
"SKU_21","2024-05-15","136","142.73","30"
"SKU_21","2024-05-16","115","141.33","30"
"SKU_21","2024-05-17","148","141.63","30"
"SKU_21","2024-05-18","145","141.13","30"
"SKU_21","2024-05-19","141","141.37","30"
"SKU_21","2024-05-20","143","141.07","30"
"SKU_21","2024-05-21","125","141.33","30"
"SKU_21","2024-05-22","118","140.90","30"
"SKU_21","2024-05-23","127","140.17","30"
"SKU_21","2024-05-24","133","139.70","30"
"SKU_21","2024-05-25","123","138.40","30"
"SKU_21","2024-05-26","136","137.67","30"
"SKU_21","2024-05-27","165","138.47","30"
"SKU_21","2024-05-28","121","138.40","30"
"SKU_21","2024-05-29","110","137.03","30"
"SKU_21","2024-05-30","155","137.80","30"
"SKU_21","2024-05-31","137","137.47","30"
"SKU_21","2024-06-01","134","136.97","30"
"SKU_21","2024-06-02","132","136.37","30"
"SKU_21","2024-06-03","124","135.87","30"
"SKU_21","2024-06-04","101","134.53","30"
"SKU_21","2024-06-05","110","133.70","30"
"SKU_21","2024-06-06","109","132.97","30"
"SKU_21","2024-06-07","112","131.50","30"
"SKU_21","2024-06-08","114","130.17","30"
"SKU_21","2024-06-09","124","129.27","30"
"SKU_21","2024-06-10","140","128.93","30"
"SKU_21","2024-06-11","119","128.73","30"
"SKU_21","2024-06-12","112","127.73","30"
"SKU_21","2024-06-13","119","127.60","30"
"SKU_21","2024-06-14","120","127.07","30"
"SKU_21","2024-06-15","115","127.07","30"
"SKU_21","2024-06-16","148","127.07","30"
"SKU_21","2024-06-17","106","125.77","30"
"SKU_21","2024-06-18","108","124.67","30"
"SKU_21","2024-06-19","151","124.93","30"
"SKU_21","2024-06-20","123","124.87","30"
"SKU_21","2024-06-21","114","124.73","30"
"SKU_21","2024-06-22","102","123.90","30"
"SKU_21","2024-06-23","123","123.57","30"
"SKU_21","2024-06-24","112","123.20","30"
"SKU_21","2024-06-25","112","122.40","30"
"SKU_21","2024-06-26","98","120.17","30"
"SKU_21","2024-06-27","96","119.33","30"
"SKU_21","2024-06-28","92","118.73","30"
"SKU_21","2024-06-29","118","117.50","30"
"SKU_21","2024-06-30","99","116.23","30"
"SKU_21","2024-07-01","98","115.03","30"
"SKU_21","2024-07-02","71","113.00","30"
"SKU_21","2024-07-03","101","112.23","30"
"SKU_21","2024-07-04","109","112.50","30"
"SKU_21","2024-07-05","92","111.90","30"
"SKU_21","2024-07-06","81","110.97","30"
"SKU_21","2024-07-07","109","110.87","30"
"SKU_21","2024-07-08","88","110.00","30"
"SKU_21","2024-07-09","101","109.23","30"
"SKU_21","2024-07-10","109","108.20","30"
"SKU_21","2024-07-11","97","107.47","30"
"SKU_21","2024-07-12","76","106.27","30"
"SKU_21","2024-07-13","105","105.80","30"
"SKU_21","2024-07-14","70","104.13","30"
"SKU_21","2024-07-15","106","103.83","30"
"SKU_21","2024-07-16","84","101.70","30"
"SKU_21","2024-07-17","73","100.60","30"
"SKU_21","2024-07-18","81","99.70","30"
"SKU_21","2024-07-19","86","97.53","30"
"SKU_21","2024-07-20","83","96.20","30"
"SKU_21","2024-07-21","57","94.30","30"
"SKU_21","2024-07-22","80","93.57","30"
"SKU_21","2024-07-23","63","91.57","30"
"SKU_21","2024-07-24","85","90.67","30"
"SKU_21","2024-07-25","92","90.00","30"
"SKU_21","2024-07-26","70","89.07","30"
"SKU_21","2024-07-27","88","88.80","30"
"SKU_21","2024-07-28","53","87.50","30"
"SKU_21","2024-07-29","44","85.03","30"
"SKU_21","2024-07-30","72","84.13","30"
"SKU_21","2024-07-31","61","82.90","30"
"SKU_21","2024-08-01","55","82.37","30"
"SKU_21","2024-08-02","87","81.90","30"
"SKU_21","2024-08-03","63","80.37","30"
"SKU_21","2024-08-04","82","80.03","30"
"SKU_21","2024-08-05","61","79.37","30"
"SKU_21","2024-08-06","57","77.63","30"
"SKU_21","2024-08-07","69","77.00","30"
"SKU_21","2024-08-08","84","76.43","30"
"SKU_21","2024-08-09","52","74.53","30"
"SKU_21","2024-08-10","59","73.27","30"
"SKU_21","2024-08-11","37","71.97","30"
"SKU_21","2024-08-12","55","70.30","30"
"SKU_21","2024-08-13","70","70.30","30"
"SKU_21","2024-08-14","59","68.73","30"
"SKU_21","2024-08-15","69","68.23","30"
"SKU_21","2024-08-16","56","67.67","30"
"SKU_21","2024-08-17","47","66.53","30"
"SKU_21","2024-08-18","37","64.90","30"
"SKU_21","2024-08-19","46","63.67","30"
"SKU_21","2024-08-20","60","63.77","30"
"SKU_21","2024-08-21","46","62.63","30"
"SKU_21","2024-08-22","69","62.83","30"
"SKU_21","2024-08-23","72","62.40","30"
"SKU_21","2024-08-24","63","61.43","30"
"SKU_21","2024-08-25","65","61.27","30"
"SKU_21","2024-08-26","48","59.93","30"
"SKU_21","2024-08-27","55","60.00","30"
"SKU_21","2024-08-28","79","61.17","30"
"SKU_21","2024-08-29","74","61.23","30"
"SKU_21","2024-08-30","47","60.77","30"
"SKU_21","2024-08-31","26","59.80","30"
"SKU_21","2024-09-01","62","58.97","30"
"SKU_21","2024-09-02","48","58.47","30"
"SKU_21","2024-09-03","57","57.63","30"
"SKU_21","2024-09-04","92","58.67","30"
"SKU_21","2024-09-05","58","58.70","30"
"SKU_21","2024-09-06","56","58.27","30"
"SKU_21","2024-09-07","69","57.77","30"
"SKU_21","2024-09-08","44","57.50","30"
"SKU_21","2024-09-09","55","57.37","30"
"SKU_21","2024-09-10","58","58.07","30"
"SKU_21","2024-09-11","63","58.33","30"
"SKU_21","2024-09-12","50","57.67","30"
"SKU_21","2024-09-13","51","57.40","30"
"SKU_21","2024-09-14","51","56.80","30"
"SKU_21","2024-09-15","50","56.60","30"
"SKU_21","2024-09-16","55","56.87","30"
"SKU_21","2024-09-17","49","57.27","30"
"SKU_21","2024-09-18","65","57.90","30"
"SKU_21","2024-09-19","46","57.43","30"
"SKU_21","2024-09-20","28","56.83","30"
"SKU_21","2024-09-21","33","55.63","30"
"SKU_21","2024-09-22","56","55.10","30"
"SKU_21","2024-09-23","45","54.50","30"
"SKU_21","2024-09-24","51","54.03","30"
"SKU_21","2024-09-25","55","54.27","30"
"SKU_21","2024-09-26","51","54.13","30"
"SKU_21","2024-09-27","47","53.07","30"
"SKU_21","2024-09-28","44","52.07","30"
"SKU_21","2024-09-29","44","51.97","30"
"SKU_21","2024-09-30","35","52.27","30"
"SKU_21","2024-10-01","36","51.40","30"
"SKU_21","2024-10-02","36","51.00","30"
"SKU_21","2024-10-03","42","50.50","30"
"SKU_21","2024-10-04","36","48.63","30"
"SKU_21","2024-10-05","58","48.63","30"
"SKU_21","2024-10-06","30","47.77","30"
"SKU_21","2024-10-07","45","46.97","30"
"SKU_21","2024-10-08","50","47.17","30"
"SKU_21","2024-10-09","56","47.20","30"
"SKU_21","2024-10-10","21","45.97","30"
"SKU_21","2024-10-11","57","45.77","30"
"SKU_21","2024-10-12","59","46.07","30"
"SKU_21","2024-10-13","63","46.47","30"
"SKU_21","2024-10-14","60","46.77","30"
"SKU_21","2024-10-15","66","47.30","30"
"SKU_21","2024-10-16","61","47.50","30"
"SKU_21","2024-10-17","51","47.57","30"
"SKU_21","2024-10-18","47","46.97","30"
"SKU_21","2024-10-19","36","46.63","30"
"SKU_21","2024-10-20","56","47.57","30"
"SKU_21","2024-10-21","33","47.57","30"
"SKU_21","2024-10-22","64","47.83","30"
"SKU_21","2024-10-23","56","48.20","30"
"SKU_21","2024-10-24","55","48.33","30"
"SKU_21","2024-10-25","48","48.10","30"
"SKU_21","2024-10-26","61","48.43","30"
"SKU_21","2024-10-27","30","47.87","30"
"SKU_21","2024-10-28","59","48.37","30"
"SKU_21","2024-10-29","57","48.80","30"
"SKU_21","2024-10-30","70","49.97","30"
"SKU_21","2024-10-31","47","50.33","30"
"SKU_21","2024-11-01","67","51.37","30"
"SKU_21","2024-11-02","41","51.33","30"
"SKU_21","2024-11-03","72","52.53","30"
"SKU_21","2024-11-04","68","52.87","30"
"SKU_21","2024-11-05","75","54.37","30"
"SKU_21","2024-11-06","45","54.37","30"
"SKU_21","2024-11-07","69","55.00","30"
"SKU_21","2024-11-08","46","54.67","30"
"SKU_21","2024-11-09","74","56.43","30"
"SKU_21","2024-11-10","63","56.63","30"
"SKU_21","2024-11-11","71","57.03","30"
"SKU_21","2024-11-12","54","56.73","30"
"SKU_21","2024-11-13","70","57.07","30"
"SKU_21","2024-11-14","66","57.07","30"
"SKU_21","2024-11-15","53","56.80","30"
"SKU_21","2024-11-16","69","57.40","30"
"SKU_21","2024-11-17","72","58.23","30"
"SKU_21","2024-11-18","61","59.07","30"
"SKU_21","2024-11-19","54","59.00","30"
"SKU_21","2024-11-20","61","59.93","30"
"SKU_21","2024-11-21","55","59.63","30"
"SKU_21","2024-11-22","75","60.27","30"
"SKU_21","2024-11-23","61","60.47","30"
"SKU_21","2024-11-24","71","61.23","30"
"SKU_21","2024-11-25","70","61.53","30"
"SKU_21","2024-11-26","53","62.30","30"
"SKU_21","2024-11-27","53","62.10","30"
"SKU_21","2024-11-28","72","62.60","30"
"SKU_21","2024-11-29","74","62.73","30"
"SKU_21","2024-11-30","100","64.50","30"
"SKU_21","2024-12-01","71","64.63","30"
"SKU_21","2024-12-02","58","65.20","30"
"SKU_21","2024-12-03","88","65.73","30"
"SKU_21","2024-12-04","91","66.50","30"
"SKU_21","2024-12-05","72","66.40","30"
"SKU_21","2024-12-06","83","67.67","30"
"SKU_21","2024-12-07","81","68.07","30"
"SKU_21","2024-12-08","93","69.63","30"
"SKU_21","2024-12-09","65","69.33","30"
"SKU_21","2024-12-10","82","69.97","30"
"SKU_21","2024-12-11","76","70.13","30"
"SKU_21","2024-12-12","85","71.17","30"
"SKU_21","2024-12-13","59","70.80","30"
"SKU_21","2024-12-14","95","71.77","30"
"SKU_21","2024-12-15","68","72.27","30"
"SKU_21","2024-12-16","85","72.80","30"
"SKU_21","2024-12-17","100","73.73","30"
"SKU_21","2024-12-18","67","73.93","30"
"SKU_21","2024-12-19","96","75.33","30"
"SKU_21","2024-12-20","81","76.00","30"
"SKU_21","2024-12-21","123","78.27","30"
"SKU_21","2024-12-22","103","79.20","30"
"SKU_21","2024-12-23","91","80.20","30"
"SKU_21","2024-12-24","118","81.77","30"
"SKU_21","2024-12-25","108","83.03","30"
"SKU_21","2024-12-26","100","84.60","30"
"SKU_21","2024-12-27","95","86.00","30"
"SKU_21","2024-12-28","105","87.10","30"
"SKU_21","2024-12-29","123","88.73","30"
"SKU_21","2024-12-30","95","88.57","30"
"SKU_22","2024-01-01","98","98.00","1"
"SKU_22","2024-01-02","117","107.50","2"
"SKU_22","2024-01-03","106","107.00","3"
"SKU_22","2024-01-04","119","110.00","4"
"SKU_22","2024-01-05","109","109.80","5"
"SKU_22","2024-01-06","102","108.50","6"
"SKU_22","2024-01-07","123","110.57","7"
"SKU_22","2024-01-08","105","109.88","8"
"SKU_22","2024-01-09","111","110.00","9"
"SKU_22","2024-01-10","121","111.10","10"
"SKU_22","2024-01-11","103","110.36","11"
"SKU_22","2024-01-12","120","111.17","12"
"SKU_22","2024-01-13","106","110.77","13"
"SKU_22","2024-01-14","120","111.43","14"
"SKU_22","2024-01-15","123","112.20","15"
"SKU_22","2024-01-16","130","113.31","16"
"SKU_22","2024-01-17","110","113.12","17"
"SKU_22","2024-01-18","105","112.67","18"
"SKU_22","2024-01-19","103","112.16","19"
"SKU_22","2024-01-20","115","112.30","20"
"SKU_22","2024-01-21","111","112.24","21"
"SKU_22","2024-01-22","123","112.73","22"
"SKU_22","2024-01-23","103","112.30","23"
"SKU_22","2024-01-24","116","112.46","24"
"SKU_22","2024-01-25","124","112.92","25"
"SKU_22","2024-01-26","134","113.73","26"
"SKU_22","2024-01-27","117","113.85","27"
"SKU_22","2024-01-28","113","113.82","28"
"SKU_22","2024-01-29","128","114.31","29"
"SKU_22","2024-01-30","149","115.47","30"
"SKU_22","2024-01-31","126","116.40","30"
"SKU_22","2024-02-01","127","116.73","30"
"SKU_22","2024-02-02","117","117.10","30"
"SKU_22","2024-02-03","134","117.60","30"
"SKU_22","2024-02-04","115","117.80","30"
"SKU_22","2024-02-05","106","117.93","30"
"SKU_22","2024-02-06","135","118.33","30"
"SKU_22","2024-02-07","120","118.83","30"
"SKU_22","2024-02-08","146","120.00","30"
"SKU_22","2024-02-09","135","120.47","30"
"SKU_22","2024-02-10","151","122.07","30"
"SKU_22","2024-02-11","136","122.60","30"
"SKU_22","2024-02-12","133","123.50","30"
"SKU_22","2024-02-13","156","124.70","30"
"SKU_22","2024-02-14","128","124.87","30"
"SKU_22","2024-02-15","130","124.87","30"
"SKU_22","2024-02-16","124","125.33","30"
"SKU_22","2024-02-17","155","127.00","30"
"SKU_22","2024-02-18","140","128.23","30"
"SKU_22","2024-02-19","159","129.70","30"
"SKU_22","2024-02-20","138","130.60","30"
"SKU_22","2024-02-21","149","131.47","30"
"SKU_22","2024-02-22","140","132.70","30"
"SKU_22","2024-02-23","158","134.10","30"
"SKU_22","2024-02-24","157","135.20","30"
"SKU_22","2024-02-25","134","135.20","30"
"SKU_22","2024-02-26","137","135.87","30"
"SKU_22","2024-02-27","156","137.30","30"
"SKU_22","2024-02-28","129","137.33","30"
"SKU_22","2024-02-29","139","137.00","30"
"SKU_22","2024-03-01","138","137.40","30"
"SKU_22","2024-03-02","167","138.73","30"
"SKU_22","2024-03-03","146","139.70","30"
"SKU_22","2024-03-04","169","140.87","30"
"SKU_22","2024-03-05","150","142.03","30"
"SKU_22","2024-03-06","152","143.57","30"
"SKU_22","2024-03-07","124","143.20","30"
"SKU_22","2024-03-08","148","144.13","30"
"SKU_22","2024-03-09","153","144.37","30"
"SKU_22","2024-03-10","137","144.43","30"
"SKU_22","2024-03-11","155","144.57","30"
"SKU_22","2024-03-12","149","145.00","30"
"SKU_22","2024-03-13","165","146.07","30"
"SKU_22","2024-03-14","180","146.87","30"
"SKU_22","2024-03-15","150","147.60","30"
"SKU_22","2024-03-16","161","148.63","30"
"SKU_22","2024-03-17","142","149.23","30"
"SKU_22","2024-03-18","167","149.63","30"
"SKU_22","2024-03-19","144","149.77","30"
"SKU_22","2024-03-20","149","149.43","30"
"SKU_22","2024-03-21","151","149.87","30"
"SKU_22","2024-03-22","139","149.53","30"
"SKU_22","2024-03-23","148","149.80","30"
"SKU_22","2024-03-24","149","149.50","30"
"SKU_22","2024-03-25","168","149.87","30"
"SKU_22","2024-03-26","145","150.23","30"
"SKU_22","2024-03-27","131","150.03","30"
"SKU_22","2024-03-28","159","150.13","30"
"SKU_22","2024-03-29","158","151.10","30"
"SKU_22","2024-03-30","138","151.07","30"
"SKU_22","2024-03-31","149","151.43","30"
"SKU_22","2024-04-01","152","150.93","30"
"SKU_22","2024-04-02","163","151.50","30"
"SKU_22","2024-04-03","159","151.17","30"
"SKU_22","2024-04-04","128","150.43","30"
"SKU_22","2024-04-05","153","150.47","30"
"SKU_22","2024-04-06","139","150.97","30"
"SKU_22","2024-04-07","149","151.00","30"
"SKU_22","2024-04-08","145","150.73","30"
"SKU_22","2024-04-09","156","151.37","30"
"SKU_22","2024-04-10","175","152.03","30"
"SKU_22","2024-04-11","126","151.27","30"
"SKU_22","2024-04-12","152","150.83","30"
"SKU_22","2024-04-13","141","149.53","30"
"SKU_22","2024-04-14","146","149.40","30"
"SKU_22","2024-04-15","133","148.47","30"
"SKU_22","2024-04-16","147","148.63","30"
"SKU_22","2024-04-17","161","148.43","30"
"SKU_22","2024-04-18","132","148.03","30"
"SKU_22","2024-04-19","123","147.17","30"
"SKU_22","2024-04-20","136","146.67","30"
"SKU_22","2024-04-21","160","147.37","30"
"SKU_22","2024-04-22","153","147.53","30"
"SKU_22","2024-04-23","156","147.77","30"
"SKU_22","2024-04-24","159","147.47","30"
"SKU_22","2024-04-25","130","146.97","30"
"SKU_22","2024-04-26","135","147.10","30"
"SKU_22","2024-04-27","139","146.43","30"
"SKU_22","2024-04-28","129","145.47","30"
"SKU_22","2024-04-29","148","145.80","30"
"SKU_22","2024-04-30","145","145.67","30"
"SKU_22","2024-05-01","140","145.27","30"
"SKU_22","2024-05-02","138","144.43","30"
"SKU_22","2024-05-03","143","143.90","30"
"SKU_22","2024-05-04","144","144.43","30"
"SKU_22","2024-05-05","170","145.00","30"
"SKU_22","2024-05-06","138","144.97","30"
"SKU_22","2024-05-07","144","144.80","30"
"SKU_22","2024-05-08","139","144.60","30"
"SKU_22","2024-05-09","134","143.87","30"
"SKU_22","2024-05-10","130","142.37","30"
"SKU_22","2024-05-11","144","142.97","30"
"SKU_22","2024-05-12","143","142.67","30"
"SKU_22","2024-05-13","108","141.57","30"
"SKU_22","2024-05-14","139","141.33","30"
"SKU_22","2024-05-15","126","141.10","30"
"SKU_22","2024-05-16","120","140.20","30"
"SKU_22","2024-05-17","123","138.93","30"
"SKU_22","2024-05-18","138","139.13","30"
"SKU_22","2024-05-19","153","140.13","30"
"SKU_22","2024-05-20","129","139.90","30"
"SKU_22","2024-05-21","140","139.23","30"
"SKU_22","2024-05-22","103","137.57","30"
"SKU_22","2024-05-23","128","136.63","30"
"SKU_22","2024-05-24","137","135.90","30"
"SKU_22","2024-05-25","148","136.50","30"
"SKU_22","2024-05-26","124","136.13","30"
"SKU_22","2024-05-27","146","136.37","30"
"SKU_22","2024-05-28","140","136.73","30"
"SKU_22","2024-05-29","129","136.10","30"
"SKU_22","2024-05-30","110","134.93","30"
"SKU_22","2024-05-31","133","134.70","30"
"SKU_22","2024-06-01","126","134.30","30"
"SKU_22","2024-06-02","115","133.37","30"
"SKU_22","2024-06-03","103","132.00","30"
"SKU_22","2024-06-04","105","129.83","30"
"SKU_22","2024-06-05","111","128.93","30"
"SKU_22","2024-06-06","110","127.80","30"
"SKU_22","2024-06-07","128","127.43","30"
"SKU_22","2024-06-08","129","127.27","30"
"SKU_22","2024-06-09","143","127.70","30"
"SKU_22","2024-06-10","122","126.97","30"
"SKU_22","2024-06-11","111","125.90","30"
"SKU_22","2024-06-12","107","125.87","30"
"SKU_22","2024-06-13","113","125.00","30"
"SKU_22","2024-06-14","112","124.53","30"
"SKU_22","2024-06-15","100","123.87","30"
"SKU_22","2024-06-16","129","124.07","30"
"SKU_22","2024-06-17","100","122.80","30"
"SKU_22","2024-06-18","141","122.40","30"
"SKU_22","2024-06-19","99","121.40","30"
"SKU_22","2024-06-20","115","120.57","30"
"SKU_22","2024-06-21","115","120.97","30"
"SKU_22","2024-06-22","105","120.20","30"
"SKU_22","2024-06-23","106","119.17","30"
"SKU_22","2024-06-24","109","117.87","30"
"SKU_22","2024-06-25","90","116.73","30"
"SKU_22","2024-06-26","118","115.80","30"
"SKU_22","2024-06-27","109","114.77","30"
"SKU_22","2024-06-28","99","113.77","30"
"SKU_22","2024-06-29","103","113.53","30"
"SKU_22","2024-06-30","128","113.37","30"
"SKU_22","2024-07-01","101","112.53","30"
"SKU_22","2024-07-02","111","112.40","30"
"SKU_22","2024-07-03","97","112.20","30"
"SKU_22","2024-07-04","69","111.00","30"
"SKU_22","2024-07-05","107","110.87","30"
"SKU_22","2024-07-06","107","110.77","30"
"SKU_22","2024-07-07","100","109.83","30"
"SKU_22","2024-07-08","83","108.30","30"
"SKU_22","2024-07-09","104","107.00","30"
"SKU_22","2024-07-10","105","106.43","30"
"SKU_22","2024-07-11","79","105.37","30"
"SKU_22","2024-07-12","104","105.27","30"
"SKU_22","2024-07-13","115","105.33","30"
"SKU_22","2024-07-14","97","104.83","30"
"SKU_22","2024-07-15","92","104.57","30"
"SKU_22","2024-07-16","88","103.20","30"
"SKU_22","2024-07-17","81","102.57","30"
"SKU_22","2024-07-18","78","100.47","30"
"SKU_22","2024-07-19","67","99.40","30"
"SKU_22","2024-07-20","97","98.80","30"
"SKU_22","2024-07-21","96","98.17","30"
"SKU_22","2024-07-22","83","97.43","30"
"SKU_22","2024-07-23","101","97.27","30"
"SKU_22","2024-07-24","68","95.90","30"
"SKU_22","2024-07-25","64","95.03","30"
"SKU_22","2024-07-26","65","93.27","30"
"SKU_22","2024-07-27","84","92.43","30"
"SKU_22","2024-07-28","77","91.70","30"
"SKU_22","2024-07-29","81","90.97","30"
"SKU_22","2024-07-30","78","89.30","30"
"SKU_22","2024-07-31","78","88.53","30"
"SKU_22","2024-08-01","63","86.93","30"
"SKU_22","2024-08-02","62","85.77","30"
"SKU_22","2024-08-03","81","86.17","30"
"SKU_22","2024-08-04","72","85.00","30"
"SKU_22","2024-08-05","51","83.13","30"
"SKU_22","2024-08-06","74","82.27","30"
"SKU_22","2024-08-07","77","82.07","30"
"SKU_22","2024-08-08","66","80.80","30"
"SKU_22","2024-08-09","68","79.57","30"
"SKU_22","2024-08-10","57","78.83","30"
"SKU_22","2024-08-11","65","77.53","30"
"SKU_22","2024-08-12","87","76.60","30"
"SKU_22","2024-08-13","60","75.37","30"
"SKU_22","2024-08-14","76","74.83","30"
"SKU_22","2024-08-15","55","73.73","30"
"SKU_22","2024-08-16","69","73.33","30"
"SKU_22","2024-08-17","70","73.07","30"
"SKU_22","2024-08-18","52","72.57","30"
"SKU_22","2024-08-19","60","71.33","30"
"SKU_22","2024-08-20","61","70.17","30"
"SKU_22","2024-08-21","66","69.60","30"
"SKU_22","2024-08-22","65","68.40","30"
"SKU_22","2024-08-23","57","68.03","30"
"SKU_22","2024-08-24","76","68.43","30"
"SKU_22","2024-08-25","51","67.97","30"
"SKU_22","2024-08-26","45","66.67","30"
"SKU_22","2024-08-27","41","65.47","30"
"SKU_22","2024-08-28","64","64.90","30"
"SKU_22","2024-08-29","51","64.00","30"
"SKU_22","2024-08-30","57","63.30","30"
"SKU_22","2024-08-31","49","62.83","30"
"SKU_22","2024-09-01","33","61.87","30"
"SKU_22","2024-09-02","53","60.93","30"
"SKU_22","2024-09-03","53","60.30","30"
"SKU_22","2024-09-04","46","60.13","30"
"SKU_22","2024-09-05","34","58.80","30"
"SKU_22","2024-09-06","36","57.43","30"
"SKU_22","2024-09-07","54","57.03","30"
"SKU_22","2024-09-08","45","56.27","30"
"SKU_22","2024-09-09","46","55.90","30"
"SKU_22","2024-09-10","47","55.30","30"
"SKU_22","2024-09-11","61","54.43","30"
"SKU_22","2024-09-12","28","53.37","30"
"SKU_22","2024-09-13","51","52.53","30"
"SKU_22","2024-09-14","67","52.93","30"
"SKU_22","2024-09-15","25","51.47","30"
"SKU_22","2024-09-16","50","50.80","30"
"SKU_22","2024-09-17","45","50.57","30"
"SKU_22","2024-09-18","19","49.20","30"
"SKU_22","2024-09-19","46","48.70","30"
"SKU_22","2024-09-20","57","48.40","30"
"SKU_22","2024-09-21","51","47.93","30"
"SKU_22","2024-09-22","80","48.70","30"
"SKU_22","2024-09-23","62","48.23","30"
"SKU_22","2024-09-24","57","48.43","30"
"SKU_22","2024-09-25","41","48.30","30"
"SKU_22","2024-09-26","46","48.47","30"
"SKU_22","2024-09-27","46","47.87","30"
"SKU_22","2024-09-28","48","47.77","30"
"SKU_22","2024-09-29","58","47.80","30"
"SKU_22","2024-09-30","66","48.37","30"
"SKU_22","2024-10-01","41","48.63","30"
"SKU_22","2024-10-02","52","48.60","30"
"SKU_22","2024-10-03","33","47.93","30"
"SKU_22","2024-10-04","42","47.80","30"
"SKU_22","2024-10-05","51","48.37","30"
"SKU_22","2024-10-06","45","48.67","30"
"SKU_22","2024-10-07","47","48.43","30"
"SKU_22","2024-10-08","53","48.70","30"
"SKU_22","2024-10-09","55","49.00","30"
"SKU_22","2024-10-10","30","48.43","30"
"SKU_22","2024-10-11","39","47.70","30"
"SKU_22","2024-10-12","45","48.27","30"
"SKU_22","2024-10-13","28","47.50","30"
"SKU_22","2024-10-14","62","47.33","30"
"SKU_22","2024-10-15","42","47.90","30"
"SKU_22","2024-10-16","48","47.83","30"
"SKU_22","2024-10-17","40","47.67","30"
"SKU_22","2024-10-18","36","48.23","30"
"SKU_22","2024-10-19","73","49.13","30"
"SKU_22","2024-10-20","44","48.70","30"
"SKU_22","2024-10-21","67","49.23","30"
"SKU_22","2024-10-22","63","48.67","30"
"SKU_22","2024-10-23","42","48.00","30"
"SKU_22","2024-10-24","61","48.13","30"
"SKU_22","2024-10-25","67","49.00","30"
"SKU_22","2024-10-26","77","50.03","30"
"SKU_22","2024-10-27","62","50.57","30"
"SKU_22","2024-10-28","42","50.37","30"
"SKU_22","2024-10-29","64","50.57","30"
"SKU_22","2024-10-30","49","50.00","30"
"SKU_22","2024-10-31","41","50.00","30"
"SKU_22","2024-11-01","69","50.57","30"
"SKU_22","2024-11-02","39","50.77","30"
"SKU_22","2024-11-03","60","51.37","30"
"SKU_22","2024-11-04","70","52.00","30"
"SKU_22","2024-11-05","37","51.73","30"
"SKU_22","2024-11-06","58","52.10","30"
"SKU_22","2024-11-07","58","52.27","30"
"SKU_22","2024-11-08","81","53.13","30"
"SKU_22","2024-11-09","63","54.23","30"
"SKU_22","2024-11-10","82","55.67","30"
"SKU_22","2024-11-11","63","56.27","30"
"SKU_22","2024-11-12","34","56.47","30"
"SKU_22","2024-11-13","43","55.83","30"
"SKU_22","2024-11-14","79","57.07","30"
"SKU_22","2024-11-15","94","58.60","30"
"SKU_22","2024-11-16","58","59.20","30"
"SKU_22","2024-11-17","70","60.33","30"
"SKU_22","2024-11-18","71","60.27","30"
"SKU_22","2024-11-19","55","60.63","30"
"SKU_22","2024-11-20","81","61.10","30"
"SKU_22","2024-11-21","76","61.53","30"
"SKU_22","2024-11-22","64","62.27","30"
"SKU_22","2024-11-23","62","62.30","30"
"SKU_22","2024-11-24","67","62.30","30"
"SKU_22","2024-11-25","74","62.20","30"
"SKU_22","2024-11-26","60","62.13","30"
"SKU_22","2024-11-27","87","63.63","30"
"SKU_22","2024-11-28","96","64.70","30"
"SKU_22","2024-11-29","74","65.53","30"
"SKU_22","2024-11-30","93","67.27","30"
"SKU_22","2024-12-01","66","67.17","30"
"SKU_22","2024-12-02","68","68.13","30"
"SKU_22","2024-12-03","110","69.80","30"
"SKU_22","2024-12-04","66","69.67","30"
"SKU_22","2024-12-05","73","70.87","30"
"SKU_22","2024-12-06","90","71.93","30"
"SKU_22","2024-12-07","73","72.43","30"
"SKU_22","2024-12-08","100","73.07","30"
"SKU_22","2024-12-09","77","73.53","30"
"SKU_22","2024-12-10","105","74.30","30"
"SKU_22","2024-12-11","83","74.97","30"
"SKU_22","2024-12-12","102","77.23","30"
"SKU_22","2024-12-13","92","78.87","30"
"SKU_22","2024-12-14","87","79.13","30"
"SKU_22","2024-12-15","89","78.97","30"
"SKU_22","2024-12-16","89","80.00","30"
"SKU_22","2024-12-17","77","80.23","30"
"SKU_22","2024-12-18","85","80.70","30"
"SKU_22","2024-12-19","119","82.83","30"
"SKU_22","2024-12-20","88","83.07","30"
"SKU_22","2024-12-21","97","83.77","30"
"SKU_22","2024-12-22","94","84.77","30"
"SKU_22","2024-12-23","97","85.93","30"
"SKU_22","2024-12-24","97","86.93","30"
"SKU_22","2024-12-25","96","87.67","30"
"SKU_22","2024-12-26","88","88.60","30"
"SKU_22","2024-12-27","119","89.67","30"
"SKU_22","2024-12-28","108","90.07","30"
"SKU_22","2024-12-29","95","90.77","30"
"SKU_22","2024-12-30","94","90.80","30"
"SKU_23","2024-01-01","98","98.00","1"
"SKU_23","2024-01-02","115","106.50","2"
"SKU_23","2024-01-03","87","100.00","3"
"SKU_23","2024-01-04","107","101.75","4"
"SKU_23","2024-01-05","102","101.80","5"
"SKU_23","2024-01-06","116","104.17","6"
"SKU_23","2024-01-07","109","104.86","7"
"SKU_23","2024-01-08","127","107.63","8"
"SKU_23","2024-01-09","85","105.11","9"
"SKU_23","2024-01-10","86","103.20","10"
"SKU_23","2024-01-11","101","103.00","11"
"SKU_23","2024-01-12","101","102.83","12"
"SKU_23","2024-01-13","96","102.31","13"
"SKU_23","2024-01-14","116","103.29","14"
"SKU_23","2024-01-15","105","103.40","15"
"SKU_23","2024-01-16","104","103.44","16"
"SKU_23","2024-01-17","122","104.53","17"
"SKU_23","2024-01-18","103","104.44","18"
"SKU_23","2024-01-19","111","104.79","19"
"SKU_23","2024-01-20","122","105.65","20"
"SKU_23","2024-01-21","122","106.43","21"
"SKU_23","2024-01-22","116","106.86","22"
"SKU_23","2024-01-23","94","106.30","23"
"SKU_23","2024-01-24","131","107.33","24"
"SKU_23","2024-01-25","127","108.12","25"
"SKU_23","2024-01-26","118","108.50","26"
"SKU_23","2024-01-27","126","109.15","27"
"SKU_23","2024-01-28","132","109.96","28"
"SKU_23","2024-01-29","119","110.28","29"
"SKU_23","2024-01-30","114","110.40","30"
"SKU_23","2024-01-31","130","111.47","30"
"SKU_23","2024-02-01","164","113.10","30"
"SKU_23","2024-02-02","142","114.93","30"
"SKU_23","2024-02-03","107","114.93","30"
"SKU_23","2024-02-04","114","115.33","30"
"SKU_23","2024-02-05","140","116.13","30"
"SKU_23","2024-02-06","126","116.70","30"
"SKU_23","2024-02-07","130","116.80","30"
"SKU_23","2024-02-08","128","118.23","30"
"SKU_23","2024-02-09","138","119.97","30"
"SKU_23","2024-02-10","125","120.77","30"
"SKU_23","2024-02-11","123","121.50","30"
"SKU_23","2024-02-12","119","122.27","30"
"SKU_23","2024-02-13","143","123.17","30"
"SKU_23","2024-02-14","140","124.33","30"
"SKU_23","2024-02-15","129","125.17","30"
"SKU_23","2024-02-16","127","125.33","30"
"SKU_23","2024-02-17","141","126.60","30"
"SKU_23","2024-02-18","155","128.07","30"
"SKU_23","2024-02-19","133","128.43","30"
"SKU_23","2024-02-20","163","129.80","30"
"SKU_23","2024-02-21","148","130.87","30"
"SKU_23","2024-02-22","147","132.63","30"
"SKU_23","2024-02-23","141","132.97","30"
"SKU_23","2024-02-24","150","133.73","30"
"SKU_23","2024-02-25","169","135.43","30"
"SKU_23","2024-02-26","129","135.53","30"
"SKU_23","2024-02-27","161","136.50","30"
"SKU_23","2024-02-28","138","137.13","30"
"SKU_23","2024-02-29","126","137.53","30"
"SKU_23","2024-03-01","138","137.80","30"
"SKU_23","2024-03-02","144","137.13","30"
"SKU_23","2024-03-03","121","136.43","30"
"SKU_23","2024-03-04","162","138.27","30"
"SKU_23","2024-03-05","156","139.67","30"
"SKU_23","2024-03-06","141","139.70","30"
"SKU_23","2024-03-07","164","140.97","30"
"SKU_23","2024-03-08","182","142.70","30"
"SKU_23","2024-03-09","164","143.90","30"
"SKU_23","2024-03-10","140","143.97","30"
"SKU_23","2024-03-11","176","145.67","30"
"SKU_23","2024-03-12","161","146.93","30"
"SKU_23","2024-03-13","141","147.67","30"
"SKU_23","2024-03-14","167","148.47","30"
"SKU_23","2024-03-15","148","148.73","30"
"SKU_23","2024-03-16","142","149.17","30"
"SKU_23","2024-03-17","136","149.47","30"
"SKU_23","2024-03-18","139","149.40","30"
"SKU_23","2024-03-19","179","150.20","30"
"SKU_23","2024-03-20","139","150.40","30"
"SKU_23","2024-03-21","161","150.33","30"
"SKU_23","2024-03-22","144","150.20","30"
"SKU_23","2024-03-23","144","150.10","30"
"SKU_23","2024-03-24","134","149.87","30"
"SKU_23","2024-03-25","120","148.87","30"
"SKU_23","2024-03-26","140","147.90","30"
"SKU_23","2024-03-27","142","148.33","30"
"SKU_23","2024-03-28","125","147.13","30"
"SKU_23","2024-03-29","166","148.07","30"
"SKU_23","2024-03-30","143","148.63","30"
"SKU_23","2024-03-31","151","149.07","30"
"SKU_23","2024-04-01","162","149.67","30"
"SKU_23","2024-04-02","147","150.53","30"
"SKU_23","2024-04-03","144","149.93","30"
"SKU_23","2024-04-04","149","149.70","30"
"SKU_23","2024-04-05","148","149.93","30"
"SKU_23","2024-04-06","173","150.23","30"
"SKU_23","2024-04-07","161","149.53","30"
"SKU_23","2024-04-08","157","149.30","30"
"SKU_23","2024-04-09","169","150.27","30"
"SKU_23","2024-04-10","149","149.37","30"
"SKU_23","2024-04-11","161","149.37","30"
"SKU_23","2024-04-12","135","149.17","30"
"SKU_23","2024-04-13","137","148.17","30"
"SKU_23","2024-04-14","165","148.73","30"
"SKU_23","2024-04-15","123","148.10","30"
"SKU_23","2024-04-16","149","148.53","30"
"SKU_23","2024-04-17","159","149.20","30"
"SKU_23","2024-04-18","139","147.87","30"
"SKU_23","2024-04-19","144","148.03","30"
"SKU_23","2024-04-20","172","148.40","30"
"SKU_23","2024-04-21","137","148.17","30"
"SKU_23","2024-04-22","153","148.47","30"
"SKU_23","2024-04-23","126","148.20","30"
"SKU_23","2024-04-24","151","149.23","30"
"SKU_23","2024-04-25","137","149.13","30"
"SKU_23","2024-04-26","146","149.27","30"
"SKU_23","2024-04-27","152","150.17","30"
"SKU_23","2024-04-28","143","149.40","30"
"SKU_23","2024-04-29","130","148.97","30"
"SKU_23","2024-04-30","120","147.93","30"
"SKU_23","2024-05-01","138","147.13","30"
"SKU_23","2024-05-02","156","147.43","30"
"SKU_23","2024-05-03","139","147.27","30"
"SKU_23","2024-05-04","157","147.53","30"
"SKU_23","2024-05-05","132","147.00","30"
"SKU_23","2024-05-06","145","146.07","30"
"SKU_23","2024-05-07","120","144.70","30"
"SKU_23","2024-05-08","126","143.67","30"
"SKU_23","2024-05-09","148","142.97","30"
"SKU_23","2024-05-10","138","142.60","30"
"SKU_23","2024-05-11","133","141.67","30"
"SKU_23","2024-05-12","141","141.87","30"
"SKU_23","2024-05-13","152","142.37","30"
"SKU_23","2024-05-14","156","142.07","30"
"SKU_23","2024-05-15","153","143.07","30"
"SKU_23","2024-05-16","128","142.37","30"
"SKU_23","2024-05-17","134","141.53","30"
"SKU_23","2024-05-18","122","140.97","30"
"SKU_23","2024-05-19","137","140.73","30"
"SKU_23","2024-05-20","127","139.23","30"
"SKU_23","2024-05-21","139","139.30","30"
"SKU_23","2024-05-22","118","138.13","30"
"SKU_23","2024-05-23","124","138.07","30"
"SKU_23","2024-05-24","144","137.83","30"
"SKU_23","2024-05-25","129","137.57","30"
"SKU_23","2024-05-26","138","137.30","30"
"SKU_23","2024-05-27","144","137.03","30"
"SKU_23","2024-05-28","123","136.37","30"
"SKU_23","2024-05-29","109","135.67","30"
"SKU_23","2024-05-30","134","136.13","30"
"SKU_23","2024-05-31","139","136.17","30"
"SKU_23","2024-06-01","132","135.37","30"
"SKU_23","2024-06-02","103","134.17","30"
"SKU_23","2024-06-03","119","132.90","30"
"SKU_23","2024-06-04","116","132.37","30"
"SKU_23","2024-06-05","128","131.80","30"
"SKU_23","2024-06-06","124","131.93","30"
"SKU_23","2024-06-07","111","131.43","30"
"SKU_23","2024-06-08","113","130.27","30"
"SKU_23","2024-06-09","113","129.43","30"
"SKU_23","2024-06-10","126","129.20","30"
"SKU_23","2024-06-11","132","128.90","30"
"SKU_23","2024-06-12","134","128.30","30"
"SKU_23","2024-06-13","120","127.10","30"
"SKU_23","2024-06-14","100","125.33","30"
"SKU_23","2024-06-15","107","124.63","30"
"SKU_23","2024-06-16","119","124.13","30"
"SKU_23","2024-06-17","108","123.67","30"
"SKU_23","2024-06-18","120","123.10","30"
"SKU_23","2024-06-19","117","122.77","30"
"SKU_23","2024-06-20","114","121.93","30"
"SKU_23","2024-06-21","117","121.90","30"
"SKU_23","2024-06-22","112","121.50","30"
"SKU_23","2024-06-23","118","120.63","30"
"SKU_23","2024-06-24","105","119.83","30"
"SKU_23","2024-06-25","89","118.20","30"
"SKU_23","2024-06-26","108","117.00","30"
"SKU_23","2024-06-27","102","116.30","30"
"SKU_23","2024-06-28","93","115.77","30"
"SKU_23","2024-06-29","99","114.60","30"
"SKU_23","2024-06-30","86","112.83","30"
"SKU_23","2024-07-01","117","112.33","30"
"SKU_23","2024-07-02","103","112.33","30"
"SKU_23","2024-07-03","103","111.80","30"
"SKU_23","2024-07-04","120","111.93","30"
"SKU_23","2024-07-05","113","111.43","30"
"SKU_23","2024-07-06","102","110.70","30"
"SKU_23","2024-07-07","91","110.03","30"
"SKU_23","2024-07-08","86","109.13","30"
"SKU_23","2024-07-09","83","108.13","30"
"SKU_23","2024-07-10","86","106.80","30"
"SKU_23","2024-07-11","86","105.27","30"
"SKU_23","2024-07-12","99","104.10","30"
"SKU_23","2024-07-13","69","102.40","30"
"SKU_23","2024-07-14","93","102.17","30"
"SKU_23","2024-07-15","99","101.90","30"
"SKU_23","2024-07-16","80","100.60","30"
"SKU_23","2024-07-17","58","98.93","30"
"SKU_23","2024-07-18","78","97.53","30"
"SKU_23","2024-07-19","91","96.67","30"
"SKU_23","2024-07-20","75","95.37","30"
"SKU_23","2024-07-21","92","94.53","30"
"SKU_23","2024-07-22","81","93.50","30"
"SKU_23","2024-07-23","63","91.67","30"
"SKU_23","2024-07-24","98","91.43","30"
"SKU_23","2024-07-25","71","90.83","30"
"SKU_23","2024-07-26","75","89.73","30"
"SKU_23","2024-07-27","69","88.63","30"
"SKU_23","2024-07-28","79","88.17","30"
"SKU_23","2024-07-29","90","87.87","30"
"SKU_23","2024-07-30","73","87.43","30"
"SKU_23","2024-07-31","67","85.77","30"
"SKU_23","2024-08-01","61","84.37","30"
"SKU_23","2024-08-02","99","84.23","30"
"SKU_23","2024-08-03","106","83.77","30"
"SKU_23","2024-08-04","59","81.97","30"
"SKU_23","2024-08-05","74","81.03","30"
"SKU_23","2024-08-06","71","80.37","30"
"SKU_23","2024-08-07","63","79.60","30"
"SKU_23","2024-08-08","57","78.73","30"
"SKU_23","2024-08-09","60","77.87","30"
"SKU_23","2024-08-10","82","77.73","30"
"SKU_23","2024-08-11","62","76.50","30"
"SKU_23","2024-08-12","62","76.27","30"
"SKU_23","2024-08-13","73","75.60","30"
"SKU_23","2024-08-14","86","75.17","30"
"SKU_23","2024-08-15","68","74.77","30"
"SKU_23","2024-08-16","72","75.23","30"
"SKU_23","2024-08-17","78","75.23","30"
"SKU_23","2024-08-18","63","74.30","30"
"SKU_23","2024-08-19","67","74.03","30"
"SKU_23","2024-08-20","80","73.63","30"
"SKU_23","2024-08-21","53","72.70","30"
"SKU_23","2024-08-22","67","72.83","30"
"SKU_23","2024-08-23","85","72.40","30"
"SKU_23","2024-08-24","50","71.70","30"
"SKU_23","2024-08-25","61","71.23","30"
"SKU_23","2024-08-26","50","70.60","30"
"SKU_23","2024-08-27","63","70.07","30"
"SKU_23","2024-08-28","51","68.77","30"
"SKU_23","2024-08-29","47","67.90","30"
"SKU_23","2024-08-30","49","67.30","30"
"SKU_23","2024-08-31","54","67.07","30"
"SKU_23","2024-09-01","83","66.53","30"
"SKU_23","2024-09-02","64","65.13","30"
"SKU_23","2024-09-03","50","64.83","30"
"SKU_23","2024-09-04","47","63.93","30"
"SKU_23","2024-09-05","55","63.40","30"
"SKU_23","2024-09-06","51","63.00","30"
"SKU_23","2024-09-07","39","62.40","30"
"SKU_23","2024-09-08","48","62.00","30"
"SKU_23","2024-09-09","49","60.90","30"
"SKU_23","2024-09-10","49","60.47","30"
"SKU_23","2024-09-11","67","60.63","30"
"SKU_23","2024-09-12","44","59.67","30"
"SKU_23","2024-09-13","37","58.03","30"
"SKU_23","2024-09-14","46","57.30","30"
"SKU_23","2024-09-15","55","56.73","30"
"SKU_23","2024-09-16","49","55.77","30"
"SKU_23","2024-09-17","46","55.20","30"
"SKU_23","2024-09-18","54","54.77","30"
"SKU_23","2024-09-19","74","54.57","30"
"SKU_23","2024-09-20","47","54.37","30"
"SKU_23","2024-09-21","63","54.23","30"
"SKU_23","2024-09-22","33","52.50","30"
"SKU_23","2024-09-23","58","52.77","30"
"SKU_23","2024-09-24","43","52.17","30"
"SKU_23","2024-09-25","50","52.17","30"
"SKU_23","2024-09-26","44","51.53","30"
"SKU_23","2024-09-27","68","52.10","30"
"SKU_23","2024-09-28","55","52.37","30"
"SKU_23","2024-09-29","56","52.60","30"
"SKU_23","2024-09-30","54","52.60","30"
"SKU_23","2024-10-01","53","51.60","30"
"SKU_23","2024-10-02","55","51.30","30"
"SKU_23","2024-10-03","56","51.50","30"
"SKU_23","2024-10-04","72","52.33","30"
"SKU_23","2024-10-05","42","51.90","30"
"SKU_23","2024-10-06","57","52.10","30"
"SKU_23","2024-10-07","71","53.17","30"
"SKU_23","2024-10-08","64","53.70","30"
"SKU_23","2024-10-09","46","53.60","30"
"SKU_23","2024-10-10","56","53.83","30"
"SKU_23","2024-10-11","40","52.93","30"
"SKU_23","2024-10-12","56","53.33","30"
"SKU_23","2024-10-13","44","53.57","30"
"SKU_23","2024-10-14","45","53.53","30"
"SKU_23","2024-10-15","36","52.90","30"
"SKU_23","2024-10-16","60","53.27","30"
"SKU_23","2024-10-17","31","52.77","30"
"SKU_23","2024-10-18","54","52.77","30"
"SKU_23","2024-10-19","40","51.63","30"
"SKU_23","2024-10-20","55","51.90","30"
"SKU_23","2024-10-21","58","51.73","30"
"SKU_23","2024-10-22","32","51.70","30"
"SKU_23","2024-10-23","51","51.47","30"
"SKU_23","2024-10-24","41","51.40","30"
"SKU_23","2024-10-25","41","51.10","30"
"SKU_23","2024-10-26","70","51.97","30"
"SKU_23","2024-10-27","65","51.87","30"
"SKU_23","2024-10-28","50","51.70","30"
"SKU_23","2024-10-29","79","52.47","30"
"SKU_23","2024-10-30","63","52.77","30"
"SKU_23","2024-10-31","64","53.13","30"
"SKU_23","2024-11-01","62","53.37","30"
"SKU_23","2024-11-02","44","52.97","30"
"SKU_23","2024-11-03","71","52.93","30"
"SKU_23","2024-11-04","83","54.30","30"
"SKU_23","2024-11-05","59","54.37","30"
"SKU_23","2024-11-06","49","53.63","30"
"SKU_23","2024-11-07","65","53.67","30"
"SKU_23","2024-11-08","49","53.77","30"
"SKU_23","2024-11-09","85","54.73","30"
"SKU_23","2024-11-10","72","55.80","30"
"SKU_23","2024-11-11","63","56.03","30"
"SKU_23","2024-11-12","72","56.97","30"
"SKU_23","2024-11-13","70","57.80","30"
"SKU_23","2024-11-14","45","58.10","30"
"SKU_23","2024-11-15","52","57.83","30"
"SKU_23","2024-11-16","63","58.90","30"
"SKU_23","2024-11-17","63","59.20","30"
"SKU_23","2024-11-18","64","60.00","30"
"SKU_23","2024-11-19","69","60.47","30"
"SKU_23","2024-11-20","63","60.63","30"
"SKU_23","2024-11-21","75","62.07","30"
"SKU_23","2024-11-22","57","62.27","30"
"SKU_23","2024-11-23","74","63.37","30"
"SKU_23","2024-11-24","75","64.50","30"
"SKU_23","2024-11-25","77","64.73","30"
"SKU_23","2024-11-26","77","65.13","30"
"SKU_23","2024-11-27","88","66.40","30"
"SKU_23","2024-11-28","91","66.80","30"
"SKU_23","2024-11-29","60","66.70","30"
"SKU_23","2024-11-30","59","66.53","30"
"SKU_23","2024-12-01","72","66.87","30"
"SKU_23","2024-12-02","59","67.37","30"
"SKU_23","2024-12-03","84","67.80","30"
"SKU_23","2024-12-04","56","66.90","30"
"SKU_23","2024-12-05","76","67.47","30"
"SKU_23","2024-12-06","76","68.37","30"
"SKU_23","2024-12-07","71","68.57","30"
"SKU_23","2024-12-08","83","69.70","30"
"SKU_23","2024-12-09","63","68.97","30"
"SKU_23","2024-12-10","88","69.50","30"
"SKU_23","2024-12-11","71","69.77","30"
"SKU_23","2024-12-12","90","70.37","30"
"SKU_23","2024-12-13","104","71.50","30"
"SKU_23","2024-12-14","59","71.97","30"
"SKU_23","2024-12-15","97","73.47","30"
"SKU_23","2024-12-16","81","74.07","30"
"SKU_23","2024-12-17","110","75.63","30"
"SKU_23","2024-12-18","74","75.97","30"
"SKU_23","2024-12-19","87","76.57","30"
"SKU_23","2024-12-20","90","77.47","30"
"SKU_23","2024-12-21","101","78.33","30"
"SKU_23","2024-12-22","101","79.80","30"
"SKU_23","2024-12-23","81","80.03","30"
"SKU_23","2024-12-24","128","81.80","30"
"SKU_23","2024-12-25","99","82.53","30"
"SKU_23","2024-12-26","104","83.43","30"
"SKU_23","2024-12-27","110","84.17","30"
"SKU_23","2024-12-28","106","84.67","30"
"SKU_23","2024-12-29","111","86.37","30"
"SKU_23","2024-12-30","88","87.33","30"
"SKU_24","2024-01-01","106","106.00","1"
"SKU_24","2024-01-02","95","100.50","2"
"SKU_24","2024-01-03","108","103.00","3"
"SKU_24","2024-01-04","102","102.75","4"
"SKU_24","2024-01-05","67","95.60","5"
"SKU_24","2024-01-06","81","93.17","6"
"SKU_24","2024-01-07","108","95.29","7"
"SKU_24","2024-01-08","98","95.63","8"
"SKU_24","2024-01-09","112","97.44","9"
"SKU_24","2024-01-10","109","98.60","10"
"SKU_24","2024-01-11","109","99.55","11"
"SKU_24","2024-01-12","113","100.67","12"
"SKU_24","2024-01-13","108","101.23","13"
"SKU_24","2024-01-14","80","99.71","14"
"SKU_24","2024-01-15","124","101.33","15"
"SKU_24","2024-01-16","101","101.31","16"
"SKU_24","2024-01-17","105","101.53","17"
"SKU_24","2024-01-18","103","101.61","18"
"SKU_24","2024-01-19","124","102.79","19"
"SKU_24","2024-01-20","135","104.40","20"
"SKU_24","2024-01-21","121","105.19","21"
"SKU_24","2024-01-22","113","105.55","22"
"SKU_24","2024-01-23","104","105.48","23"
"SKU_24","2024-01-24","141","106.96","24"
"SKU_24","2024-01-25","130","107.88","25"
"SKU_24","2024-01-26","120","108.35","26"
"SKU_24","2024-01-27","141","109.56","27"
"SKU_24","2024-01-28","127","110.18","28"
"SKU_24","2024-01-29","113","110.28","29"
"SKU_24","2024-01-30","146","111.47","30"
"SKU_24","2024-01-31","141","112.63","30"
"SKU_24","2024-02-01","117","113.37","30"
"SKU_24","2024-02-02","121","113.80","30"
"SKU_24","2024-02-03","132","114.80","30"
"SKU_24","2024-02-04","126","116.77","30"
"SKU_24","2024-02-05","124","118.20","30"
"SKU_24","2024-02-06","138","119.20","30"
"SKU_24","2024-02-07","113","119.70","30"
"SKU_24","2024-02-08","146","120.83","30"
"SKU_24","2024-02-09","130","121.53","30"
"SKU_24","2024-02-10","133","122.33","30"
"SKU_24","2024-02-11","141","123.27","30"
"SKU_24","2024-02-12","127","123.90","30"
"SKU_24","2024-02-13","130","125.57","30"
"SKU_24","2024-02-14","131","125.80","30"
"SKU_24","2024-02-15","138","127.03","30"
"SKU_24","2024-02-16","140","128.20","30"
"SKU_24","2024-02-17","130","129.10","30"
"SKU_24","2024-02-18","143","129.73","30"
"SKU_24","2024-02-19","120","129.23","30"
"SKU_24","2024-02-20","141","129.90","30"
"SKU_24","2024-02-21","131","130.50","30"
"SKU_24","2024-02-22","138","131.63","30"
"SKU_24","2024-02-23","128","131.20","30"
"SKU_24","2024-02-24","134","131.33","30"
"SKU_24","2024-02-25","138","131.93","30"
"SKU_24","2024-02-26","138","131.83","30"
"SKU_24","2024-02-27","143","132.37","30"
"SKU_24","2024-02-28","145","133.43","30"
"SKU_24","2024-02-29","139","133.20","30"
"SKU_24","2024-03-01","160","133.83","30"
"SKU_24","2024-03-02","126","134.13","30"
"SKU_24","2024-03-03","137","134.67","30"
"SKU_24","2024-03-04","146","135.13","30"
"SKU_24","2024-03-05","144","135.73","30"
"SKU_24","2024-03-06","140","136.27","30"
"SKU_24","2024-03-07","154","136.80","30"
"SKU_24","2024-03-08","155","138.20","30"
"SKU_24","2024-03-09","145","138.17","30"
"SKU_24","2024-03-10","143","138.60","30"
"SKU_24","2024-03-11","150","139.17","30"
"SKU_24","2024-03-12","149","139.43","30"
"SKU_24","2024-03-13","182","141.27","30"
"SKU_24","2024-03-14","157","142.17","30"
"SKU_24","2024-03-15","157","143.03","30"
"SKU_24","2024-03-16","149","143.40","30"
"SKU_24","2024-03-17","134","143.20","30"
"SKU_24","2024-03-18","166","144.40","30"
"SKU_24","2024-03-19","142","144.37","30"
"SKU_24","2024-03-20","140","145.03","30"
"SKU_24","2024-03-21","144","145.13","30"
"SKU_24","2024-03-22","147","145.67","30"
"SKU_24","2024-03-23","176","146.93","30"
"SKU_24","2024-03-24","155","147.83","30"
"SKU_24","2024-03-25","143","148.13","30"
"SKU_24","2024-03-26","145","148.37","30"
"SKU_24","2024-03-27","147","148.67","30"
"SKU_24","2024-03-28","147","148.80","30"
"SKU_24","2024-03-29","159","149.27","30"
"SKU_24","2024-03-30","152","149.70","30"
"SKU_24","2024-03-31","136","148.90","30"
"SKU_24","2024-04-01","162","150.10","30"
"SKU_24","2024-04-02","129","149.83","30"
"SKU_24","2024-04-03","154","150.10","30"
"SKU_24","2024-04-04","137","149.87","30"
"SKU_24","2024-04-05","134","149.67","30"
"SKU_24","2024-04-06","140","149.20","30"
"SKU_24","2024-04-07","153","149.13","30"
"SKU_24","2024-04-08","144","149.10","30"
"SKU_24","2024-04-09","152","149.40","30"
"SKU_24","2024-04-10","157","149.63","30"
"SKU_24","2024-04-11","156","149.87","30"
"SKU_24","2024-04-12","145","148.63","30"
"SKU_24","2024-04-13","142","148.13","30"
"SKU_24","2024-04-14","156","148.10","30"
"SKU_24","2024-04-15","151","148.17","30"
"SKU_24","2024-04-16","155","148.87","30"
"SKU_24","2024-04-17","146","148.20","30"
"SKU_24","2024-04-18","166","149.00","30"
"SKU_24","2024-04-19","145","149.17","30"
"SKU_24","2024-04-20","165","149.87","30"
"SKU_24","2024-04-21","132","149.37","30"
"SKU_24","2024-04-22","137","148.07","30"
"SKU_24","2024-04-23","164","148.37","30"
"SKU_24","2024-04-24","138","148.20","30"
"SKU_24","2024-04-25","170","149.03","30"
"SKU_24","2024-04-26","145","148.97","30"
"SKU_24","2024-04-27","128","148.33","30"
"SKU_24","2024-04-28","140","147.70","30"
"SKU_24","2024-04-29","145","147.47","30"
"SKU_24","2024-04-30","151","147.97","30"
"SKU_24","2024-05-01","122","146.63","30"
"SKU_24","2024-05-02","146","147.20","30"
"SKU_24","2024-05-03","160","147.40","30"
"SKU_24","2024-05-04","137","147.40","30"
"SKU_24","2024-05-05","114","146.73","30"
"SKU_24","2024-05-06","139","146.70","30"
"SKU_24","2024-05-07","133","146.03","30"
"SKU_24","2024-05-08","142","145.97","30"
"SKU_24","2024-05-09","115","144.73","30"
"SKU_24","2024-05-10","136","144.03","30"
"SKU_24","2024-05-11","156","144.03","30"
"SKU_24","2024-05-12","119","143.17","30"
"SKU_24","2024-05-13","136","142.97","30"
"SKU_24","2024-05-14","146","142.63","30"
"SKU_24","2024-05-15","124","141.73","30"
"SKU_24","2024-05-16","149","141.53","30"
"SKU_24","2024-05-17","154","141.80","30"
"SKU_24","2024-05-18","130","140.60","30"
"SKU_24","2024-05-19","130","140.10","30"
"SKU_24","2024-05-20","147","139.50","30"
"SKU_24","2024-05-21","133","139.53","30"
"SKU_24","2024-05-22","144","139.77","30"
"SKU_24","2024-05-23","121","138.33","30"
"SKU_24","2024-05-24","134","138.20","30"
"SKU_24","2024-05-25","143","137.30","30"
"SKU_24","2024-05-26","115","136.30","30"
"SKU_24","2024-05-27","142","136.77","30"
"SKU_24","2024-05-28","116","135.97","30"
"SKU_24","2024-05-29","137","135.70","30"
"SKU_24","2024-05-30","115","134.50","30"
"SKU_24","2024-05-31","128","134.70","30"
"SKU_24","2024-06-01","131","134.20","30"
"SKU_24","2024-06-02","126","133.07","30"
"SKU_24","2024-06-03","122","132.57","30"
"SKU_24","2024-06-04","128","133.03","30"
"SKU_24","2024-06-05","121","132.43","30"
"SKU_24","2024-06-06","112","131.73","30"
"SKU_24","2024-06-07","120","131.00","30"
"SKU_24","2024-06-08","149","132.13","30"
"SKU_24","2024-06-09","128","131.87","30"
"SKU_24","2024-06-10","121","130.70","30"
"SKU_24","2024-06-11","127","130.97","30"
"SKU_24","2024-06-12","120","130.43","30"
"SKU_24","2024-06-13","108","129.17","30"
"SKU_24","2024-06-14","89","128.00","30"
"SKU_24","2024-06-15","115","126.87","30"
"SKU_24","2024-06-16","116","125.60","30"
"SKU_24","2024-06-17","114","125.07","30"
"SKU_24","2024-06-18","114","124.53","30"
"SKU_24","2024-06-19","96","122.83","30"
"SKU_24","2024-06-20","94","121.53","30"
"SKU_24","2024-06-21","110","120.40","30"
"SKU_24","2024-06-22","105","119.87","30"
"SKU_24","2024-06-23","109","119.03","30"
"SKU_24","2024-06-24","118","118.20","30"
"SKU_24","2024-06-25","110","118.03","30"
"SKU_24","2024-06-26","104","116.77","30"
"SKU_24","2024-06-27","121","116.93","30"
"SKU_24","2024-06-28","91","115.40","30"
"SKU_24","2024-06-29","104","115.03","30"
"SKU_24","2024-06-30","106","114.30","30"
"SKU_24","2024-07-01","98","113.20","30"
"SKU_24","2024-07-02","107","112.57","30"
"SKU_24","2024-07-03","109","112.13","30"
"SKU_24","2024-07-04","86","110.73","30"
"SKU_24","2024-07-05","89","109.67","30"
"SKU_24","2024-07-06","95","109.10","30"
"SKU_24","2024-07-07","101","108.47","30"
"SKU_24","2024-07-08","86","106.37","30"
"SKU_24","2024-07-09","92","105.17","30"
"SKU_24","2024-07-10","91","104.17","30"
"SKU_24","2024-07-11","101","103.30","30"
"SKU_24","2024-07-12","90","102.30","30"
"SKU_24","2024-07-13","86","101.57","30"
"SKU_24","2024-07-14","101","101.97","30"
"SKU_24","2024-07-15","71","100.50","30"
"SKU_24","2024-07-16","91","99.67","30"
"SKU_24","2024-07-17","66","98.07","30"
"SKU_24","2024-07-18","76","96.80","30"
"SKU_24","2024-07-19","68","95.87","30"
"SKU_24","2024-07-20","75","95.23","30"
"SKU_24","2024-07-21","73","94.00","30"
"SKU_24","2024-07-22","99","93.80","30"
"SKU_24","2024-07-23","62","92.23","30"
"SKU_24","2024-07-24","76","90.83","30"
"SKU_24","2024-07-25","85","90.00","30"
"SKU_24","2024-07-26","99","89.83","30"
"SKU_24","2024-07-27","87","88.70","30"
"SKU_24","2024-07-28","58","87.60","30"
"SKU_24","2024-07-29","76","86.67","30"
"SKU_24","2024-07-30","98","86.40","30"
"SKU_24","2024-07-31","68","85.40","30"
"SKU_24","2024-08-01","62","83.90","30"
"SKU_24","2024-08-02","88","83.20","30"
"SKU_24","2024-08-03","71","82.70","30"
"SKU_24","2024-08-04","56","81.60","30"
"SKU_24","2024-08-05","93","81.53","30"
"SKU_24","2024-08-06","87","81.07","30"
"SKU_24","2024-08-07","65","80.37","30"
"SKU_24","2024-08-08","79","79.93","30"
"SKU_24","2024-08-09","61","78.93","30"
"SKU_24","2024-08-10","75","78.07","30"
"SKU_24","2024-08-11","60","77.07","30"
"SKU_24","2024-08-12","82","76.93","30"
"SKU_24","2024-08-13","64","75.70","30"
"SKU_24","2024-08-14","64","75.47","30"
"SKU_24","2024-08-15","56","74.30","30"
"SKU_24","2024-08-16","75","74.60","30"
"SKU_24","2024-08-17","66","74.27","30"
"SKU_24","2024-08-18","63","74.10","30"
"SKU_24","2024-08-19","39","72.90","30"
"SKU_24","2024-08-20","53","72.23","30"
"SKU_24","2024-08-21","72","71.33","30"
"SKU_24","2024-08-22","55","71.10","30"
"SKU_24","2024-08-23","63","70.67","30"
"SKU_24","2024-08-24","70","70.17","30"
"SKU_24","2024-08-25","72","69.27","30"
"SKU_24","2024-08-26","32","67.43","30"
"SKU_24","2024-08-27","47","67.07","30"
"SKU_24","2024-08-28","50","66.20","30"
"SKU_24","2024-08-29","63","65.03","30"
"SKU_24","2024-08-30","67","65.00","30"
"SKU_24","2024-08-31","62","65.00","30"
"SKU_24","2024-09-01","57","63.97","30"
"SKU_24","2024-09-02","54","63.40","30"
"SKU_24","2024-09-03","38","62.80","30"
"SKU_24","2024-09-04","35","60.87","30"
"SKU_24","2024-09-05","69","60.27","30"
"SKU_24","2024-09-06","32","59.17","30"
"SKU_24","2024-09-07","54","58.33","30"
"SKU_24","2024-09-08","45","57.80","30"
"SKU_24","2024-09-09","45","56.80","30"
"SKU_24","2024-09-10","68","57.07","30"
"SKU_24","2024-09-11","50","56.00","30"
"SKU_24","2024-09-12","46","55.40","30"
"SKU_24","2024-09-13","65","55.43","30"
"SKU_24","2024-09-14","50","55.23","30"
"SKU_24","2024-09-15","31","53.77","30"
"SKU_24","2024-09-16","62","53.63","30"
"SKU_24","2024-09-17","39","52.83","30"
"SKU_24","2024-09-18","47","53.10","30"
"SKU_24","2024-09-19","58","53.27","30"
"SKU_24","2024-09-20","56","52.73","30"
"SKU_24","2024-09-21","38","52.17","30"
"SKU_24","2024-09-22","44","51.53","30"
"SKU_24","2024-09-23","52","50.93","30"
"SKU_24","2024-09-24","56","50.40","30"
"SKU_24","2024-09-25","58","51.27","30"
"SKU_24","2024-09-26","49","51.33","30"
"SKU_24","2024-09-27","52","51.40","30"
"SKU_24","2024-09-28","44","50.77","30"
"SKU_24","2024-09-29","41","49.90","30"
"SKU_24","2024-09-30","54","49.63","30"
"SKU_24","2024-10-01","53","49.50","30"
"SKU_24","2024-10-02","44","49.17","30"
"SKU_24","2024-10-03","46","49.43","30"
"SKU_24","2024-10-04","51","49.97","30"
"SKU_24","2024-10-05","60","49.67","30"
"SKU_24","2024-10-06","51","50.30","30"
"SKU_24","2024-10-07","45","50.00","30"
"SKU_24","2024-10-08","54","50.30","30"
"SKU_24","2024-10-09","51","50.50","30"
"SKU_24","2024-10-10","56","50.10","30"
"SKU_24","2024-10-11","34","49.57","30"
"SKU_24","2024-10-12","46","49.57","30"
"SKU_24","2024-10-13","66","49.60","30"
"SKU_24","2024-10-14","51","49.63","30"
"SKU_24","2024-10-15","57","50.50","30"
"SKU_24","2024-10-16","63","50.53","30"
"SKU_24","2024-10-17","65","51.40","30"
"SKU_24","2024-10-18","51","51.53","30"
"SKU_24","2024-10-19","29","50.57","30"
"SKU_24","2024-10-20","50","50.37","30"
"SKU_24","2024-10-21","73","51.53","30"
"SKU_24","2024-10-22","42","51.47","30"
"SKU_24","2024-10-23","66","51.93","30"
"SKU_24","2024-10-24","41","51.43","30"
"SKU_24","2024-10-25","50","51.17","30"
"SKU_24","2024-10-26","54","51.33","30"
"SKU_24","2024-10-27","54","51.40","30"
"SKU_24","2024-10-28","59","51.90","30"
"SKU_24","2024-10-29","47","52.10","30"
"SKU_24","2024-10-30","86","53.17","30"
"SKU_24","2024-10-31","40","52.73","30"
"SKU_24","2024-11-01","56","53.13","30"
"SKU_24","2024-11-02","64","53.73","30"
"SKU_24","2024-11-03","63","54.13","30"
"SKU_24","2024-11-04","36","53.33","30"
"SKU_24","2024-11-05","57","53.53","30"
"SKU_24","2024-11-06","66","54.23","30"
"SKU_24","2024-11-07","75","54.93","30"
"SKU_24","2024-11-08","57","55.13","30"
"SKU_24","2024-11-09","66","55.47","30"
"SKU_24","2024-11-10","79","56.97","30"
"SKU_24","2024-11-11","56","57.30","30"
"SKU_24","2024-11-12","57","57.00","30"
"SKU_24","2024-11-13","78","57.90","30"
"SKU_24","2024-11-14","48","57.60","30"
"SKU_24","2024-11-15","66","57.70","30"
"SKU_24","2024-11-16","60","57.53","30"
"SKU_24","2024-11-17","76","58.37","30"
"SKU_24","2024-11-18","64","59.53","30"
"SKU_24","2024-11-19","71","60.23","30"
"SKU_24","2024-11-20","66","60.00","30"
"SKU_24","2024-11-21","78","61.20","30"
"SKU_24","2024-11-22","73","61.43","30"
"SKU_24","2024-11-23","84","62.87","30"
"SKU_24","2024-11-24","57","63.10","30"
"SKU_24","2024-11-25","71","63.67","30"
"SKU_24","2024-11-26","67","64.10","30"
"SKU_24","2024-11-27","68","64.40","30"
"SKU_24","2024-11-28","72","65.23","30"
"SKU_24","2024-11-29","92","65.43","30"
"SKU_24","2024-11-30","76","66.63","30"
"SKU_24","2024-12-01","61","66.80","30"
"SKU_24","2024-12-02","81","67.37","30"
"SKU_24","2024-12-03","77","67.83","30"
"SKU_24","2024-12-04","72","69.03","30"
"SKU_24","2024-12-05","81","69.83","30"
"SKU_24","2024-12-06","69","69.93","30"
"SKU_24","2024-12-07","83","70.20","30"
"SKU_24","2024-12-08","77","70.87","30"
"SKU_24","2024-12-09","101","72.03","30"
"SKU_24","2024-12-10","72","71.80","30"
"SKU_24","2024-12-11","55","71.77","30"
"SKU_24","2024-12-12","85","72.70","30"
"SKU_24","2024-12-13","83","72.87","30"
"SKU_24","2024-12-14","73","73.70","30"
"SKU_24","2024-12-15","115","75.33","30"
"SKU_24","2024-12-16","84","76.13","30"
"SKU_24","2024-12-17","92","76.67","30"
"SKU_24","2024-12-18","105","78.03","30"
"SKU_24","2024-12-19","86","78.53","30"
"SKU_24","2024-12-20","103","79.77","30"
"SKU_24","2024-12-21","117","81.07","30"
"SKU_24","2024-12-22","83","81.40","30"
"SKU_24","2024-12-23","98","81.87","30"
"SKU_24","2024-12-24","75","82.47","30"
"SKU_24","2024-12-25","78","82.70","30"
"SKU_24","2024-12-26","82","83.20","30"
"SKU_24","2024-12-27","89","83.90","30"
"SKU_24","2024-12-28","92","84.57","30"
"SKU_24","2024-12-29","113","85.27","30"
"SKU_24","2024-12-30","106","86.27","30"
"SKU_25","2024-01-01","121","121.00","1"
"SKU_25","2024-01-02","91","106.00","2"
"SKU_25","2024-01-03","89","100.33","3"
"SKU_25","2024-01-04","121","105.50","4"
"SKU_25","2024-01-05","103","105.00","5"
"SKU_25","2024-01-06","99","104.00","6"
"SKU_25","2024-01-07","106","104.29","7"
"SKU_25","2024-01-08","92","102.75","8"
"SKU_25","2024-01-09","123","105.00","9"
"SKU_25","2024-01-10","124","106.90","10"
"SKU_25","2024-01-11","115","107.64","11"
"SKU_25","2024-01-12","127","109.25","12"
"SKU_25","2024-01-13","107","109.08","13"
"SKU_25","2024-01-14","113","109.36","14"
"SKU_25","2024-01-15","134","111.00","15"
"SKU_25","2024-01-16","107","110.75","16"
"SKU_25","2024-01-17","111","110.76","17"
"SKU_25","2024-01-18","107","110.56","18"
"SKU_25","2024-01-19","118","110.95","19"
"SKU_25","2024-01-20","123","111.55","20"
"SKU_25","2024-01-21","127","112.29","21"
"SKU_25","2024-01-22","126","112.91","22"
"SKU_25","2024-01-23","120","113.22","23"
"SKU_25","2024-01-24","103","112.79","24"
"SKU_25","2024-01-25","117","112.96","25"
"SKU_25","2024-01-26","130","113.62","26"
"SKU_25","2024-01-27","100","113.11","27"
"SKU_25","2024-01-28","118","113.29","28"
"SKU_25","2024-01-29","131","113.90","29"
"SKU_25","2024-01-30","138","114.70","30"
"SKU_25","2024-01-31","129","114.97","30"
"SKU_25","2024-02-01","151","116.97","30"
"SKU_25","2024-02-02","118","117.93","30"
"SKU_25","2024-02-03","110","117.57","30"
"SKU_25","2024-02-04","133","118.57","30"
"SKU_25","2024-02-05","124","119.40","30"
"SKU_25","2024-02-06","128","120.13","30"
"SKU_25","2024-02-07","122","121.13","30"
"SKU_25","2024-02-08","148","121.97","30"
"SKU_25","2024-02-09","162","123.23","30"
"SKU_25","2024-02-10","121","123.43","30"
"SKU_25","2024-02-11","157","124.43","30"
"SKU_25","2024-02-12","133","125.30","30"
"SKU_25","2024-02-13","118","125.47","30"
"SKU_25","2024-02-14","146","125.87","30"
"SKU_25","2024-02-15","134","126.77","30"
"SKU_25","2024-02-16","137","127.63","30"
"SKU_25","2024-02-17","125","128.23","30"
"SKU_25","2024-02-18","119","128.27","30"
"SKU_25","2024-02-19","137","128.73","30"
"SKU_25","2024-02-20","128","128.77","30"
"SKU_25","2024-02-21","137","129.13","30"
"SKU_25","2024-02-22","144","129.93","30"
"SKU_25","2024-02-23","136","131.03","30"
"SKU_25","2024-02-24","146","132.00","30"
"SKU_25","2024-02-25","132","132.07","30"
"SKU_25","2024-02-26","140","133.40","30"
"SKU_25","2024-02-27","153","134.57","30"
"SKU_25","2024-02-28","134","134.67","30"
"SKU_25","2024-02-29","154","135.20","30"
"SKU_25","2024-03-01","127","135.13","30"
"SKU_25","2024-03-02","166","135.63","30"
"SKU_25","2024-03-03","123","135.80","30"
"SKU_25","2024-03-04","142","136.87","30"
"SKU_25","2024-03-05","164","137.90","30"
"SKU_25","2024-03-06","179","139.73","30"
"SKU_25","2024-03-07","146","140.33","30"
"SKU_25","2024-03-08","127","140.50","30"
"SKU_25","2024-03-09","151","140.60","30"
"SKU_25","2024-03-10","135","139.70","30"
"SKU_25","2024-03-11","144","140.47","30"
"SKU_25","2024-03-12","171","140.93","30"
"SKU_25","2024-03-13","144","141.30","30"
"SKU_25","2024-03-14","137","141.93","30"
"SKU_25","2024-03-15","126","141.27","30"
"SKU_25","2024-03-16","147","141.70","30"
"SKU_25","2024-03-17","175","142.97","30"
"SKU_25","2024-03-18","158","144.07","30"
"SKU_25","2024-03-19","162","145.50","30"
"SKU_25","2024-03-20","154","146.07","30"
"SKU_25","2024-03-21","145","146.63","30"
"SKU_25","2024-03-22","138","146.67","30"
"SKU_25","2024-03-23","138","146.47","30"
"SKU_25","2024-03-24","145","146.77","30"
"SKU_25","2024-03-25","160","147.23","30"
"SKU_25","2024-03-26","151","147.87","30"
"SKU_25","2024-03-27","126","147.40","30"
"SKU_25","2024-03-28","148","147.23","30"
"SKU_25","2024-03-29","163","148.20","30"
"SKU_25","2024-03-30","137","147.63","30"
"SKU_25","2024-03-31","141","148.10","30"
"SKU_25","2024-04-01","144","147.37","30"
"SKU_25","2024-04-02","144","148.07","30"
"SKU_25","2024-04-03","128","147.60","30"
"SKU_25","2024-04-04","164","147.60","30"
"SKU_25","2024-04-05","142","146.37","30"
"SKU_25","2024-04-06","169","147.13","30"
"SKU_25","2024-04-07","167","148.47","30"
"SKU_25","2024-04-08","150","148.43","30"
"SKU_25","2024-04-09","144","148.73","30"
"SKU_25","2024-04-10","155","149.10","30"
"SKU_25","2024-04-11","143","148.17","30"
"SKU_25","2024-04-12","128","147.63","30"
"SKU_25","2024-04-13","134","147.53","30"
"SKU_25","2024-04-14","126","147.53","30"
"SKU_25","2024-04-15","146","147.50","30"
"SKU_25","2024-04-16","152","146.73","30"
"SKU_25","2024-04-17","188","147.73","30"
"SKU_25","2024-04-18","150","147.33","30"
"SKU_25","2024-04-19","159","147.50","30"
"SKU_25","2024-04-20","150","147.67","30"
"SKU_25","2024-04-21","122","147.13","30"
"SKU_25","2024-04-22","145","147.37","30"
"SKU_25","2024-04-23","150","147.53","30"
"SKU_25","2024-04-24","166","147.73","30"
"SKU_25","2024-04-25","151","147.73","30"
"SKU_25","2024-04-26","152","148.60","30"
"SKU_25","2024-04-27","153","148.77","30"
"SKU_25","2024-04-28","150","148.33","30"
"SKU_25","2024-04-29","162","149.17","30"
"SKU_25","2024-04-30","161","149.83","30"
"SKU_25","2024-05-01","159","150.33","30"
"SKU_25","2024-05-02","152","150.60","30"
"SKU_25","2024-05-03","151","151.37","30"
"SKU_25","2024-05-04","123","150.00","30"
"SKU_25","2024-05-05","154","150.40","30"
"SKU_25","2024-05-06","168","150.37","30"
"SKU_25","2024-05-07","129","149.10","30"
"SKU_25","2024-05-08","153","149.20","30"
"SKU_25","2024-05-09","136","148.93","30"
"SKU_25","2024-05-10","133","148.20","30"
"SKU_25","2024-05-11","137","148.00","30"
"SKU_25","2024-05-12","127","147.97","30"
"SKU_25","2024-05-13","131","147.87","30"
"SKU_25","2024-05-14","146","148.53","30"
"SKU_25","2024-05-15","144","148.47","30"
"SKU_25","2024-05-16","132","147.80","30"
"SKU_25","2024-05-17","127","145.77","30"
"SKU_25","2024-05-18","138","145.37","30"
"SKU_25","2024-05-19","136","144.60","30"
"SKU_25","2024-05-20","110","143.27","30"
"SKU_25","2024-05-21","128","143.47","30"
"SKU_25","2024-05-22","142","143.37","30"
"SKU_25","2024-05-23","138","142.97","30"
"SKU_25","2024-05-24","107","141.00","30"
"SKU_25","2024-05-25","110","139.63","30"
"SKU_25","2024-05-26","120","138.57","30"
"SKU_25","2024-05-27","130","137.80","30"
"SKU_25","2024-05-28","123","136.90","30"
"SKU_25","2024-05-29","130","135.83","30"
"SKU_25","2024-05-30","123","134.57","30"
"SKU_25","2024-05-31","144","134.07","30"
"SKU_25","2024-06-01","121","133.03","30"
"SKU_25","2024-06-02","99","131.30","30"
"SKU_25","2024-06-03","126","131.40","30"
"SKU_25","2024-06-04","118","130.20","30"
"SKU_25","2024-06-05","120","128.60","30"
"SKU_25","2024-06-06","115","128.13","30"
"SKU_25","2024-06-07","124","127.17","30"
"SKU_25","2024-06-08","135","127.13","30"
"SKU_25","2024-06-09","129","127.00","30"
"SKU_25","2024-06-10","116","126.30","30"
"SKU_25","2024-06-11","112","125.80","30"
"SKU_25","2024-06-12","126","125.63","30"
"SKU_25","2024-06-13","129","125.07","30"
"SKU_25","2024-06-14","120","124.27","30"
"SKU_25","2024-06-15","130","124.20","30"
"SKU_25","2024-06-16","123","124.07","30"
"SKU_25","2024-06-17","86","122.33","30"
"SKU_25","2024-06-18","120","121.80","30"
"SKU_25","2024-06-19","118","122.07","30"
"SKU_25","2024-06-20","106","121.33","30"
"SKU_25","2024-06-21","89","119.57","30"
"SKU_25","2024-06-22","92","118.03","30"
"SKU_25","2024-06-23","108","118.07","30"
"SKU_25","2024-06-24","108","118.00","30"
"SKU_25","2024-06-25","114","117.80","30"
"SKU_25","2024-06-26","98","116.73","30"
"SKU_25","2024-06-27","95","115.80","30"
"SKU_25","2024-06-28","112","115.20","30"
"SKU_25","2024-06-29","104","114.57","30"
"SKU_25","2024-06-30","110","113.43","30"
"SKU_25","2024-07-01","90","112.40","30"
"SKU_25","2024-07-02","92","112.17","30"
"SKU_25","2024-07-03","95","111.13","30"
"SKU_25","2024-07-04","113","110.97","30"
"SKU_25","2024-07-05","89","109.93","30"
"SKU_25","2024-07-06","112","109.83","30"
"SKU_25","2024-07-07","81","108.40","30"
"SKU_25","2024-07-08","93","107.00","30"
"SKU_25","2024-07-09","75","105.20","30"
"SKU_25","2024-07-10","76","103.87","30"
"SKU_25","2024-07-11","81","102.83","30"
"SKU_25","2024-07-12","89","101.60","30"
"SKU_25","2024-07-13","75","99.80","30"
"SKU_25","2024-07-14","103","99.23","30"
"SKU_25","2024-07-15","90","97.90","30"
"SKU_25","2024-07-16","93","96.90","30"
"SKU_25","2024-07-17","76","96.57","30"
"SKU_25","2024-07-18","67","94.80","30"
"SKU_25","2024-07-19","59","92.83","30"
"SKU_25","2024-07-20","86","92.17","30"
"SKU_25","2024-07-21","90","92.20","30"
"SKU_25","2024-07-22","75","91.63","30"
"SKU_25","2024-07-23","90","91.03","30"
"SKU_25","2024-07-24","84","90.23","30"
"SKU_25","2024-07-25","83","89.20","30"
"SKU_25","2024-07-26","86","88.80","30"
"SKU_25","2024-07-27","79","88.27","30"
"SKU_25","2024-07-28","68","86.80","30"
"SKU_25","2024-07-29","74","85.80","30"
"SKU_25","2024-07-30","78","84.73","30"
"SKU_25","2024-07-31","64","83.87","30"
"SKU_25","2024-08-01","55","82.63","30"
"SKU_25","2024-08-02","68","81.73","30"
"SKU_25","2024-08-03","98","81.23","30"
"SKU_25","2024-08-04","64","80.40","30"
"SKU_25","2024-08-05","78","79.27","30"
"SKU_25","2024-08-06","73","79.00","30"
"SKU_25","2024-08-07","74","78.37","30"
"SKU_25","2024-08-08","63","77.97","30"
"SKU_25","2024-08-09","74","77.90","30"
"SKU_25","2024-08-10","83","77.97","30"
"SKU_25","2024-08-11","67","77.23","30"
"SKU_25","2024-08-12","76","77.27","30"
"SKU_25","2024-08-13","73","76.27","30"
"SKU_25","2024-08-14","70","75.60","30"
"SKU_25","2024-08-15","50","74.17","30"
"SKU_25","2024-08-16","89","74.60","30"
"SKU_25","2024-08-17","75","74.87","30"
"SKU_25","2024-08-18","56","74.77","30"
"SKU_25","2024-08-19","67","74.13","30"
"SKU_25","2024-08-20","52","72.87","30"
"SKU_25","2024-08-21","69","72.67","30"
"SKU_25","2024-08-22","53","71.43","30"
"SKU_25","2024-08-23","64","70.77","30"
"SKU_25","2024-08-24","61","70.03","30"
"SKU_25","2024-08-25","60","69.17","30"
"SKU_25","2024-08-26","64","68.67","30"
"SKU_25","2024-08-27","43","67.83","30"
"SKU_25","2024-08-28","30","66.37","30"
"SKU_25","2024-08-29","52","65.50","30"
"SKU_25","2024-08-30","49","65.00","30"
"SKU_25","2024-08-31","75","65.67","30"
"SKU_25","2024-09-01","64","65.53","30"
"SKU_25","2024-09-02","58","64.20","30"
"SKU_25","2024-09-03","55","63.90","30"
"SKU_25","2024-09-04","58","63.23","30"
"SKU_25","2024-09-05","56","62.67","30"
"SKU_25","2024-09-06","38","61.47","30"
"SKU_25","2024-09-07","71","61.73","30"
"SKU_25","2024-09-08","53","61.03","30"
"SKU_25","2024-09-09","53","60.03","30"
"SKU_25","2024-09-10","54","59.60","30"
"SKU_25","2024-09-11","57","58.97","30"
"SKU_25","2024-09-12","62","58.60","30"
"SKU_25","2024-09-13","64","58.40","30"
"SKU_25","2024-09-14","60","58.73","30"
"SKU_25","2024-09-15","50","57.43","30"
"SKU_25","2024-09-16","33","56.03","30"
"SKU_25","2024-09-17","66","56.37","30"
"SKU_25","2024-09-18","58","56.07","30"
"SKU_25","2024-09-19","37","55.57","30"
"SKU_25","2024-09-20","58","55.20","30"
"SKU_25","2024-09-21","48","55.03","30"
"SKU_25","2024-09-22","61","54.93","30"
"SKU_25","2024-09-23","50","54.57","30"
"SKU_25","2024-09-24","44","54.03","30"
"SKU_25","2024-09-25","56","53.77","30"
"SKU_25","2024-09-26","44","53.80","30"
"SKU_25","2024-09-27","56","54.67","30"
"SKU_25","2024-09-28","49","54.57","30"
"SKU_25","2024-09-29","57","54.83","30"
"SKU_25","2024-09-30","60","54.33","30"
"SKU_25","2024-10-01","36","53.40","30"
"SKU_25","2024-10-02","34","52.60","30"
"SKU_25","2024-10-03","46","52.30","30"
"SKU_25","2024-10-04","59","52.33","30"
"SKU_25","2024-10-05","40","51.80","30"
"SKU_25","2024-10-06","57","52.43","30"
"SKU_25","2024-10-07","67","52.30","30"
"SKU_25","2024-10-08","61","52.57","30"
"SKU_25","2024-10-09","51","52.50","30"
"SKU_25","2024-10-10","29","51.67","30"
"SKU_25","2024-10-11","50","51.43","30"
"SKU_25","2024-10-12","49","51.00","30"
"SKU_25","2024-10-13","49","50.50","30"
"SKU_25","2024-10-14","42","49.90","30"
"SKU_25","2024-10-15","70","50.57","30"
"SKU_25","2024-10-16","33","50.57","30"
"SKU_25","2024-10-17","42","49.77","30"
"SKU_25","2024-10-18","61","49.87","30"
"SKU_25","2024-10-19","62","50.70","30"
"SKU_25","2024-10-20","54","50.57","30"
"SKU_25","2024-10-21","57","50.87","30"
"SKU_25","2024-10-22","55","50.67","30"
"SKU_25","2024-10-23","61","51.03","30"
"SKU_25","2024-10-24","43","51.00","30"
"SKU_25","2024-10-25","54","50.93","30"
"SKU_25","2024-10-26","50","51.13","30"
"SKU_25","2024-10-27","50","50.93","30"
"SKU_25","2024-10-28","61","51.33","30"
"SKU_25","2024-10-29","46","50.97","30"
"SKU_25","2024-10-30","73","51.40","30"
"SKU_25","2024-10-31","55","52.03","30"
"SKU_25","2024-11-01","57","52.80","30"
"SKU_25","2024-11-02","56","53.13","30"
"SKU_25","2024-11-03","50","52.83","30"
"SKU_25","2024-11-04","67","53.73","30"
"SKU_25","2024-11-05","55","53.67","30"
"SKU_25","2024-11-06","58","53.37","30"
"SKU_25","2024-11-07","67","53.57","30"
"SKU_25","2024-11-08","77","54.43","30"
"SKU_25","2024-11-09","62","55.53","30"
"SKU_25","2024-11-10","87","56.77","30"
"SKU_25","2024-11-11","62","57.20","30"
"SKU_25","2024-11-12","55","57.40","30"
"SKU_25","2024-11-13","86","58.87","30"
"SKU_25","2024-11-14","58","58.47","30"
"SKU_25","2024-11-15","54","59.17","30"
"SKU_25","2024-11-16","72","60.17","30"
"SKU_25","2024-11-17","67","60.37","30"
"SKU_25","2024-11-18","64","60.43","30"
"SKU_25","2024-11-19","71","61.00","30"
"SKU_25","2024-11-20","51","60.80","30"
"SKU_25","2024-11-21","68","61.23","30"
"SKU_25","2024-11-22","83","61.97","30"
"SKU_25","2024-11-23","102","63.93","30"
"SKU_25","2024-11-24","59","64.10","30"
"SKU_25","2024-11-25","72","64.83","30"
"SKU_25","2024-11-26","80","65.83","30"
"SKU_25","2024-11-27","80","66.47","30"
"SKU_25","2024-11-28","84","67.73","30"
"SKU_25","2024-11-29","88","68.23","30"
"SKU_25","2024-11-30","61","68.43","30"
"SKU_25","2024-12-01","84","69.33","30"
"SKU_25","2024-12-02","66","69.67","30"
"SKU_25","2024-12-03","53","69.77","30"
"SKU_25","2024-12-04","78","70.13","30"
"SKU_25","2024-12-05","74","70.77","30"
"SKU_25","2024-12-06","69","71.13","30"
"SKU_25","2024-12-07","66","71.10","30"
"SKU_25","2024-12-08","58","70.47","30"
"SKU_25","2024-12-09","76","70.93","30"
"SKU_25","2024-12-10","66","70.23","30"
"SKU_25","2024-12-11","73","70.60","30"
"SKU_25","2024-12-12","92","71.83","30"
"SKU_25","2024-12-13","69","71.27","30"
"SKU_25","2024-12-14","77","71.90","30"
"SKU_25","2024-12-15","79","72.73","30"
"SKU_25","2024-12-16","92","73.40","30"
"SKU_25","2024-12-17","89","74.13","30"
"SKU_25","2024-12-18","81","74.70","30"
"SKU_25","2024-12-19","97","75.57","30"
"SKU_25","2024-12-20","120","77.87","30"
"SKU_25","2024-12-21","93","78.70","30"
"SKU_25","2024-12-22","99","79.23","30"
"SKU_25","2024-12-23","104","79.30","30"
"SKU_25","2024-12-24","107","80.90","30"
"SKU_25","2024-12-25","79","81.13","30"
"SKU_25","2024-12-26","104","81.93","30"
"SKU_25","2024-12-27","101","82.63","30"
"SKU_25","2024-12-28","92","82.90","30"
"SKU_25","2024-12-29","89","82.93","30"
"SKU_25","2024-12-30","106","84.43","30"
"SKU_26","2024-01-01","93","93.00","1"
"SKU_26","2024-01-02","106","99.50","2"
"SKU_26","2024-01-03","108","102.33","3"
"SKU_26","2024-01-04","101","102.00","4"
"SKU_26","2024-01-05","99","101.40","5"
"SKU_26","2024-01-06","101","101.33","6"
"SKU_26","2024-01-07","110","102.57","7"
"SKU_26","2024-01-08","97","101.88","8"
"SKU_26","2024-01-09","92","100.78","9"
"SKU_26","2024-01-10","107","101.40","10"
"SKU_26","2024-01-11","117","102.82","11"
"SKU_26","2024-01-12","122","104.42","12"
"SKU_26","2024-01-13","114","105.15","13"
"SKU_26","2024-01-14","121","106.29","14"
"SKU_26","2024-01-15","143","108.73","15"
"SKU_26","2024-01-16","114","109.06","16"
"SKU_26","2024-01-17","100","108.53","17"
"SKU_26","2024-01-18","108","108.50","18"
"SKU_26","2024-01-19","115","108.84","19"
"SKU_26","2024-01-20","109","108.85","20"
"SKU_26","2024-01-21","99","108.38","21"
"SKU_26","2024-01-22","108","108.36","22"
"SKU_26","2024-01-23","123","109.00","23"
"SKU_26","2024-01-24","107","108.92","24"
"SKU_26","2024-01-25","100","108.56","25"
"SKU_26","2024-01-26","135","109.58","26"
"SKU_26","2024-01-27","118","109.89","27"
"SKU_26","2024-01-28","125","110.43","28"
"SKU_26","2024-01-29","130","111.10","29"
"SKU_26","2024-01-30","135","111.90","30"
"SKU_26","2024-01-31","133","113.23","30"
"SKU_26","2024-02-01","126","113.90","30"
"SKU_26","2024-02-02","108","113.90","30"
"SKU_26","2024-02-03","137","115.10","30"
"SKU_26","2024-02-04","150","116.80","30"
"SKU_26","2024-02-05","119","117.40","30"
"SKU_26","2024-02-06","133","118.17","30"
"SKU_26","2024-02-07","126","119.13","30"
"SKU_26","2024-02-08","141","120.77","30"
"SKU_26","2024-02-09","124","121.33","30"
"SKU_26","2024-02-10","128","121.70","30"
"SKU_26","2024-02-11","129","121.93","30"
"SKU_26","2024-02-12","150","123.13","30"
"SKU_26","2024-02-13","142","123.83","30"
"SKU_26","2024-02-14","122","123.13","30"
"SKU_26","2024-02-15","155","124.50","30"
"SKU_26","2024-02-16","161","126.53","30"
"SKU_26","2024-02-17","146","127.80","30"
"SKU_26","2024-02-18","137","128.53","30"
"SKU_26","2024-02-19","115","128.73","30"
"SKU_26","2024-02-20","121","129.47","30"
"SKU_26","2024-02-21","152","130.93","30"
"SKU_26","2024-02-22","145","131.67","30"
"SKU_26","2024-02-23","139","132.73","30"
"SKU_26","2024-02-24","139","134.03","30"
"SKU_26","2024-02-25","138","134.13","30"
"SKU_26","2024-02-26","141","134.90","30"
"SKU_26","2024-02-27","146","135.60","30"
"SKU_26","2024-02-28","150","136.27","30"
"SKU_26","2024-02-29","144","136.57","30"
"SKU_26","2024-03-01","165","137.63","30"
"SKU_26","2024-03-02","136","137.97","30"
"SKU_26","2024-03-03","153","139.47","30"
"SKU_26","2024-03-04","167","140.47","30"
"SKU_26","2024-03-05","138","140.07","30"
"SKU_26","2024-03-06","115","139.93","30"
"SKU_26","2024-03-07","179","141.47","30"
"SKU_26","2024-03-08","157","142.50","30"
"SKU_26","2024-03-09","143","142.57","30"
"SKU_26","2024-03-10","161","143.80","30"
"SKU_26","2024-03-11","155","144.70","30"
"SKU_26","2024-03-12","135","144.90","30"
"SKU_26","2024-03-13","161","145.27","30"
"SKU_26","2024-03-14","146","145.40","30"
"SKU_26","2024-03-15","147","146.23","30"
"SKU_26","2024-03-16","148","146.00","30"
"SKU_26","2024-03-17","159","145.93","30"
"SKU_26","2024-03-18","141","145.77","30"
"SKU_26","2024-03-19","136","145.73","30"
"SKU_26","2024-03-20","144","146.70","30"
"SKU_26","2024-03-21","158","147.93","30"
"SKU_26","2024-03-22","173","148.63","30"
"SKU_26","2024-03-23","156","149.00","30"
"SKU_26","2024-03-24","144","149.17","30"
"SKU_26","2024-03-25","167","150.10","30"
"SKU_26","2024-03-26","131","149.87","30"
"SKU_26","2024-03-27","129","149.47","30"
"SKU_26","2024-03-28","159","149.90","30"
"SKU_26","2024-03-29","143","149.67","30"
"SKU_26","2024-03-30","158","150.13","30"
"SKU_26","2024-03-31","159","149.93","30"
"SKU_26","2024-04-01","144","150.20","30"
"SKU_26","2024-04-02","144","149.90","30"
"SKU_26","2024-04-03","164","149.80","30"
"SKU_26","2024-04-04","141","149.90","30"
"SKU_26","2024-04-05","180","152.07","30"
"SKU_26","2024-04-06","160","151.43","30"
"SKU_26","2024-04-07","140","150.87","30"
"SKU_26","2024-04-08","152","151.17","30"
"SKU_26","2024-04-09","136","150.33","30"
"SKU_26","2024-04-10","145","150.00","30"
"SKU_26","2024-04-11","146","150.37","30"
"SKU_26","2024-04-12","147","149.90","30"
"SKU_26","2024-04-13","156","150.23","30"
"SKU_26","2024-04-14","154","150.47","30"
"SKU_26","2024-04-15","152","150.60","30"
"SKU_26","2024-04-16","169","150.93","30"
"SKU_26","2024-04-17","154","151.37","30"
"SKU_26","2024-04-18","143","151.60","30"
"SKU_26","2024-04-19","151","151.83","30"
"SKU_26","2024-04-20","141","151.27","30"
"SKU_26","2024-04-21","163","150.93","30"
"SKU_26","2024-04-22","132","150.13","30"
"SKU_26","2024-04-23","143","150.10","30"
"SKU_26","2024-04-24","146","149.40","30"
"SKU_26","2024-04-25","135","149.53","30"
"SKU_26","2024-04-26","165","150.73","30"
"SKU_26","2024-04-27","141","150.13","30"
"SKU_26","2024-04-28","147","150.27","30"
"SKU_26","2024-04-29","129","149.30","30"
"SKU_26","2024-04-30","146","148.87","30"
"SKU_26","2024-05-01","135","148.57","30"
"SKU_26","2024-05-02","135","148.27","30"
"SKU_26","2024-05-03","138","147.40","30"
"SKU_26","2024-05-04","169","148.33","30"
"SKU_26","2024-05-05","167","147.90","30"
"SKU_26","2024-05-06","144","147.37","30"
"SKU_26","2024-05-07","146","147.57","30"
"SKU_26","2024-05-08","126","146.70","30"
"SKU_26","2024-05-09","144","146.97","30"
"SKU_26","2024-05-10","157","147.37","30"
"SKU_26","2024-05-11","179","148.47","30"
"SKU_26","2024-05-12","153","148.67","30"
"SKU_26","2024-05-13","132","147.87","30"
"SKU_26","2024-05-14","141","147.43","30"
"SKU_26","2024-05-15","151","147.40","30"
"SKU_26","2024-05-16","140","146.43","30"
"SKU_26","2024-05-17","134","145.77","30"
"SKU_26","2024-05-18","148","145.93","30"
"SKU_26","2024-05-19","129","145.20","30"
"SKU_26","2024-05-20","116","144.37","30"
"SKU_26","2024-05-21","131","143.30","30"
"SKU_26","2024-05-22","121","142.93","30"
"SKU_26","2024-05-23","138","142.77","30"
"SKU_26","2024-05-24","163","143.33","30"
"SKU_26","2024-05-25","126","143.03","30"
"SKU_26","2024-05-26","122","141.60","30"
"SKU_26","2024-05-27","150","141.90","30"
"SKU_26","2024-05-28","137","141.57","30"
"SKU_26","2024-05-29","129","141.57","30"
"SKU_26","2024-05-30","113","140.47","30"
"SKU_26","2024-05-31","127","140.20","30"
"SKU_26","2024-06-01","121","139.73","30"
"SKU_26","2024-06-02","101","138.50","30"
"SKU_26","2024-06-03","124","137.00","30"
"SKU_26","2024-06-04","127","135.67","30"
"SKU_26","2024-06-05","130","135.20","30"
"SKU_26","2024-06-06","123","134.43","30"
"SKU_26","2024-06-07","131","134.60","30"
"SKU_26","2024-06-08","106","133.33","30"
"SKU_26","2024-06-09","145","132.93","30"
"SKU_26","2024-06-10","121","131.00","30"
"SKU_26","2024-06-11","117","129.80","30"
"SKU_26","2024-06-12","120","129.40","30"
"SKU_26","2024-06-13","138","129.30","30"
"SKU_26","2024-06-14","122","128.33","30"
"SKU_26","2024-06-15","128","127.93","30"
"SKU_26","2024-06-16","109","127.10","30"
"SKU_26","2024-06-17","105","125.67","30"
"SKU_26","2024-06-18","114","125.17","30"
"SKU_26","2024-06-19","117","125.20","30"
"SKU_26","2024-06-20","122","124.90","30"
"SKU_26","2024-06-21","111","124.57","30"
"SKU_26","2024-06-22","115","123.80","30"
"SKU_26","2024-06-23","93","121.47","30"
"SKU_26","2024-06-24","84","120.07","30"
"SKU_26","2024-06-25","82","118.73","30"
"SKU_26","2024-06-26","95","116.90","30"
"SKU_26","2024-06-27","105","115.83","30"
"SKU_26","2024-06-28","113","115.30","30"
"SKU_26","2024-06-29","114","115.33","30"
"SKU_26","2024-06-30","106","114.63","30"
"SKU_26","2024-07-01","87","113.50","30"
"SKU_26","2024-07-02","107","113.70","30"
"SKU_26","2024-07-03","95","112.73","30"
"SKU_26","2024-07-04","87","111.40","30"
"SKU_26","2024-07-05","96","110.27","30"
"SKU_26","2024-07-06","101","109.53","30"
"SKU_26","2024-07-07","83","107.93","30"
"SKU_26","2024-07-08","84","107.20","30"
"SKU_26","2024-07-09","108","105.97","30"
"SKU_26","2024-07-10","100","105.27","30"
"SKU_26","2024-07-11","91","104.40","30"
"SKU_26","2024-07-12","107","103.97","30"
"SKU_26","2024-07-13","82","102.10","30"
"SKU_26","2024-07-14","83","100.80","30"
"SKU_26","2024-07-15","100","99.87","30"
"SKU_26","2024-07-16","69","98.53","30"
"SKU_26","2024-07-17","90","98.03","30"
"SKU_26","2024-07-18","93","97.33","30"
"SKU_26","2024-07-19","87","96.33","30"
"SKU_26","2024-07-20","63","94.37","30"
"SKU_26","2024-07-21","72","93.07","30"
"SKU_26","2024-07-22","71","91.60","30"
"SKU_26","2024-07-23","72","90.90","30"
"SKU_26","2024-07-24","81","90.80","30"
"SKU_26","2024-07-25","49","89.70","30"
"SKU_26","2024-07-26","93","89.63","30"
"SKU_26","2024-07-27","79","88.77","30"
"SKU_26","2024-07-28","76","87.53","30"
"SKU_26","2024-07-29","70","86.07","30"
"SKU_26","2024-07-30","58","84.47","30"
"SKU_26","2024-07-31","73","84.00","30"
"SKU_26","2024-08-01","74","82.90","30"
"SKU_26","2024-08-02","73","82.17","30"
"SKU_26","2024-08-03","67","81.50","30"
"SKU_26","2024-08-04","66","80.50","30"
"SKU_26","2024-08-05","67","79.37","30"
"SKU_26","2024-08-06","73","79.03","30"
"SKU_26","2024-08-07","72","78.63","30"
"SKU_26","2024-08-08","57","76.93","30"
"SKU_26","2024-08-09","56","75.47","30"
"SKU_26","2024-08-10","74","74.90","30"
"SKU_26","2024-08-11","46","72.87","30"
"SKU_26","2024-08-12","66","72.33","30"
"SKU_26","2024-08-13","51","71.27","30"
"SKU_26","2024-08-14","77","70.50","30"
"SKU_26","2024-08-15","47","69.77","30"
"SKU_26","2024-08-16","54","68.57","30"
"SKU_26","2024-08-17","42","66.87","30"
"SKU_26","2024-08-18","60","65.97","30"
"SKU_26","2024-08-19","66","66.07","30"
"SKU_26","2024-08-20","76","66.20","30"
"SKU_26","2024-08-21","75","66.33","30"
"SKU_26","2024-08-22","29","64.90","30"
"SKU_26","2024-08-23","70","64.53","30"
"SKU_26","2024-08-24","64","65.03","30"
"SKU_26","2024-08-25","39","63.23","30"
"SKU_26","2024-08-26","46","62.13","30"
"SKU_26","2024-08-27","56","61.47","30"
"SKU_26","2024-08-28","44","60.60","30"
"SKU_26","2024-08-29","62","60.73","30"
"SKU_26","2024-08-30","42","59.70","30"
"SKU_26","2024-08-31","62","59.30","30"
"SKU_26","2024-09-01","49","58.50","30"
"SKU_26","2024-09-02","49","57.90","30"
"SKU_26","2024-09-03","56","57.57","30"
"SKU_26","2024-09-04","39","56.63","30"
"SKU_26","2024-09-05","47","55.77","30"
"SKU_26","2024-09-06","55","55.20","30"
"SKU_26","2024-09-07","50","54.97","30"
"SKU_26","2024-09-08","62","55.17","30"
"SKU_26","2024-09-09","34","53.83","30"
"SKU_26","2024-09-10","59","54.27","30"
"SKU_26","2024-09-11","51","53.77","30"
"SKU_26","2024-09-12","39","53.37","30"
"SKU_26","2024-09-13","41","52.17","30"
"SKU_26","2024-09-14","66","52.80","30"
"SKU_26","2024-09-15","66","53.20","30"
"SKU_26","2024-09-16","50","53.47","30"
"SKU_26","2024-09-17","43","52.90","30"
"SKU_26","2024-09-18","76","53.23","30"
"SKU_26","2024-09-19","44","52.17","30"
"SKU_26","2024-09-20","29","50.63","30"
"SKU_26","2024-09-21","43","51.10","30"
"SKU_26","2024-09-22","58","50.70","30"
"SKU_26","2024-09-23","44","50.03","30"
"SKU_26","2024-09-24","61","50.77","30"
"SKU_26","2024-09-25","44","50.70","30"
"SKU_26","2024-09-26","54","50.63","30"
"SKU_26","2024-09-27","58","51.10","30"
"SKU_26","2024-09-28","33","50.13","30"
"SKU_26","2024-09-29","43","50.17","30"
"SKU_26","2024-09-30","65","50.27","30"
"SKU_26","2024-10-01","66","50.83","30"
"SKU_26","2024-10-02","44","50.67","30"
"SKU_26","2024-10-03","31","49.83","30"
"SKU_26","2024-10-04","48","50.13","30"
"SKU_26","2024-10-05","71","50.93","30"
"SKU_26","2024-10-06","65","51.27","30"
"SKU_26","2024-10-07","51","51.30","30"
"SKU_26","2024-10-08","68","51.50","30"
"SKU_26","2024-10-09","40","51.70","30"
"SKU_26","2024-10-10","47","51.30","30"
"SKU_26","2024-10-11","39","50.90","30"
"SKU_26","2024-10-12","57","51.50","30"
"SKU_26","2024-10-13","52","51.87","30"
"SKU_26","2024-10-14","54","51.47","30"
"SKU_26","2024-10-15","63","51.37","30"
"SKU_26","2024-10-16","31","50.73","30"
"SKU_26","2024-10-17","71","51.67","30"
"SKU_26","2024-10-18","63","51.23","30"
"SKU_26","2024-10-19","35","50.93","30"
"SKU_26","2024-10-20","46","51.50","30"
"SKU_26","2024-10-21","59","52.03","30"
"SKU_26","2024-10-22","28","51.03","30"
"SKU_26","2024-10-23","56","51.43","30"
"SKU_26","2024-10-24","38","50.67","30"
"SKU_26","2024-10-25","55","51.03","30"
"SKU_26","2024-10-26","34","50.37","30"
"SKU_26","2024-10-27","36","49.63","30"
"SKU_26","2024-10-28","56","50.40","30"
"SKU_26","2024-10-29","75","51.47","30"
"SKU_26","2024-10-30","36","50.50","30"
"SKU_26","2024-10-31","66","50.50","30"
"SKU_26","2024-11-01","49","50.67","30"
"SKU_26","2024-11-02","66","51.83","30"
"SKU_26","2024-11-03","57","52.13","30"
"SKU_26","2024-11-04","72","52.17","30"
"SKU_26","2024-11-05","85","52.83","30"
"SKU_26","2024-11-06","52","52.87","30"
"SKU_26","2024-11-07","59","52.57","30"
"SKU_26","2024-11-08","67","53.47","30"
"SKU_26","2024-11-09","54","53.70","30"
"SKU_26","2024-11-10","81","55.10","30"
"SKU_26","2024-11-11","66","55.40","30"
"SKU_26","2024-11-12","62","55.73","30"
"SKU_26","2024-11-13","69","56.23","30"
"SKU_26","2024-11-14","47","55.70","30"
"SKU_26","2024-11-15","60","56.67","30"
"SKU_26","2024-11-16","53","56.07","30"
"SKU_26","2024-11-17","53","55.73","30"
"SKU_26","2024-11-18","64","56.70","30"
"SKU_26","2024-11-19","67","57.40","30"
"SKU_26","2024-11-20","61","57.47","30"
"SKU_26","2024-11-21","53","58.30","30"
"SKU_26","2024-11-22","48","58.03","30"
"SKU_26","2024-11-23","82","59.50","30"
"SKU_26","2024-11-24","67","59.90","30"
"SKU_26","2024-11-25","63","60.87","30"
"SKU_26","2024-11-26","66","61.87","30"
"SKU_26","2024-11-27","56","61.87","30"
"SKU_26","2024-11-28","77","61.93","30"
"SKU_26","2024-11-29","75","63.23","30"
"SKU_26","2024-11-30","84","63.83","30"
"SKU_26","2024-12-01","48","63.80","30"
"SKU_26","2024-12-02","83","64.37","30"
"SKU_26","2024-12-03","68","64.73","30"
"SKU_26","2024-12-04","70","64.67","30"
"SKU_26","2024-12-05","81","64.53","30"
"SKU_26","2024-12-06","79","65.43","30"
"SKU_26","2024-12-07","82","66.20","30"
"SKU_26","2024-12-08","90","66.97","30"
"SKU_26","2024-12-09","96","68.37","30"
"SKU_26","2024-12-10","93","68.77","30"
"SKU_26","2024-12-11","82","69.30","30"
"SKU_26","2024-12-12","60","69.23","30"
"SKU_26","2024-12-13","95","70.10","30"
"SKU_26","2024-12-14","67","70.77","30"
"SKU_26","2024-12-15","102","72.17","30"
"SKU_26","2024-12-16","98","73.67","30"
"SKU_26","2024-12-17","84","74.70","30"
"SKU_26","2024-12-18","75","75.07","30"
"SKU_26","2024-12-19","86","75.70","30"
"SKU_26","2024-12-20","81","76.37","30"
"SKU_26","2024-12-21","75","77.10","30"
"SKU_26","2024-12-22","89","78.47","30"
"SKU_26","2024-12-23","86","78.60","30"
"SKU_26","2024-12-24","108","79.97","30"
"SKU_26","2024-12-25","103","81.30","30"
"SKU_26","2024-12-26","91","82.13","30"
"SKU_26","2024-12-27","90","83.27","30"
"SKU_26","2024-12-28","103","84.13","30"
"SKU_26","2024-12-29","92","84.70","30"
"SKU_26","2024-12-30","114","85.70","30"
"SKU_27","2024-01-01","105","105.00","1"
"SKU_27","2024-01-02","113","109.00","2"
"SKU_27","2024-01-03","90","102.67","3"
"SKU_27","2024-01-04","120","107.00","4"
"SKU_27","2024-01-05","113","108.20","5"
"SKU_27","2024-01-06","115","109.33","6"
"SKU_27","2024-01-07","120","110.86","7"
"SKU_27","2024-01-08","101","109.63","8"
"SKU_27","2024-01-09","113","110.00","9"
"SKU_27","2024-01-10","122","111.20","10"
"SKU_27","2024-01-11","102","110.36","11"
"SKU_27","2024-01-12","113","110.58","12"
"SKU_27","2024-01-13","102","109.92","13"
"SKU_27","2024-01-14","113","110.14","14"
"SKU_27","2024-01-15","115","110.47","15"
"SKU_27","2024-01-16","133","111.88","16"
"SKU_27","2024-01-17","120","112.35","17"
"SKU_27","2024-01-18","116","112.56","18"
"SKU_27","2024-01-19","124","113.16","19"
"SKU_27","2024-01-20","125","113.75","20"
"SKU_27","2024-01-21","127","114.38","21"
"SKU_27","2024-01-22","115","114.41","22"
"SKU_27","2024-01-23","112","114.30","23"
"SKU_27","2024-01-24","117","114.42","24"
"SKU_27","2024-01-25","103","113.96","25"
"SKU_27","2024-01-26","125","114.38","26"
"SKU_27","2024-01-27","140","115.33","27"
"SKU_27","2024-01-28","125","115.68","28"
"SKU_27","2024-01-29","129","116.14","29"
"SKU_27","2024-01-30","140","116.93","30"
"SKU_27","2024-01-31","138","118.03","30"
"SKU_27","2024-02-01","102","117.67","30"
"SKU_27","2024-02-02","126","118.87","30"
"SKU_27","2024-02-03","125","119.03","30"
"SKU_27","2024-02-04","136","119.80","30"
"SKU_27","2024-02-05","110","119.63","30"
"SKU_27","2024-02-06","129","119.93","30"
"SKU_27","2024-02-07","128","120.83","30"
"SKU_27","2024-02-08","120","121.07","30"
"SKU_27","2024-02-09","139","121.63","30"
"SKU_27","2024-02-10","161","123.60","30"
"SKU_27","2024-02-11","119","123.80","30"
"SKU_27","2024-02-12","133","124.83","30"
"SKU_27","2024-02-13","144","125.87","30"
"SKU_27","2024-02-14","140","126.70","30"
"SKU_27","2024-02-15","154","127.40","30"
"SKU_27","2024-02-16","135","127.90","30"
"SKU_27","2024-02-17","142","128.77","30"
"SKU_27","2024-02-18","130","128.97","30"
"SKU_27","2024-02-19","129","129.10","30"
"SKU_27","2024-02-20","141","129.57","30"
"SKU_27","2024-02-21","123","129.83","30"
"SKU_27","2024-02-22","144","130.90","30"
"SKU_27","2024-02-23","174","132.80","30"
"SKU_27","2024-02-24","140","134.03","30"
"SKU_27","2024-02-25","134","134.33","30"
"SKU_27","2024-02-26","141","134.37","30"
"SKU_27","2024-02-27","115","134.03","30"
"SKU_27","2024-02-28","161","135.10","30"
"SKU_27","2024-02-29","119","134.40","30"
"SKU_27","2024-03-01","160","135.13","30"
"SKU_27","2024-03-02","145","136.57","30"
"SKU_27","2024-03-03","149","137.33","30"
"SKU_27","2024-03-04","113","136.93","30"
"SKU_27","2024-03-05","141","137.10","30"
"SKU_27","2024-03-06","182","139.50","30"
"SKU_27","2024-03-07","152","140.27","30"
"SKU_27","2024-03-08","140","140.67","30"
"SKU_27","2024-03-09","161","142.03","30"
"SKU_27","2024-03-10","146","142.27","30"
"SKU_27","2024-03-11","130","141.23","30"
"SKU_27","2024-03-12","175","143.10","30"
"SKU_27","2024-03-13","140","143.33","30"
"SKU_27","2024-03-14","153","143.63","30"
"SKU_27","2024-03-15","130","143.30","30"
"SKU_27","2024-03-16","137","142.73","30"
"SKU_27","2024-03-17","157","143.47","30"
"SKU_27","2024-03-18","130","143.07","30"
"SKU_27","2024-03-19","119","142.70","30"
"SKU_27","2024-03-20","163","143.83","30"
"SKU_27","2024-03-21","162","144.53","30"
"SKU_27","2024-03-22","136","144.97","30"
"SKU_27","2024-03-23","136","144.70","30"
"SKU_27","2024-03-24","143","143.67","30"
"SKU_27","2024-03-25","165","144.50","30"
"SKU_27","2024-03-26","154","145.17","30"
"SKU_27","2024-03-27","140","145.13","30"
"SKU_27","2024-03-28","146","146.17","30"
"SKU_27","2024-03-29","146","145.67","30"
"SKU_27","2024-03-30","151","146.73","30"
"SKU_27","2024-03-31","124","145.53","30"
"SKU_27","2024-04-01","143","145.47","30"
"SKU_27","2024-04-02","160","145.83","30"
"SKU_27","2024-04-03","153","147.17","30"
"SKU_27","2024-04-04","141","147.17","30"
"SKU_27","2024-04-05","141","145.80","30"
"SKU_27","2024-04-06","133","145.17","30"
"SKU_27","2024-04-07","185","146.67","30"
"SKU_27","2024-04-08","147","146.20","30"
"SKU_27","2024-04-09","164","146.80","30"
"SKU_27","2024-04-10","135","146.97","30"
"SKU_27","2024-04-11","127","145.37","30"
"SKU_27","2024-04-12","127","144.93","30"
"SKU_27","2024-04-13","142","144.57","30"
"SKU_27","2024-04-14","145","145.07","30"
"SKU_27","2024-04-15","163","145.93","30"
"SKU_27","2024-04-16","154","145.83","30"
"SKU_27","2024-04-17","163","146.93","30"
"SKU_27","2024-04-18","124","147.10","30"
"SKU_27","2024-04-19","163","147.10","30"
"SKU_27","2024-04-20","149","146.67","30"
"SKU_27","2024-04-21","135","146.63","30"
"SKU_27","2024-04-22","152","147.17","30"
"SKU_27","2024-04-23","133","146.83","30"
"SKU_27","2024-04-24","137","145.90","30"
"SKU_27","2024-04-25","132","145.17","30"
"SKU_27","2024-04-26","116","144.37","30"
"SKU_27","2024-04-27","159","144.80","30"
"SKU_27","2024-04-28","126","144.13","30"
"SKU_27","2024-04-29","142","143.83","30"
"SKU_27","2024-04-30","181","145.73","30"
"SKU_27","2024-05-01","130","145.30","30"
"SKU_27","2024-05-02","177","145.87","30"
"SKU_27","2024-05-03","149","145.73","30"
"SKU_27","2024-05-04","128","145.30","30"
"SKU_27","2024-05-05","127","144.83","30"
"SKU_27","2024-05-06","122","144.47","30"
"SKU_27","2024-05-07","139","142.93","30"
"SKU_27","2024-05-08","129","142.33","30"
"SKU_27","2024-05-09","130","141.20","30"
"SKU_27","2024-05-10","152","141.77","30"
"SKU_27","2024-05-11","152","142.60","30"
"SKU_27","2024-05-12","146","143.23","30"
"SKU_27","2024-05-13","147","143.40","30"
"SKU_27","2024-05-14","142","143.30","30"
"SKU_27","2024-05-15","130","142.20","30"
"SKU_27","2024-05-16","171","142.77","30"
"SKU_27","2024-05-17","134","141.80","30"
"SKU_27","2024-05-18","129","141.97","30"
"SKU_27","2024-05-19","126","140.73","30"
"SKU_27","2024-05-20","139","140.40","30"
"SKU_27","2024-05-21","123","140.00","30"
"SKU_27","2024-05-22","132","139.33","30"
"SKU_27","2024-05-23","155","140.07","30"
"SKU_27","2024-05-24","135","140.00","30"
"SKU_27","2024-05-25","138","140.20","30"
"SKU_27","2024-05-26","122","140.40","30"
"SKU_27","2024-05-27","150","140.10","30"
"SKU_27","2024-05-28","135","140.40","30"
"SKU_27","2024-05-29","128","139.93","30"
"SKU_27","2024-05-30","126","138.10","30"
"SKU_27","2024-05-31","138","138.37","30"
"SKU_27","2024-06-01","136","137.00","30"
"SKU_27","2024-06-02","133","136.47","30"
"SKU_27","2024-06-03","140","136.87","30"
"SKU_27","2024-06-04","102","136.03","30"
"SKU_27","2024-06-05","135","136.47","30"
"SKU_27","2024-06-06","110","135.50","30"
"SKU_27","2024-06-07","109","134.83","30"
"SKU_27","2024-06-08","115","134.33","30"
"SKU_27","2024-06-09","121","133.30","30"
"SKU_27","2024-06-10","97","131.47","30"
"SKU_27","2024-06-11","123","130.70","30"
"SKU_27","2024-06-12","133","130.23","30"
"SKU_27","2024-06-13","152","130.57","30"
"SKU_27","2024-06-14","118","130.17","30"
"SKU_27","2024-06-15","113","128.23","30"
"SKU_27","2024-06-16","120","127.77","30"
"SKU_27","2024-06-17","123","127.57","30"
"SKU_27","2024-06-18","111","127.07","30"
"SKU_27","2024-06-19","100","125.77","30"
"SKU_27","2024-06-20","112","125.40","30"
"SKU_27","2024-06-21","116","124.87","30"
"SKU_27","2024-06-22","103","123.13","30"
"SKU_27","2024-06-23","101","122.00","30"
"SKU_27","2024-06-24","98","120.67","30"
"SKU_27","2024-06-25","112","120.33","30"
"SKU_27","2024-06-26","114","119.13","30"
"SKU_27","2024-06-27","73","117.07","30"
"SKU_27","2024-06-28","102","116.20","30"
"SKU_27","2024-06-29","124","116.13","30"
"SKU_27","2024-06-30","101","114.90","30"
"SKU_27","2024-07-01","109","114.00","30"
"SKU_27","2024-07-02","75","112.07","30"
"SKU_27","2024-07-03","85","110.23","30"
"SKU_27","2024-07-04","98","110.10","30"
"SKU_27","2024-07-05","88","108.53","30"
"SKU_27","2024-07-06","92","107.93","30"
"SKU_27","2024-07-07","80","106.97","30"
"SKU_27","2024-07-08","96","106.33","30"
"SKU_27","2024-07-09","100","105.63","30"
"SKU_27","2024-07-10","109","106.03","30"
"SKU_27","2024-07-11","83","104.70","30"
"SKU_27","2024-07-12","90","103.27","30"
"SKU_27","2024-07-13","88","101.13","30"
"SKU_27","2024-07-14","100","100.53","30"
"SKU_27","2024-07-15","105","100.27","30"
"SKU_27","2024-07-16","83","99.03","30"
"SKU_27","2024-07-17","96","98.13","30"
"SKU_27","2024-07-18","79","97.07","30"
"SKU_27","2024-07-19","84","96.53","30"
"SKU_27","2024-07-20","90","95.80","30"
"SKU_27","2024-07-21","71","94.30","30"
"SKU_27","2024-07-22","74","93.33","30"
"SKU_27","2024-07-23","75","92.47","30"
"SKU_27","2024-07-24","82","91.93","30"
"SKU_27","2024-07-25","83","90.97","30"
"SKU_27","2024-07-26","83","89.93","30"
"SKU_27","2024-07-27","61","89.53","30"
"SKU_27","2024-07-28","87","89.03","30"
"SKU_27","2024-07-29","78","87.50","30"
"SKU_27","2024-07-30","68","86.40","30"
"SKU_27","2024-07-31","86","85.63","30"
"SKU_27","2024-08-01","86","86.00","30"
"SKU_27","2024-08-02","78","85.77","30"
"SKU_27","2024-08-03","91","85.53","30"
"SKU_27","2024-08-04","66","84.80","30"
"SKU_27","2024-08-05","77","84.30","30"
"SKU_27","2024-08-06","56","83.50","30"
"SKU_27","2024-08-07","91","83.33","30"
"SKU_27","2024-08-08","68","82.27","30"
"SKU_27","2024-08-09","86","81.50","30"
"SKU_27","2024-08-10","48","80.33","30"
"SKU_27","2024-08-11","60","79.33","30"
"SKU_27","2024-08-12","71","78.77","30"
"SKU_27","2024-08-13","77","78.00","30"
"SKU_27","2024-08-14","77","77.07","30"
"SKU_27","2024-08-15","42","75.70","30"
"SKU_27","2024-08-16","63","74.60","30"
"SKU_27","2024-08-17","75","74.47","30"
"SKU_27","2024-08-18","66","73.87","30"
"SKU_27","2024-08-19","58","72.80","30"
"SKU_27","2024-08-20","51","72.13","30"
"SKU_27","2024-08-21","53","71.43","30"
"SKU_27","2024-08-22","71","71.30","30"
"SKU_27","2024-08-23","78","71.17","30"
"SKU_27","2024-08-24","53","70.17","30"
"SKU_27","2024-08-25","61","69.43","30"
"SKU_27","2024-08-26","61","69.43","30"
"SKU_27","2024-08-27","41","67.90","30"
"SKU_27","2024-08-28","49","66.93","30"
"SKU_27","2024-08-29","60","66.67","30"
"SKU_27","2024-08-30","50","65.47","30"
"SKU_27","2024-08-31","47","64.17","30"
"SKU_27","2024-09-01","44","63.03","30"
"SKU_27","2024-09-02","62","62.07","30"
"SKU_27","2024-09-03","69","62.17","30"
"SKU_27","2024-09-04","64","61.73","30"
"SKU_27","2024-09-05","52","61.60","30"
"SKU_27","2024-09-06","31","59.60","30"
"SKU_27","2024-09-07","32","58.40","30"
"SKU_27","2024-09-08","50","57.20","30"
"SKU_27","2024-09-09","64","57.73","30"
"SKU_27","2024-09-10","50","57.40","30"
"SKU_27","2024-09-11","20","55.70","30"
"SKU_27","2024-09-12","52","54.87","30"
"SKU_27","2024-09-13","51","54.00","30"
"SKU_27","2024-09-14","48","54.20","30"
"SKU_27","2024-09-15","45","53.60","30"
"SKU_27","2024-09-16","61","53.13","30"
"SKU_27","2024-09-17","38","52.20","30"
"SKU_27","2024-09-18","27","51.17","30"
"SKU_27","2024-09-19","40","50.80","30"
"SKU_27","2024-09-20","49","50.67","30"
"SKU_27","2024-09-21","23","49.07","30"
"SKU_27","2024-09-22","63","48.57","30"
"SKU_27","2024-09-23","46","48.33","30"
"SKU_27","2024-09-24","61","48.33","30"
"SKU_27","2024-09-25","63","48.40","30"
"SKU_27","2024-09-26","42","48.43","30"
"SKU_27","2024-09-27","46","48.33","30"
"SKU_27","2024-09-28","57","48.23","30"
"SKU_27","2024-09-29","40","47.90","30"
"SKU_27","2024-09-30","35","47.50","30"
"SKU_27","2024-10-01","51","47.73","30"
"SKU_27","2024-10-02","43","47.10","30"
"SKU_27","2024-10-03","40","46.13","30"
"SKU_27","2024-10-04","44","45.47","30"
"SKU_27","2024-10-05","53","45.50","30"
"SKU_27","2024-10-06","47","46.03","30"
"SKU_27","2024-10-07","33","46.07","30"
"SKU_27","2024-10-08","56","46.27","30"
"SKU_27","2024-10-09","69","46.43","30"
"SKU_27","2024-10-10","42","46.17","30"
"SKU_27","2024-10-11","76","48.03","30"
"SKU_27","2024-10-12","30","47.30","30"
"SKU_27","2024-10-13","40","46.93","30"
"SKU_27","2024-10-14","51","47.03","30"
"SKU_27","2024-10-15","49","47.17","30"
"SKU_27","2024-10-16","43","46.57","30"
"SKU_27","2024-10-17","50","46.97","30"
"SKU_27","2024-10-18","49","47.70","30"
"SKU_27","2024-10-19","70","48.70","30"
"SKU_27","2024-10-20","62","49.13","30"
"SKU_27","2024-10-21","55","50.20","30"
"SKU_27","2024-10-22","42","49.50","30"
"SKU_27","2024-10-23","20","48.63","30"
"SKU_27","2024-10-24","71","48.97","30"
"SKU_27","2024-10-25","61","48.90","30"
"SKU_27","2024-10-26","52","49.23","30"
"SKU_27","2024-10-27","50","49.37","30"
"SKU_27","2024-10-28","62","49.53","30"
"SKU_27","2024-10-29","52","49.93","30"
"SKU_27","2024-10-30","72","51.17","30"
"SKU_27","2024-10-31","51","51.17","30"
"SKU_27","2024-11-01","60","51.73","30"
"SKU_27","2024-11-02","56","52.27","30"
"SKU_27","2024-11-03","58","52.73","30"
"SKU_27","2024-11-04","51","52.67","30"
"SKU_27","2024-11-05","66","53.30","30"
"SKU_27","2024-11-06","62","54.27","30"
"SKU_27","2024-11-07","64","54.53","30"
"SKU_27","2024-11-08","65","54.40","30"
"SKU_27","2024-11-09","86","55.87","30"
"SKU_27","2024-11-10","56","55.20","30"
"SKU_27","2024-11-11","61","56.23","30"
"SKU_27","2024-11-12","66","57.10","30"
"SKU_27","2024-11-13","64","57.53","30"
"SKU_27","2024-11-14","58","57.83","30"
"SKU_27","2024-11-15","49","58.03","30"
"SKU_27","2024-11-16","65","58.53","30"
"SKU_27","2024-11-17","54","58.70","30"
"SKU_27","2024-11-18","64","58.50","30"
"SKU_27","2024-11-19","86","59.30","30"
"SKU_27","2024-11-20","56","59.33","30"
"SKU_27","2024-11-21","56","59.80","30"
"SKU_27","2024-11-22","66","61.33","30"
"SKU_27","2024-11-23","93","62.07","30"
"SKU_27","2024-11-24","71","62.40","30"
"SKU_27","2024-11-25","76","63.20","30"
"SKU_27","2024-11-26","95","64.70","30"
"SKU_27","2024-11-27","65","64.80","30"
"SKU_27","2024-11-28","77","65.63","30"
"SKU_27","2024-11-29","76","65.77","30"
"SKU_27","2024-11-30","54","65.87","30"
"SKU_27","2024-12-01","80","66.53","30"
"SKU_27","2024-12-02","77","67.23","30"
"SKU_27","2024-12-03","68","67.57","30"
"SKU_27","2024-12-04","73","68.30","30"
"SKU_27","2024-12-05","73","68.53","30"
"SKU_27","2024-12-06","79","69.10","30"
"SKU_27","2024-12-07","90","69.97","30"
"SKU_27","2024-12-08","81","70.50","30"
"SKU_27","2024-12-09","87","70.53","30"
"SKU_27","2024-12-10","65","70.83","30"
"SKU_27","2024-12-11","91","71.83","30"
"SKU_27","2024-12-12","93","72.73","30"
"SKU_27","2024-12-13","75","73.10","30"
"SKU_27","2024-12-14","83","73.93","30"
"SKU_27","2024-12-15","69","74.60","30"
"SKU_27","2024-12-16","71","74.80","30"
"SKU_27","2024-12-17","81","75.70","30"
"SKU_27","2024-12-18","95","76.73","30"
"SKU_27","2024-12-19","84","76.67","30"
"SKU_27","2024-12-20","97","78.03","30"
"SKU_27","2024-12-21","97","79.40","30"
"SKU_27","2024-12-22","100","80.53","30"
"SKU_27","2024-12-23","99","80.73","30"
"SKU_27","2024-12-24","98","81.63","30"
"SKU_27","2024-12-25","82","81.83","30"
"SKU_27","2024-12-26","77","81.23","30"
"SKU_27","2024-12-27","105","82.57","30"
"SKU_27","2024-12-28","92","83.07","30"
"SKU_27","2024-12-29","100","83.87","30"
"SKU_27","2024-12-30","119","86.03","30"
"SKU_28","2024-01-01","108","108.00","1"
"SKU_28","2024-01-02","112","110.00","2"
"SKU_28","2024-01-03","102","107.33","3"
"SKU_28","2024-01-04","109","107.75","4"
"SKU_28","2024-01-05","131","112.40","5"
"SKU_28","2024-01-06","92","109.00","6"
"SKU_28","2024-01-07","86","105.71","7"
"SKU_28","2024-01-08","89","103.63","8"
"SKU_28","2024-01-09","109","104.22","9"
"SKU_28","2024-01-10","101","103.90","10"
"SKU_28","2024-01-11","112","104.64","11"
"SKU_28","2024-01-12","99","104.17","12"
"SKU_28","2024-01-13","107","104.38","13"
"SKU_28","2024-01-14","105","104.43","14"
"SKU_28","2024-01-15","108","104.67","15"
"SKU_28","2024-01-16","120","105.63","16"
"SKU_28","2024-01-17","99","105.24","17"
"SKU_28","2024-01-18","115","105.78","18"
"SKU_28","2024-01-19","101","105.53","19"
"SKU_28","2024-01-20","106","105.55","20"
"SKU_28","2024-01-21","110","105.76","21"
"SKU_28","2024-01-22","133","107.00","22"
"SKU_28","2024-01-23","125","107.78","23"
"SKU_28","2024-01-24","133","108.83","24"
"SKU_28","2024-01-25","132","109.76","25"
"SKU_28","2024-01-26","129","110.50","26"
"SKU_28","2024-01-27","100","110.11","27"
"SKU_28","2024-01-28","134","110.96","28"
"SKU_28","2024-01-29","132","111.69","29"
"SKU_28","2024-01-30","128","112.23","30"
"SKU_28","2024-01-31","130","112.97","30"
"SKU_28","2024-02-01","141","113.93","30"
"SKU_28","2024-02-02","113","114.30","30"
"SKU_28","2024-02-03","125","114.83","30"
"SKU_28","2024-02-04","136","115.00","30"
"SKU_28","2024-02-05","122","116.00","30"
"SKU_28","2024-02-06","137","117.70","30"
"SKU_28","2024-02-07","136","119.27","30"
"SKU_28","2024-02-08","137","120.20","30"
"SKU_28","2024-02-09","132","121.23","30"
"SKU_28","2024-02-10","134","121.97","30"
"SKU_28","2024-02-11","111","122.37","30"
"SKU_28","2024-02-12","139","123.43","30"
"SKU_28","2024-02-13","151","124.97","30"
"SKU_28","2024-02-14","128","125.63","30"
"SKU_28","2024-02-15","139","126.27","30"
"SKU_28","2024-02-16","143","127.73","30"
"SKU_28","2024-02-17","144","128.70","30"
"SKU_28","2024-02-18","122","129.40","30"
"SKU_28","2024-02-19","139","130.50","30"
"SKU_28","2024-02-20","111","130.53","30"
"SKU_28","2024-02-21","116","129.97","30"
"SKU_28","2024-02-22","158","131.07","30"
"SKU_28","2024-02-23","134","131.10","30"
"SKU_28","2024-02-24","148","131.63","30"
"SKU_28","2024-02-25","120","131.33","30"
"SKU_28","2024-02-26","142","132.73","30"
"SKU_28","2024-02-27","136","132.80","30"
"SKU_28","2024-02-28","157","133.63","30"
"SKU_28","2024-02-29","145","134.20","30"
"SKU_28","2024-03-01","127","134.10","30"
"SKU_28","2024-03-02","170","135.07","30"
"SKU_28","2024-03-03","138","135.90","30"
"SKU_28","2024-03-04","144","136.53","30"
"SKU_28","2024-03-05","132","136.40","30"
"SKU_28","2024-03-06","142","137.07","30"
"SKU_28","2024-03-07","144","137.30","30"
"SKU_28","2024-03-08","152","137.83","30"
"SKU_28","2024-03-09","156","138.47","30"
"SKU_28","2024-03-10","170","139.73","30"
"SKU_28","2024-03-11","172","141.00","30"
"SKU_28","2024-03-12","151","142.33","30"
"SKU_28","2024-03-13","155","142.87","30"
"SKU_28","2024-03-14","146","142.70","30"
"SKU_28","2024-03-15","144","143.23","30"
"SKU_28","2024-03-16","153","143.70","30"
"SKU_28","2024-03-17","157","144.17","30"
"SKU_28","2024-03-18","160","144.70","30"
"SKU_28","2024-03-19","146","145.50","30"
"SKU_28","2024-03-20","154","146.00","30"
"SKU_28","2024-03-21","169","147.93","30"
"SKU_28","2024-03-22","132","148.47","30"
"SKU_28","2024-03-23","141","147.90","30"
"SKU_28","2024-03-24","152","148.50","30"
"SKU_28","2024-03-25","138","148.17","30"
"SKU_28","2024-03-26","166","149.70","30"
"SKU_28","2024-03-27","141","149.67","30"
"SKU_28","2024-03-28","169","150.77","30"
"SKU_28","2024-03-29","146","150.40","30"
"SKU_28","2024-03-30","143","150.33","30"
"SKU_28","2024-03-31","135","150.60","30"
"SKU_28","2024-04-01","148","149.87","30"
"SKU_28","2024-04-02","192","151.67","30"
"SKU_28","2024-04-03","137","151.43","30"
"SKU_28","2024-04-04","154","152.17","30"
"SKU_28","2024-04-05","146","152.30","30"
"SKU_28","2024-04-06","144","152.30","30"
"SKU_28","2024-04-07","146","152.10","30"
"SKU_28","2024-04-08","138","151.50","30"
"SKU_28","2024-04-09","155","151.00","30"
"SKU_28","2024-04-10","167","150.83","30"
"SKU_28","2024-04-11","152","150.87","30"
"SKU_28","2024-04-12","111","149.40","30"
"SKU_28","2024-04-13","161","149.90","30"
"SKU_28","2024-04-14","134","149.57","30"
"SKU_28","2024-04-15","145","149.30","30"
"SKU_28","2024-04-16","145","148.90","30"
"SKU_28","2024-04-17","158","148.83","30"
"SKU_28","2024-04-18","151","149.00","30"
"SKU_28","2024-04-19","135","148.37","30"
"SKU_28","2024-04-20","154","147.87","30"
"SKU_28","2024-04-21","136","148.00","30"
"SKU_28","2024-04-22","141","148.00","30"
"SKU_28","2024-04-23","160","148.27","30"
"SKU_28","2024-04-24","147","148.57","30"
"SKU_28","2024-04-25","136","147.57","30"
"SKU_28","2024-04-26","148","147.80","30"
"SKU_28","2024-04-27","172","147.90","30"
"SKU_28","2024-04-28","152","148.10","30"
"SKU_28","2024-04-29","149","148.30","30"
"SKU_28","2024-04-30","167","149.37","30"
"SKU_28","2024-05-01","146","149.30","30"
"SKU_28","2024-05-02","151","147.93","30"
"SKU_28","2024-05-03","150","148.37","30"
"SKU_28","2024-05-04","159","148.53","30"
"SKU_28","2024-05-05","131","148.03","30"
"SKU_28","2024-05-06","142","147.97","30"
"SKU_28","2024-05-07","129","147.40","30"
"SKU_28","2024-05-08","143","147.57","30"
"SKU_28","2024-05-09","162","147.80","30"
"SKU_28","2024-05-10","158","147.50","30"
"SKU_28","2024-05-11","147","147.33","30"
"SKU_28","2024-05-12","129","147.93","30"
"SKU_28","2024-05-13","138","147.17","30"
"SKU_28","2024-05-14","133","147.13","30"
"SKU_28","2024-05-15","125","146.47","30"
"SKU_28","2024-05-16","147","146.53","30"
"SKU_28","2024-05-17","148","146.20","30"
"SKU_28","2024-05-18","122","145.23","30"
"SKU_28","2024-05-19","135","145.23","30"
"SKU_28","2024-05-20","128","144.37","30"
"SKU_28","2024-05-21","135","144.33","30"
"SKU_28","2024-05-22","136","144.17","30"
"SKU_28","2024-05-23","149","143.80","30"
"SKU_28","2024-05-24","131","143.27","30"
"SKU_28","2024-05-25","139","143.37","30"
"SKU_28","2024-05-26","125","142.60","30"
"SKU_28","2024-05-27","120","140.87","30"
"SKU_28","2024-05-28","131","140.17","30"
"SKU_28","2024-05-29","153","140.30","30"
"SKU_28","2024-05-30","135","139.23","30"
"SKU_28","2024-05-31","116","138.23","30"
"SKU_28","2024-06-01","103","136.63","30"
"SKU_28","2024-06-02","130","135.97","30"
"SKU_28","2024-06-03","111","134.37","30"
"SKU_28","2024-06-04","122","134.07","30"
"SKU_28","2024-06-05","91","132.37","30"
"SKU_28","2024-06-06","140","132.73","30"
"SKU_28","2024-06-07","117","131.87","30"
"SKU_28","2024-06-08","91","129.50","30"
"SKU_28","2024-06-09","123","128.33","30"
"SKU_28","2024-06-10","106","126.97","30"
"SKU_28","2024-06-11","136","127.20","30"
"SKU_28","2024-06-12","125","126.77","30"
"SKU_28","2024-06-13","120","126.33","30"
"SKU_28","2024-06-14","128","126.43","30"
"SKU_28","2024-06-15","110","125.20","30"
"SKU_28","2024-06-16","116","124.13","30"
"SKU_28","2024-06-17","103","123.50","30"
"SKU_28","2024-06-18","79","121.63","30"
"SKU_28","2024-06-19","125","121.53","30"
"SKU_28","2024-06-20","125","121.20","30"
"SKU_28","2024-06-21","94","119.80","30"
"SKU_28","2024-06-22","129","119.13","30"
"SKU_28","2024-06-23","123","118.87","30"
"SKU_28","2024-06-24","80","116.90","30"
"SKU_28","2024-06-25","103","116.17","30"
"SKU_28","2024-06-26","112","115.90","30"
"SKU_28","2024-06-27","98","114.80","30"
"SKU_28","2024-06-28","109","113.33","30"
"SKU_28","2024-06-29","89","111.80","30"
"SKU_28","2024-06-30","94","111.07","30"
"SKU_28","2024-07-01","128","111.90","30"
"SKU_28","2024-07-02","82","110.30","30"
"SKU_28","2024-07-03","114","110.40","30"
"SKU_28","2024-07-04","103","109.77","30"
"SKU_28","2024-07-05","103","110.17","30"
"SKU_28","2024-07-06","94","108.63","30"
"SKU_28","2024-07-07","105","108.23","30"
"SKU_28","2024-07-08","81","107.90","30"
"SKU_28","2024-07-09","97","107.03","30"
"SKU_28","2024-07-10","85","106.33","30"
"SKU_28","2024-07-11","95","104.97","30"
"SKU_28","2024-07-12","121","104.83","30"
"SKU_28","2024-07-13","83","103.60","30"
"SKU_28","2024-07-14","80","102.00","30"
"SKU_28","2024-07-15","76","100.87","30"
"SKU_28","2024-07-16","99","100.30","30"
"SKU_28","2024-07-17","67","99.10","30"
"SKU_28","2024-07-18","87","99.37","30"
"SKU_28","2024-07-19","98","98.47","30"
"SKU_28","2024-07-20","94","97.43","30"
"SKU_28","2024-07-21","87","97.20","30"
"SKU_28","2024-07-22","89","95.87","30"
"SKU_28","2024-07-23","70","94.10","30"
"SKU_28","2024-07-24","75","93.93","30"
"SKU_28","2024-07-25","75","93.00","30"
"SKU_28","2024-07-26","68","91.53","30"
"SKU_28","2024-07-27","62","90.33","30"
"SKU_28","2024-07-28","106","90.23","30"
"SKU_28","2024-07-29","72","89.67","30"
"SKU_28","2024-07-30","71","88.90","30"
"SKU_28","2024-07-31","76","87.17","30"
"SKU_28","2024-08-01","61","86.47","30"
"SKU_28","2024-08-02","81","85.37","30"
"SKU_28","2024-08-03","56","83.80","30"
"SKU_28","2024-08-04","63","82.47","30"
"SKU_28","2024-08-05","76","81.87","30"
"SKU_28","2024-08-06","65","80.53","30"
"SKU_28","2024-08-07","50","79.50","30"
"SKU_28","2024-08-08","71","78.63","30"
"SKU_28","2024-08-09","91","78.83","30"
"SKU_28","2024-08-10","65","77.83","30"
"SKU_28","2024-08-11","61","75.83","30"
"SKU_28","2024-08-12","43","74.50","30"
"SKU_28","2024-08-13","46","73.37","30"
"SKU_28","2024-08-14","56","72.70","30"
"SKU_28","2024-08-15","55","71.23","30"
"SKU_28","2024-08-16","67","71.23","30"
"SKU_28","2024-08-17","76","70.87","30"
"SKU_28","2024-08-18","48","69.20","30"
"SKU_28","2024-08-19","51","67.77","30"
"SKU_28","2024-08-20","90","67.87","30"
"SKU_28","2024-08-21","49","66.53","30"
"SKU_28","2024-08-22","54","66.00","30"
"SKU_28","2024-08-23","59","65.47","30"
"SKU_28","2024-08-24","56","64.83","30"
"SKU_28","2024-08-25","60","64.57","30"
"SKU_28","2024-08-26","57","64.40","30"
"SKU_28","2024-08-27","47","62.43","30"
"SKU_28","2024-08-28","44","61.50","30"
"SKU_28","2024-08-29","64","61.27","30"
"SKU_28","2024-08-30","61","60.77","30"
"SKU_28","2024-08-31","56","60.60","30"
"SKU_28","2024-09-01","60","59.90","30"
"SKU_28","2024-09-02","68","60.30","30"
"SKU_28","2024-09-03","29","59.17","30"
"SKU_28","2024-09-04","58","58.57","30"
"SKU_28","2024-09-05","78","59.00","30"
"SKU_28","2024-09-06","42","58.73","30"
"SKU_28","2024-09-07","66","58.57","30"
"SKU_28","2024-09-08","65","57.70","30"
"SKU_28","2024-09-09","62","57.60","30"
"SKU_28","2024-09-10","43","57.00","30"
"SKU_28","2024-09-11","45","57.07","30"
"SKU_28","2024-09-12","52","57.27","30"
"SKU_28","2024-09-13","57","57.30","30"
"SKU_28","2024-09-14","62","57.53","30"
"SKU_28","2024-09-15","44","56.77","30"
"SKU_28","2024-09-16","58","56.17","30"
"SKU_28","2024-09-17","52","56.30","30"
"SKU_28","2024-09-18","55","56.43","30"
"SKU_28","2024-09-19","41","54.80","30"
"SKU_28","2024-09-20","50","54.83","30"
"SKU_28","2024-09-21","59","55.00","30"
"SKU_28","2024-09-22","37","54.27","30"
"SKU_28","2024-09-23","58","54.33","30"
"SKU_28","2024-09-24","40","53.67","30"
"SKU_28","2024-09-25","58","53.70","30"
"SKU_28","2024-09-26","46","53.67","30"
"SKU_28","2024-09-27","46","53.73","30"
"SKU_28","2024-09-28","48","53.20","30"
"SKU_28","2024-09-29","47","52.73","30"
"SKU_28","2024-09-30","43","52.30","30"
"SKU_28","2024-10-01","43","51.73","30"
"SKU_28","2024-10-02","45","50.97","30"
"SKU_28","2024-10-03","31","51.03","30"
"SKU_28","2024-10-04","64","51.23","30"
"SKU_28","2024-10-05","43","50.07","30"
"SKU_28","2024-10-06","47","50.23","30"
"SKU_28","2024-10-07","47","49.60","30"
"SKU_28","2024-10-08","51","49.13","30"
"SKU_28","2024-10-09","36","48.27","30"
"SKU_28","2024-10-10","66","49.03","30"
"SKU_28","2024-10-11","46","49.07","30"
"SKU_28","2024-10-12","50","49.00","30"
"SKU_28","2024-10-13","53","48.87","30"
"SKU_28","2024-10-14","48","48.40","30"
"SKU_28","2024-10-15","43","48.37","30"
"SKU_28","2024-10-16","58","48.37","30"
"SKU_28","2024-10-17","39","47.93","30"
"SKU_28","2024-10-18","49","47.73","30"
"SKU_28","2024-10-19","51","48.07","30"
"SKU_28","2024-10-20","39","47.70","30"
"SKU_28","2024-10-21","65","47.90","30"
"SKU_28","2024-10-22","47","48.23","30"
"SKU_28","2024-10-23","31","47.33","30"
"SKU_28","2024-10-24","66","48.20","30"
"SKU_28","2024-10-25","56","48.13","30"
"SKU_28","2024-10-26","56","48.47","30"
"SKU_28","2024-10-27","49","48.57","30"
"SKU_28","2024-10-28","53","48.73","30"
"SKU_28","2024-10-29","83","49.93","30"
"SKU_28","2024-10-30","62","50.57","30"
"SKU_28","2024-10-31","72","51.53","30"
"SKU_28","2024-11-01","53","51.80","30"
"SKU_28","2024-11-02","58","52.70","30"
"SKU_28","2024-11-03","47","52.13","30"
"SKU_28","2024-11-04","41","52.07","30"
"SKU_28","2024-11-05","43","51.93","30"
"SKU_28","2024-11-06","48","51.97","30"
"SKU_28","2024-11-07","55","52.10","30"
"SKU_28","2024-11-08","47","52.47","30"
"SKU_28","2024-11-09","63","52.37","30"
"SKU_28","2024-11-10","63","52.93","30"
"SKU_28","2024-11-11","70","53.60","30"
"SKU_28","2024-11-12","72","54.23","30"
"SKU_28","2024-11-13","76","55.17","30"
"SKU_28","2024-11-14","64","55.87","30"
"SKU_28","2024-11-15","53","55.70","30"
"SKU_28","2024-11-16","43","55.83","30"
"SKU_28","2024-11-17","65","56.37","30"
"SKU_28","2024-11-18","53","56.43","30"
"SKU_28","2024-11-19","78","57.73","30"
"SKU_28","2024-11-20","70","57.90","30"
"SKU_28","2024-11-21","69","58.63","30"
"SKU_28","2024-11-22","81","60.30","30"
"SKU_28","2024-11-23","71","60.47","30"
"SKU_28","2024-11-24","66","60.80","30"
"SKU_28","2024-11-25","83","61.70","30"
"SKU_28","2024-11-26","50","61.73","30"
"SKU_28","2024-11-27","60","61.97","30"
"SKU_28","2024-11-28","82","61.93","30"
"SKU_28","2024-11-29","77","62.43","30"
"SKU_28","2024-11-30","70","62.37","30"
"SKU_28","2024-12-01","94","63.73","30"
"SKU_28","2024-12-02","87","64.70","30"
"SKU_28","2024-12-03","86","66.00","30"
"SKU_28","2024-12-04","85","67.47","30"
"SKU_28","2024-12-05","64","68.17","30"
"SKU_28","2024-12-06","66","68.77","30"
"SKU_28","2024-12-07","87","69.83","30"
"SKU_28","2024-12-08","79","70.90","30"
"SKU_28","2024-12-09","85","71.63","30"
"SKU_28","2024-12-10","66","71.73","30"
"SKU_28","2024-12-11","89","72.37","30"
"SKU_28","2024-12-12","75","72.47","30"
"SKU_28","2024-12-13","87","72.83","30"
"SKU_28","2024-12-14","77","73.27","30"
"SKU_28","2024-12-15","85","74.33","30"
"SKU_28","2024-12-16","107","76.47","30"
"SKU_28","2024-12-17","96","77.50","30"
"SKU_28","2024-12-18","71","78.10","30"
"SKU_28","2024-12-19","81","78.20","30"
"SKU_28","2024-12-20","124","80.00","30"
"SKU_28","2024-12-21","109","81.33","30"
"SKU_28","2024-12-22","110","82.30","30"
"SKU_28","2024-12-23","104","83.40","30"
"SKU_28","2024-12-24","104","84.67","30"
"SKU_28","2024-12-25","98","85.17","30"
"SKU_28","2024-12-26","92","86.57","30"
"SKU_28","2024-12-27","94","87.70","30"
"SKU_28","2024-12-28","96","88.17","30"
"SKU_28","2024-12-29","96","88.80","30"
"SKU_28","2024-12-30","92","89.53","30"
"SKU_29","2024-01-01","94","94.00","1"
"SKU_29","2024-01-02","119","106.50","2"
"SKU_29","2024-01-03","115","109.33","3"
"SKU_29","2024-01-04","93","105.25","4"
"SKU_29","2024-01-05","96","103.40","5"
"SKU_29","2024-01-06","95","102.00","6"
"SKU_29","2024-01-07","140","107.43","7"
"SKU_29","2024-01-08","99","106.38","8"
"SKU_29","2024-01-09","85","104.00","9"
"SKU_29","2024-01-10","104","104.00","10"
"SKU_29","2024-01-11","113","104.82","11"
"SKU_29","2024-01-12","101","104.50","12"
"SKU_29","2024-01-13","111","105.00","13"
"SKU_29","2024-01-14","95","104.29","14"
"SKU_29","2024-01-15","128","105.87","15"
"SKU_29","2024-01-16","87","104.69","16"
"SKU_29","2024-01-17","146","107.12","17"
"SKU_29","2024-01-18","130","108.39","18"
"SKU_29","2024-01-19","112","108.58","19"
"SKU_29","2024-01-20","116","108.95","20"
"SKU_29","2024-01-21","132","110.05","21"
"SKU_29","2024-01-22","118","110.41","22"
"SKU_29","2024-01-23","126","111.09","23"
"SKU_29","2024-01-24","131","111.92","24"
"SKU_29","2024-01-25","124","112.40","25"
"SKU_29","2024-01-26","97","111.81","26"
"SKU_29","2024-01-27","139","112.81","27"
"SKU_29","2024-01-28","120","113.07","28"
"SKU_29","2024-01-29","131","113.69","29"
"SKU_29","2024-01-30","127","114.13","30"
"SKU_29","2024-01-31","118","114.93","30"
"SKU_29","2024-02-01","129","115.27","30"
"SKU_29","2024-02-02","115","115.27","30"
"SKU_29","2024-02-03","133","116.60","30"
"SKU_29","2024-02-04","141","118.10","30"
"SKU_29","2024-02-05","135","119.43","30"
"SKU_29","2024-02-06","114","118.57","30"
"SKU_29","2024-02-07","146","120.13","30"
"SKU_29","2024-02-08","139","121.93","30"
"SKU_29","2024-02-09","131","122.83","30"
"SKU_29","2024-02-10","127","123.30","30"
"SKU_29","2024-02-11","123","124.03","30"
"SKU_29","2024-02-12","145","125.17","30"
"SKU_29","2024-02-13","134","126.47","30"
"SKU_29","2024-02-14","127","126.43","30"
"SKU_29","2024-02-15","130","127.87","30"
"SKU_29","2024-02-16","130","127.33","30"
"SKU_29","2024-02-17","131","127.37","30"
"SKU_29","2024-02-18","146","128.50","30"
"SKU_29","2024-02-19","138","129.23","30"
"SKU_29","2024-02-20","161","130.20","30"
"SKU_29","2024-02-21","124","130.40","30"
"SKU_29","2024-02-22","135","130.70","30"
"SKU_29","2024-02-23","118","130.27","30"
"SKU_29","2024-02-24","141","130.83","30"
"SKU_29","2024-02-25","146","132.47","30"
"SKU_29","2024-02-26","142","132.57","30"
"SKU_29","2024-02-27","147","133.47","30"
"SKU_29","2024-02-28","130","133.43","30"
"SKU_29","2024-02-29","149","134.17","30"
"SKU_29","2024-03-01","164","135.70","30"
"SKU_29","2024-03-02","139","136.03","30"
"SKU_29","2024-03-03","146","137.07","30"
"SKU_29","2024-03-04","183","138.73","30"
"SKU_29","2024-03-05","158","139.30","30"
"SKU_29","2024-03-06","143","139.57","30"
"SKU_29","2024-03-07","137","140.33","30"
"SKU_29","2024-03-08","185","141.63","30"
"SKU_29","2024-03-09","138","141.60","30"
"SKU_29","2024-03-10","170","142.90","30"
"SKU_29","2024-03-11","166","144.20","30"
"SKU_29","2024-03-12","142","144.83","30"
"SKU_29","2024-03-13","159","145.30","30"
"SKU_29","2024-03-14","131","145.20","30"
"SKU_29","2024-03-15","173","146.73","30"
"SKU_29","2024-03-16","132","146.80","30"
"SKU_29","2024-03-17","143","147.23","30"
"SKU_29","2024-03-18","156","148.07","30"
"SKU_29","2024-03-19","158","148.47","30"
"SKU_29","2024-03-20","144","148.67","30"
"SKU_29","2024-03-21","175","149.13","30"
"SKU_29","2024-03-22","144","149.80","30"
"SKU_29","2024-03-23","153","150.40","30"
"SKU_29","2024-03-24","158","151.73","30"
"SKU_29","2024-03-25","141","151.73","30"
"SKU_29","2024-03-26","164","152.33","30"
"SKU_29","2024-03-27","175","153.43","30"
"SKU_29","2024-03-28","141","153.23","30"
"SKU_29","2024-03-29","148","153.83","30"
"SKU_29","2024-03-30","154","154.00","30"
"SKU_29","2024-03-31","140","153.20","30"
"SKU_29","2024-04-01","144","153.37","30"
"SKU_29","2024-04-02","155","153.67","30"
"SKU_29","2024-04-03","157","152.80","30"
"SKU_29","2024-04-04","162","152.93","30"
"SKU_29","2024-04-05","150","153.17","30"
"SKU_29","2024-04-06","149","153.57","30"
"SKU_29","2024-04-07","163","152.83","30"
"SKU_29","2024-04-08","174","154.03","30"
"SKU_29","2024-04-09","157","153.60","30"
"SKU_29","2024-04-10","190","154.40","30"
"SKU_29","2024-04-11","163","155.10","30"
"SKU_29","2024-04-12","147","154.70","30"
"SKU_29","2024-04-13","132","154.73","30"
"SKU_29","2024-04-14","147","153.87","30"
"SKU_29","2024-04-15","126","153.67","30"
"SKU_29","2024-04-16","138","153.50","30"
"SKU_29","2024-04-17","132","152.70","30"
"SKU_29","2024-04-18","139","152.07","30"
"SKU_29","2024-04-19","156","152.47","30"
"SKU_29","2024-04-20","156","151.83","30"
"SKU_29","2024-04-21","145","151.87","30"
"SKU_29","2024-04-22","140","151.43","30"
"SKU_29","2024-04-23","143","150.93","30"
"SKU_29","2024-04-24","171","151.93","30"
"SKU_29","2024-04-25","160","151.80","30"
"SKU_29","2024-04-26","146","150.83","30"
"SKU_29","2024-04-27","176","152.00","30"
"SKU_29","2024-04-28","145","151.90","30"
"SKU_29","2024-04-29","145","151.60","30"
"SKU_29","2024-04-30","130","151.27","30"
"SKU_29","2024-05-01","141","151.17","30"
"SKU_29","2024-05-02","146","150.87","30"
"SKU_29","2024-05-03","150","150.63","30"
"SKU_29","2024-05-04","126","149.43","30"
"SKU_29","2024-05-05","125","148.60","30"
"SKU_29","2024-05-06","180","149.63","30"
"SKU_29","2024-05-07","138","148.80","30"
"SKU_29","2024-05-08","143","147.77","30"
"SKU_29","2024-05-09","154","147.67","30"
"SKU_29","2024-05-10","145","146.17","30"
"SKU_29","2024-05-11","160","146.07","30"
"SKU_29","2024-05-12","141","145.87","30"
"SKU_29","2024-05-13","141","146.17","30"
"SKU_29","2024-05-14","128","145.53","30"
"SKU_29","2024-05-15","147","146.23","30"
"SKU_29","2024-05-16","127","145.87","30"
"SKU_29","2024-05-17","139","146.10","30"
"SKU_29","2024-05-18","127","145.70","30"
"SKU_29","2024-05-19","133","144.93","30"
"SKU_29","2024-05-20","138","144.33","30"
"SKU_29","2024-05-21","116","143.37","30"
"SKU_29","2024-05-22","124","142.83","30"
"SKU_29","2024-05-23","140","142.73","30"
"SKU_29","2024-05-24","115","140.87","30"
"SKU_29","2024-05-25","137","140.10","30"
"SKU_29","2024-05-26","126","139.43","30"
"SKU_29","2024-05-27","141","138.27","30"
"SKU_29","2024-05-28","137","138.00","30"
"SKU_29","2024-05-29","132","137.57","30"
"SKU_29","2024-05-30","127","137.47","30"
"SKU_29","2024-05-31","124","136.90","30"
"SKU_29","2024-06-01","110","135.70","30"
"SKU_29","2024-06-02","142","135.43","30"
"SKU_29","2024-06-03","130","135.57","30"
"SKU_29","2024-06-04","133","135.83","30"
"SKU_29","2024-06-05","130","134.17","30"
"SKU_29","2024-06-06","134","134.03","30"
"SKU_29","2024-06-07","124","133.40","30"
"SKU_29","2024-06-08","112","132.00","30"
"SKU_29","2024-06-09","131","131.53","30"
"SKU_29","2024-06-10","105","129.70","30"
"SKU_29","2024-06-11","150","130.00","30"
"SKU_29","2024-06-12","134","129.77","30"
"SKU_29","2024-06-13","110","129.17","30"
"SKU_29","2024-06-14","121","128.30","30"
"SKU_29","2024-06-15","118","128.00","30"
"SKU_29","2024-06-16","100","126.70","30"
"SKU_29","2024-06-17","109","126.10","30"
"SKU_29","2024-06-18","132","126.07","30"
"SKU_29","2024-06-19","116","125.33","30"
"SKU_29","2024-06-20","115","125.30","30"
"SKU_29","2024-06-21","108","124.77","30"
"SKU_29","2024-06-22","117","124.00","30"
"SKU_29","2024-06-23","100","123.50","30"
"SKU_29","2024-06-24","134","123.40","30"
"SKU_29","2024-06-25","110","122.87","30"
"SKU_29","2024-06-26","122","122.23","30"
"SKU_29","2024-06-27","91","120.70","30"
"SKU_29","2024-06-28","122","120.37","30"
"SKU_29","2024-06-29","111","119.83","30"
"SKU_29","2024-06-30","100","119.03","30"
"SKU_29","2024-07-01","103","118.80","30"
"SKU_29","2024-07-02","99","117.37","30"
"SKU_29","2024-07-03","80","115.70","30"
"SKU_29","2024-07-04","84","114.07","30"
"SKU_29","2024-07-05","93","112.83","30"
"SKU_29","2024-07-06","85","111.20","30"
"SKU_29","2024-07-07","81","109.77","30"
"SKU_29","2024-07-08","92","109.10","30"
"SKU_29","2024-07-09","95","107.90","30"
"SKU_29","2024-07-10","89","107.37","30"
"SKU_29","2024-07-11","110","106.03","30"
"SKU_29","2024-07-12","85","104.40","30"
"SKU_29","2024-07-13","94","103.87","30"
"SKU_29","2024-07-14","93","102.93","30"
"SKU_29","2024-07-15","85","101.83","30"
"SKU_29","2024-07-16","95","101.67","30"
"SKU_29","2024-07-17","84","100.83","30"
"SKU_29","2024-07-18","67","98.67","30"
"SKU_29","2024-07-19","85","97.63","30"
"SKU_29","2024-07-20","80","96.47","30"
"SKU_29","2024-07-21","72","95.27","30"
"SKU_29","2024-07-22","87","94.27","30"
"SKU_29","2024-07-23","86","93.80","30"
"SKU_29","2024-07-24","83","92.10","30"
"SKU_29","2024-07-25","51","90.13","30"
"SKU_29","2024-07-26","94","89.20","30"
"SKU_29","2024-07-27","87","89.07","30"
"SKU_29","2024-07-28","64","87.13","30"
"SKU_29","2024-07-29","76","85.97","30"
"SKU_29","2024-07-30","79","85.27","30"
"SKU_29","2024-07-31","86","84.70","30"
"SKU_29","2024-08-01","72","83.80","30"
"SKU_29","2024-08-02","72","83.53","30"
"SKU_29","2024-08-03","98","84.00","30"
"SKU_29","2024-08-04","65","83.07","30"
"SKU_29","2024-08-05","62","82.30","30"
"SKU_29","2024-08-06","41","80.97","30"
"SKU_29","2024-08-07","82","80.63","30"
"SKU_29","2024-08-08","54","79.27","30"
"SKU_29","2024-08-09","78","78.90","30"
"SKU_29","2024-08-10","64","77.37","30"
"SKU_29","2024-08-11","65","76.70","30"
"SKU_29","2024-08-12","57","75.47","30"
"SKU_29","2024-08-13","70","74.70","30"
"SKU_29","2024-08-14","67","74.10","30"
"SKU_29","2024-08-15","66","73.13","30"
"SKU_29","2024-08-16","60","72.33","30"
"SKU_29","2024-08-17","68","72.37","30"
"SKU_29","2024-08-18","55","71.37","30"
"SKU_29","2024-08-19","69","71.00","30"
"SKU_29","2024-08-20","58","70.53","30"
"SKU_29","2024-08-21","83","70.40","30"
"SKU_29","2024-08-22","50","69.20","30"
"SKU_29","2024-08-23","54","68.23","30"
"SKU_29","2024-08-24","37","67.77","30"
"SKU_29","2024-08-25","41","66.00","30"
"SKU_29","2024-08-26","44","64.57","30"
"SKU_29","2024-08-27","48","64.03","30"
"SKU_29","2024-08-28","78","64.10","30"
"SKU_29","2024-08-29","64","63.60","30"
"SKU_29","2024-08-30","43","62.17","30"
"SKU_29","2024-08-31","69","62.07","30"
"SKU_29","2024-09-01","58","61.60","30"
"SKU_29","2024-09-02","57","60.23","30"
"SKU_29","2024-09-03","27","58.97","30"
"SKU_29","2024-09-04","32","57.97","30"
"SKU_29","2024-09-05","54","58.40","30"
"SKU_29","2024-09-06","56","57.53","30"
"SKU_29","2024-09-07","24","56.53","30"
"SKU_29","2024-09-08","73","56.37","30"
"SKU_29","2024-09-09","47","55.80","30"
"SKU_29","2024-09-10","64","55.77","30"
"SKU_29","2024-09-11","55","55.70","30"
"SKU_29","2024-09-12","69","55.67","30"
"SKU_29","2024-09-13","48","55.03","30"
"SKU_29","2024-09-14","60","54.83","30"
"SKU_29","2024-09-15","35","54.00","30"
"SKU_29","2024-09-16","48","53.33","30"
"SKU_29","2024-09-17","54","53.30","30"
"SKU_29","2024-09-18","36","52.20","30"
"SKU_29","2024-09-19","49","51.90","30"
"SKU_29","2024-09-20","39","50.43","30"
"SKU_29","2024-09-21","43","50.20","30"
"SKU_29","2024-09-22","52","50.13","30"
"SKU_29","2024-09-23","41","50.27","30"
"SKU_29","2024-09-24","37","50.13","30"
"SKU_29","2024-09-25","46","50.20","30"
"SKU_29","2024-09-26","52","50.33","30"
"SKU_29","2024-09-27","60","49.73","30"
"SKU_29","2024-09-28","64","49.73","30"
"SKU_29","2024-09-29","39","49.60","30"
"SKU_29","2024-09-30","52","49.03","30"
"SKU_29","2024-10-01","36","48.30","30"
"SKU_29","2024-10-02","37","47.63","30"
"SKU_29","2024-10-03","52","48.47","30"
"SKU_29","2024-10-04","49","49.03","30"
"SKU_29","2024-10-05","50","48.90","30"
"SKU_29","2024-10-06","41","48.40","30"
"SKU_29","2024-10-07","41","48.97","30"
"SKU_29","2024-10-08","44","48.00","30"
"SKU_29","2024-10-09","38","47.70","30"
"SKU_29","2024-10-10","49","47.20","30"
"SKU_29","2024-10-11","55","47.20","30"
"SKU_29","2024-10-12","43","46.33","30"
"SKU_29","2024-10-13","44","46.20","30"
"SKU_29","2024-10-14","47","45.77","30"
"SKU_29","2024-10-15","31","45.63","30"
"SKU_29","2024-10-16","34","45.17","30"
"SKU_29","2024-10-17","31","44.40","30"
"SKU_29","2024-10-18","58","45.13","30"
"SKU_29","2024-10-19","40","44.83","30"
"SKU_29","2024-10-20","53","45.30","30"
"SKU_29","2024-10-21","53","45.63","30"
"SKU_29","2024-10-22","61","45.93","30"
"SKU_29","2024-10-23","48","46.17","30"
"SKU_29","2024-10-24","37","46.17","30"
"SKU_29","2024-10-25","86","47.50","30"
"SKU_29","2024-10-26","50","47.43","30"
"SKU_29","2024-10-27","51","47.13","30"
"SKU_29","2024-10-28","43","46.43","30"
"SKU_29","2024-10-29","60","47.13","30"
"SKU_29","2024-10-30","65","47.57","30"
"SKU_29","2024-10-31","57","48.27","30"
"SKU_29","2024-11-01","58","48.97","30"
"SKU_29","2024-11-02","64","49.37","30"
"SKU_29","2024-11-03","65","49.90","30"
"SKU_29","2024-11-04","41","49.60","30"
"SKU_29","2024-11-05","55","50.07","30"
"SKU_29","2024-11-06","54","50.50","30"
"SKU_29","2024-11-07","78","51.63","30"
"SKU_29","2024-11-08","86","53.23","30"
"SKU_29","2024-11-09","50","53.27","30"
"SKU_29","2024-11-10","56","53.30","30"
"SKU_29","2024-11-11","76","54.40","30"
"SKU_29","2024-11-12","77","55.50","30"
"SKU_29","2024-11-13","57","55.83","30"
"SKU_29","2024-11-14","75","57.30","30"
"SKU_29","2024-11-15","75","58.67","30"
"SKU_29","2024-11-16","87","60.53","30"
"SKU_29","2024-11-17","57","60.50","30"
"SKU_29","2024-11-18","55","61.00","30"
"SKU_29","2024-11-19","56","61.10","30"
"SKU_29","2024-11-20","65","61.50","30"
"SKU_29","2024-11-21","93","62.57","30"
"SKU_29","2024-11-22","61","63.00","30"
"SKU_29","2024-11-23","74","64.23","30"
"SKU_29","2024-11-24","58","63.30","30"
"SKU_29","2024-11-25","81","64.33","30"
"SKU_29","2024-11-26","72","65.03","30"
"SKU_29","2024-11-27","66","65.80","30"
"SKU_29","2024-11-28","69","66.10","30"
"SKU_29","2024-11-29","55","65.77","30"
"SKU_29","2024-11-30","91","66.90","30"
"SKU_29","2024-12-01","61","67.00","30"
"SKU_29","2024-12-02","89","67.83","30"
"SKU_29","2024-12-03","83","68.43","30"
"SKU_29","2024-12-04","90","70.07","30"
"SKU_29","2024-12-05","79","70.87","30"
"SKU_29","2024-12-06","83","71.83","30"
"SKU_29","2024-12-07","78","71.83","30"
"SKU_29","2024-12-08","71","71.33","30"
"SKU_29","2024-12-09","84","72.47","30"
"SKU_29","2024-12-10","75","73.10","30"
"SKU_29","2024-12-11","77","73.13","30"
"SKU_29","2024-12-12","97","73.80","30"
"SKU_29","2024-12-13","108","75.50","30"
"SKU_29","2024-12-14","72","75.40","30"
"SKU_29","2024-12-15","87","75.80","30"
"SKU_29","2024-12-16","78","75.50","30"
"SKU_29","2024-12-17","84","76.40","30"
"SKU_29","2024-12-18","83","77.33","30"
"SKU_29","2024-12-19","88","78.40","30"
"SKU_29","2024-12-20","90","79.23","30"
"SKU_29","2024-12-21","86","79.00","30"
"SKU_29","2024-12-22","67","79.20","30"
"SKU_29","2024-12-23","103","80.17","30"
"SKU_29","2024-12-24","85","81.07","30"
"SKU_29","2024-12-25","105","81.87","30"
"SKU_29","2024-12-26","98","82.73","30"
"SKU_29","2024-12-27","103","83.97","30"
"SKU_29","2024-12-28","92","84.73","30"
"SKU_29","2024-12-29","100","86.23","30"
"SKU_29","2024-12-30","135","87.70","30"
"SKU_3","2024-01-01","103","103.00","1"
"SKU_3","2024-01-02","97","100.00","2"
"SKU_3","2024-01-03","107","102.33","3"
"SKU_3","2024-01-04","95","100.50","4"
"SKU_3","2024-01-05","128","106.00","5"
"SKU_3","2024-01-06","122","108.67","6"
"SKU_3","2024-01-07","127","111.29","7"
"SKU_3","2024-01-08","98","109.63","8"
"SKU_3","2024-01-09","130","111.89","9"
"SKU_3","2024-01-10","108","111.50","10"
"SKU_3","2024-01-11","113","111.64","11"
"SKU_3","2024-01-12","138","113.83","12"
"SKU_3","2024-01-13","123","114.54","13"
"SKU_3","2024-01-14","133","115.86","14"
"SKU_3","2024-01-15","106","115.20","15"
"SKU_3","2024-01-16","132","116.25","16"
"SKU_3","2024-01-17","112","116.00","17"
"SKU_3","2024-01-18","125","116.50","18"
"SKU_3","2024-01-19","126","117.00","19"
"SKU_3","2024-01-20","118","117.05","20"
"SKU_3","2024-01-21","151","118.67","21"
"SKU_3","2024-01-22","108","118.18","22"
"SKU_3","2024-01-23","110","117.83","23"
"SKU_3","2024-01-24","121","117.96","24"
"SKU_3","2024-01-25","112","117.72","25"
"SKU_3","2024-01-26","103","117.15","26"
"SKU_3","2024-01-27","137","117.89","27"
"SKU_3","2024-01-28","127","118.21","28"
"SKU_3","2024-01-29","124","118.41","29"
"SKU_3","2024-01-30","117","118.37","30"
"SKU_3","2024-01-31","135","119.43","30"
"SKU_3","2024-02-01","131","120.57","30"
"SKU_3","2024-02-02","108","120.60","30"
"SKU_3","2024-02-03","134","121.90","30"
"SKU_3","2024-02-04","107","121.20","30"
"SKU_3","2024-02-05","116","121.00","30"
"SKU_3","2024-02-06","114","120.57","30"
"SKU_3","2024-02-07","129","121.60","30"
"SKU_3","2024-02-08","122","121.33","30"
"SKU_3","2024-02-09","117","121.63","30"
"SKU_3","2024-02-10","132","122.27","30"
"SKU_3","2024-02-11","129","121.97","30"
"SKU_3","2024-02-12","129","122.17","30"
"SKU_3","2024-02-13","126","121.93","30"
"SKU_3","2024-02-14","149","123.37","30"
"SKU_3","2024-02-15","131","123.33","30"
"SKU_3","2024-02-16","170","125.27","30"
"SKU_3","2024-02-17","128","125.37","30"
"SKU_3","2024-02-18","136","125.70","30"
"SKU_3","2024-02-19","154","126.90","30"
"SKU_3","2024-02-20","130","126.20","30"
"SKU_3","2024-02-21","157","127.83","30"
"SKU_3","2024-02-22","146","129.03","30"
"SKU_3","2024-02-23","133","129.43","30"
"SKU_3","2024-02-24","145","130.53","30"
"SKU_3","2024-02-25","139","131.73","30"
"SKU_3","2024-02-26","140","131.83","30"
"SKU_3","2024-02-27","134","132.07","30"
"SKU_3","2024-02-28","143","132.70","30"
"SKU_3","2024-02-29","148","133.73","30"
"SKU_3","2024-03-01","145","134.07","30"
"SKU_3","2024-03-02","153","134.80","30"
"SKU_3","2024-03-03","159","136.50","30"
"SKU_3","2024-03-04","161","137.40","30"
"SKU_3","2024-03-05","147","138.73","30"
"SKU_3","2024-03-06","155","140.03","30"
"SKU_3","2024-03-07","164","141.70","30"
"SKU_3","2024-03-08","124","141.53","30"
"SKU_3","2024-03-09","154","142.60","30"
"SKU_3","2024-03-10","149","143.67","30"
"SKU_3","2024-03-11","161","144.63","30"
"SKU_3","2024-03-12","152","145.40","30"
"SKU_3","2024-03-13","139","145.73","30"
"SKU_3","2024-03-14","149","146.50","30"
"SKU_3","2024-03-15","156","146.73","30"
"SKU_3","2024-03-16","139","147.00","30"
"SKU_3","2024-03-17","145","146.17","30"
"SKU_3","2024-03-18","149","146.87","30"
"SKU_3","2024-03-19","151","147.37","30"
"SKU_3","2024-03-20","146","147.10","30"
"SKU_3","2024-03-21","159","148.07","30"
"SKU_3","2024-03-22","143","147.60","30"
"SKU_3","2024-03-23","148","147.67","30"
"SKU_3","2024-03-24","152","148.30","30"
"SKU_3","2024-03-25","161","148.83","30"
"SKU_3","2024-03-26","163","149.63","30"
"SKU_3","2024-03-27","158","150.23","30"
"SKU_3","2024-03-28","160","151.10","30"
"SKU_3","2024-03-29","128","150.60","30"
"SKU_3","2024-03-30","150","150.67","30"
"SKU_3","2024-03-31","162","151.23","30"
"SKU_3","2024-04-01","162","151.53","30"
"SKU_3","2024-04-02","143","151.00","30"
"SKU_3","2024-04-03","151","150.67","30"
"SKU_3","2024-04-04","142","150.50","30"
"SKU_3","2024-04-05","166","150.87","30"
"SKU_3","2024-04-06","143","150.17","30"
"SKU_3","2024-04-07","143","150.80","30"
"SKU_3","2024-04-08","161","151.03","30"
"SKU_3","2024-04-09","144","150.87","30"
"SKU_3","2024-04-10","142","150.23","30"
"SKU_3","2024-04-11","121","149.20","30"
"SKU_3","2024-04-12","177","150.47","30"
"SKU_3","2024-04-13","154","150.63","30"
"SKU_3","2024-04-14","154","150.57","30"
"SKU_3","2024-04-15","163","151.37","30"
"SKU_3","2024-04-16","163","151.97","30"
"SKU_3","2024-04-17","141","151.70","30"
"SKU_3","2024-04-18","146","151.53","30"
"SKU_3","2024-04-19","159","151.97","30"
"SKU_3","2024-04-20","153","151.77","30"
"SKU_3","2024-04-21","150","152.00","30"
"SKU_3","2024-04-22","151","152.10","30"
"SKU_3","2024-04-23","156","152.23","30"
"SKU_3","2024-04-24","158","152.13","30"
"SKU_3","2024-04-25","157","151.93","30"
"SKU_3","2024-04-26","148","151.60","30"
"SKU_3","2024-04-27","127","150.50","30"
"SKU_3","2024-04-28","162","151.63","30"
"SKU_3","2024-04-29","135","151.13","30"
"SKU_3","2024-04-30","135","150.23","30"
"SKU_3","2024-05-01","150","149.83","30"
"SKU_3","2024-05-02","142","149.80","30"
"SKU_3","2024-05-03","148","149.70","30"
"SKU_3","2024-05-04","128","149.23","30"
"SKU_3","2024-05-05","139","148.33","30"
"SKU_3","2024-05-06","156","148.77","30"
"SKU_3","2024-05-07","141","148.70","30"
"SKU_3","2024-05-08","139","147.97","30"
"SKU_3","2024-05-09","137","147.73","30"
"SKU_3","2024-05-10","146","147.87","30"
"SKU_3","2024-05-11","150","148.83","30"
"SKU_3","2024-05-12","164","148.40","30"
"SKU_3","2024-05-13","130","147.60","30"
"SKU_3","2024-05-14","118","146.40","30"
"SKU_3","2024-05-15","146","145.83","30"
"SKU_3","2024-05-16","133","144.83","30"
"SKU_3","2024-05-17","153","145.23","30"
"SKU_3","2024-05-18","135","144.87","30"
"SKU_3","2024-05-19","118","143.50","30"
"SKU_3","2024-05-20","140","143.07","30"
"SKU_3","2024-05-21","128","142.33","30"
"SKU_3","2024-05-22","129","141.60","30"
"SKU_3","2024-05-23","139","141.03","30"
"SKU_3","2024-05-24","150","140.77","30"
"SKU_3","2024-05-25","108","139.13","30"
"SKU_3","2024-05-26","118","138.13","30"
"SKU_3","2024-05-27","143","138.67","30"
"SKU_3","2024-05-28","146","138.13","30"
"SKU_3","2024-05-29","118","137.57","30"
"SKU_3","2024-05-30","127","137.30","30"
"SKU_3","2024-05-31","107","135.87","30"
"SKU_3","2024-06-01","123","135.23","30"
"SKU_3","2024-06-02","102","133.70","30"
"SKU_3","2024-06-03","136","133.97","30"
"SKU_3","2024-06-04","126","133.53","30"
"SKU_3","2024-06-05","141","133.03","30"
"SKU_3","2024-06-06","125","132.50","30"
"SKU_3","2024-06-07","109","131.50","30"
"SKU_3","2024-06-08","113","130.70","30"
"SKU_3","2024-06-09","116","129.70","30"
"SKU_3","2024-06-10","118","128.63","30"
"SKU_3","2024-06-11","120","127.17","30"
"SKU_3","2024-06-12","102","126.23","30"
"SKU_3","2024-06-13","126","126.50","30"
"SKU_3","2024-06-14","107","125.20","30"
"SKU_3","2024-06-15","91","123.80","30"
"SKU_3","2024-06-16","116","122.57","30"
"SKU_3","2024-06-17","133","122.50","30"
"SKU_3","2024-06-18","113","122.33","30"
"SKU_3","2024-06-19","98","120.93","30"
"SKU_3","2024-06-20","112","120.40","30"
"SKU_3","2024-06-21","115","119.93","30"
"SKU_3","2024-06-22","103","118.73","30"
"SKU_3","2024-06-23","111","117.43","30"
"SKU_3","2024-06-24","110","117.50","30"
"SKU_3","2024-06-25","90","116.57","30"
"SKU_3","2024-06-26","94","114.93","30"
"SKU_3","2024-06-27","97","113.30","30"
"SKU_3","2024-06-28","113","113.13","30"
"SKU_3","2024-06-29","102","112.30","30"
"SKU_3","2024-06-30","92","111.80","30"
"SKU_3","2024-07-01","118","111.63","30"
"SKU_3","2024-07-02","93","111.33","30"
"SKU_3","2024-07-03","111","110.50","30"
"SKU_3","2024-07-04","97","109.53","30"
"SKU_3","2024-07-05","83","107.60","30"
"SKU_3","2024-07-06","105","106.93","30"
"SKU_3","2024-07-07","96","106.50","30"
"SKU_3","2024-07-08","98","106.00","30"
"SKU_3","2024-07-09","70","104.47","30"
"SKU_3","2024-07-10","104","104.00","30"
"SKU_3","2024-07-11","77","102.57","30"
"SKU_3","2024-07-12","90","102.17","30"
"SKU_3","2024-07-13","68","100.23","30"
"SKU_3","2024-07-14","86","99.53","30"
"SKU_3","2024-07-15","101","99.87","30"
"SKU_3","2024-07-16","116","99.87","30"
"SKU_3","2024-07-17","80","98.10","30"
"SKU_3","2024-07-18","82","97.07","30"
"SKU_3","2024-07-19","82","96.53","30"
"SKU_3","2024-07-20","79","95.43","30"
"SKU_3","2024-07-21","90","94.60","30"
"SKU_3","2024-07-22","86","94.03","30"
"SKU_3","2024-07-23","71","92.70","30"
"SKU_3","2024-07-24","84","91.83","30"
"SKU_3","2024-07-25","48","90.43","30"
"SKU_3","2024-07-26","92","90.37","30"
"SKU_3","2024-07-27","105","90.63","30"
"SKU_3","2024-07-28","79","89.50","30"
"SKU_3","2024-07-29","58","88.03","30"
"SKU_3","2024-07-30","93","88.07","30"
"SKU_3","2024-07-31","71","86.50","30"
"SKU_3","2024-08-01","57","85.30","30"
"SKU_3","2024-08-02","75","84.10","30"
"SKU_3","2024-08-03","74","83.33","30"
"SKU_3","2024-08-04","76","83.10","30"
"SKU_3","2024-08-05","68","81.87","30"
"SKU_3","2024-08-06","80","81.33","30"
"SKU_3","2024-08-07","51","79.77","30"
"SKU_3","2024-08-08","74","79.90","30"
"SKU_3","2024-08-09","55","78.27","30"
"SKU_3","2024-08-10","51","77.40","30"
"SKU_3","2024-08-11","41","75.77","30"
"SKU_3","2024-08-12","60","75.50","30"
"SKU_3","2024-08-13","80","75.30","30"
"SKU_3","2024-08-14","70","74.27","30"
"SKU_3","2024-08-15","69","72.70","30"
"SKU_3","2024-08-16","72","72.43","30"
"SKU_3","2024-08-17","56","71.57","30"
"SKU_3","2024-08-18","54","70.63","30"
"SKU_3","2024-08-19","54","69.80","30"
"SKU_3","2024-08-20","73","69.23","30"
"SKU_3","2024-08-21","69","68.67","30"
"SKU_3","2024-08-22","79","68.93","30"
"SKU_3","2024-08-23","75","68.63","30"
"SKU_3","2024-08-24","66","69.23","30"
"SKU_3","2024-08-25","71","68.53","30"
"SKU_3","2024-08-26","52","66.77","30"
"SKU_3","2024-08-27","66","66.33","30"
"SKU_3","2024-08-28","49","66.03","30"
"SKU_3","2024-08-29","34","64.07","30"
"SKU_3","2024-08-30","77","64.27","30"
"SKU_3","2024-08-31","66","64.57","30"
"SKU_3","2024-09-01","65","64.23","30"
"SKU_3","2024-09-02","49","63.40","30"
"SKU_3","2024-09-03","55","62.70","30"
"SKU_3","2024-09-04","57","62.33","30"
"SKU_3","2024-09-05","60","61.67","30"
"SKU_3","2024-09-06","53","61.73","30"
"SKU_3","2024-09-07","71","61.63","30"
"SKU_3","2024-09-08","54","61.60","30"
"SKU_3","2024-09-09","53","61.67","30"
"SKU_3","2024-09-10","47","61.87","30"
"SKU_3","2024-09-11","44","61.33","30"
"SKU_3","2024-09-12","61","60.70","30"
"SKU_3","2024-09-13","61","60.40","30"
"SKU_3","2024-09-14","58","60.03","30"
"SKU_3","2024-09-15","54","59.43","30"
"SKU_3","2024-09-16","29","58.53","30"
"SKU_3","2024-09-17","54","58.53","30"
"SKU_3","2024-09-18","47","58.30","30"
"SKU_3","2024-09-19","33","56.97","30"
"SKU_3","2024-09-20","64","56.80","30"
"SKU_3","2024-09-21","46","55.70","30"
"SKU_3","2024-09-22","59","55.17","30"
"SKU_3","2024-09-23","41","54.33","30"
"SKU_3","2024-09-24","57","53.87","30"
"SKU_3","2024-09-25","45","53.63","30"
"SKU_3","2024-09-26","43","52.87","30"
"SKU_3","2024-09-27","55","53.07","30"
"SKU_3","2024-09-28","48","53.53","30"
"SKU_3","2024-09-29","28","51.90","30"
"SKU_3","2024-09-30","41","51.07","30"
"SKU_3","2024-10-01","41","50.27","30"
"SKU_3","2024-10-02","25","49.47","30"
"SKU_3","2024-10-03","48","49.23","30"
"SKU_3","2024-10-04","40","48.67","30"
"SKU_3","2024-10-05","37","47.90","30"
"SKU_3","2024-10-06","50","47.80","30"
"SKU_3","2024-10-07","50","47.10","30"
"SKU_3","2024-10-08","30","46.30","30"
"SKU_3","2024-10-09","59","46.50","30"
"SKU_3","2024-10-10","59","46.90","30"
"SKU_3","2024-10-11","52","47.17","30"
"SKU_3","2024-10-12","50","46.80","30"
"SKU_3","2024-10-13","70","47.10","30"
"SKU_3","2024-10-14","68","47.43","30"
"SKU_3","2024-10-15","66","47.83","30"
"SKU_3","2024-10-16","31","47.90","30"
"SKU_3","2024-10-17","53","47.87","30"
"SKU_3","2024-10-18","49","47.93","30"
"SKU_3","2024-10-19","53","48.60","30"
"SKU_3","2024-10-20","38","47.73","30"
"SKU_3","2024-10-21","49","47.83","30"
"SKU_3","2024-10-22","37","47.10","30"
"SKU_3","2024-10-23","67","47.97","30"
"SKU_3","2024-10-24","53","47.83","30"
"SKU_3","2024-10-25","61","48.37","30"
"SKU_3","2024-10-26","57","48.83","30"
"SKU_3","2024-10-27","58","48.93","30"
"SKU_3","2024-10-28","48","48.93","30"
"SKU_3","2024-10-29","52","49.73","30"
"SKU_3","2024-10-30","59","50.33","30"
"SKU_3","2024-10-31","52","50.70","30"
"SKU_3","2024-11-01","55","51.70","30"
"SKU_3","2024-11-02","48","51.70","30"
"SKU_3","2024-11-03","71","52.73","30"
"SKU_3","2024-11-04","61","53.53","30"
"SKU_3","2024-11-05","79","54.50","30"
"SKU_3","2024-11-06","53","54.60","30"
"SKU_3","2024-11-07","69","55.90","30"
"SKU_3","2024-11-08","69","56.23","30"
"SKU_3","2024-11-09","65","56.43","30"
"SKU_3","2024-11-10","78","57.30","30"
"SKU_3","2024-11-11","46","57.17","30"
"SKU_3","2024-11-12","32","55.90","30"
"SKU_3","2024-11-13","58","55.57","30"
"SKU_3","2024-11-14","62","55.43","30"
"SKU_3","2024-11-15","70","56.73","30"
"SKU_3","2024-11-16","68","57.23","30"
"SKU_3","2024-11-17","65","57.77","30"
"SKU_3","2024-11-18","60","58.00","30"
"SKU_3","2024-11-19","84","59.53","30"
"SKU_3","2024-11-20","61","59.93","30"
"SKU_3","2024-11-21","86","61.57","30"
"SKU_3","2024-11-22","84","62.13","30"
"SKU_3","2024-11-23","67","62.60","30"
"SKU_3","2024-11-24","78","63.17","30"
"SKU_3","2024-11-25","74","63.73","30"
"SKU_3","2024-11-26","66","64.00","30"
"SKU_3","2024-11-27","72","64.80","30"
"SKU_3","2024-11-28","91","66.10","30"
"SKU_3","2024-11-29","83","66.90","30"
"SKU_3","2024-11-30","66","67.37","30"
"SKU_3","2024-12-01","62","67.60","30"
"SKU_3","2024-12-02","92","69.07","30"
"SKU_3","2024-12-03","62","68.77","30"
"SKU_3","2024-12-04","89","69.70","30"
"SKU_3","2024-12-05","75","69.57","30"
"SKU_3","2024-12-06","86","70.67","30"
"SKU_3","2024-12-07","84","71.17","30"
"SKU_3","2024-12-08","89","71.83","30"
"SKU_3","2024-12-09","81","72.37","30"
"SKU_3","2024-12-10","88","72.70","30"
"SKU_3","2024-12-11","69","73.47","30"
"SKU_3","2024-12-12","91","75.43","30"
"SKU_3","2024-12-13","75","76.00","30"
"SKU_3","2024-12-14","102","77.33","30"
"SKU_3","2024-12-15","89","77.97","30"
"SKU_3","2024-12-16","65","77.87","30"
"SKU_3","2024-12-17","97","78.93","30"
"SKU_3","2024-12-18","99","80.23","30"
"SKU_3","2024-12-19","86","80.30","30"
"SKU_3","2024-12-20","76","80.80","30"
"SKU_3","2024-12-21","93","81.03","30"
"SKU_3","2024-12-22","89","81.20","30"
"SKU_3","2024-12-23","99","82.27","30"
"SKU_3","2024-12-24","109","83.30","30"
"SKU_3","2024-12-25","102","84.23","30"
"SKU_3","2024-12-26","94","85.17","30"
"SKU_3","2024-12-27","89","85.73","30"
"SKU_3","2024-12-28","112","86.43","30"
"SKU_3","2024-12-29","84","86.47","30"
"SKU_3","2024-12-30","103","87.70","30"
"SKU_30","2024-01-01","108","108.00","1"
"SKU_30","2024-01-02","86","97.00","2"
"SKU_30","2024-01-03","114","102.67","3"
"SKU_30","2024-01-04","96","101.00","4"
"SKU_30","2024-01-05","110","102.80","5"
"SKU_30","2024-01-06","105","103.17","6"
"SKU_30","2024-01-07","94","101.86","7"
"SKU_30","2024-01-08","104","102.13","8"
"SKU_30","2024-01-09","123","104.44","9"
"SKU_30","2024-01-10","93","103.30","10"
"SKU_30","2024-01-11","106","103.55","11"
"SKU_30","2024-01-12","128","105.58","12"
"SKU_30","2024-01-13","114","106.23","13"
"SKU_30","2024-01-14","103","106.00","14"
"SKU_30","2024-01-15","129","107.53","15"
"SKU_30","2024-01-16","110","107.69","16"
"SKU_30","2024-01-17","116","108.18","17"
"SKU_30","2024-01-18","116","108.61","18"
"SKU_30","2024-01-19","123","109.37","19"
"SKU_30","2024-01-20","105","109.15","20"
"SKU_30","2024-01-21","116","109.48","21"
"SKU_30","2024-01-22","128","110.32","22"
"SKU_30","2024-01-23","126","111.00","23"
"SKU_30","2024-01-24","132","111.88","24"
"SKU_30","2024-01-25","135","112.80","25"
"SKU_30","2024-01-26","119","113.04","26"
"SKU_30","2024-01-27","128","113.59","27"
"SKU_30","2024-01-28","152","114.96","28"
"SKU_30","2024-01-29","131","115.52","29"
"SKU_30","2024-01-30","127","115.90","30"
"SKU_30","2024-01-31","113","116.07","30"
"SKU_30","2024-02-01","119","117.17","30"
"SKU_30","2024-02-02","125","117.53","30"
"SKU_30","2024-02-03","125","118.50","30"
"SKU_30","2024-02-04","111","118.53","30"
"SKU_30","2024-02-05","121","119.07","30"
"SKU_30","2024-02-06","135","120.43","30"
"SKU_30","2024-02-07","136","121.50","30"
"SKU_30","2024-02-08","147","122.30","30"
"SKU_30","2024-02-09","146","124.07","30"
"SKU_30","2024-02-10","129","124.83","30"
"SKU_30","2024-02-11","130","124.90","30"
"SKU_30","2024-02-12","124","125.23","30"
"SKU_30","2024-02-13","132","126.20","30"
"SKU_30","2024-02-14","134","126.37","30"
"SKU_30","2024-02-15","122","126.77","30"
"SKU_30","2024-02-16","132","127.30","30"
"SKU_30","2024-02-17","139","128.07","30"
"SKU_30","2024-02-18","133","128.40","30"
"SKU_30","2024-02-19","143","129.67","30"
"SKU_30","2024-02-20","127","130.03","30"
"SKU_30","2024-02-21","131","130.13","30"
"SKU_30","2024-02-22","122","130.00","30"
"SKU_30","2024-02-23","142","130.33","30"
"SKU_30","2024-02-24","140","130.50","30"
"SKU_30","2024-02-25","124","130.67","30"
"SKU_30","2024-02-26","133","130.83","30"
"SKU_30","2024-02-27","124","129.90","30"
"SKU_30","2024-02-28","136","130.07","30"
"SKU_30","2024-02-29","133","130.27","30"
"SKU_30","2024-03-01","143","131.27","30"
"SKU_30","2024-03-02","126","131.50","30"
"SKU_30","2024-03-03","143","132.10","30"
"SKU_30","2024-03-04","156","133.13","30"
"SKU_30","2024-03-05","176","135.30","30"
"SKU_30","2024-03-06","155","136.43","30"
"SKU_30","2024-03-07","138","136.53","30"
"SKU_30","2024-03-08","151","137.03","30"
"SKU_30","2024-03-09","156","137.33","30"
"SKU_30","2024-03-10","135","136.97","30"
"SKU_30","2024-03-11","148","137.60","30"
"SKU_30","2024-03-12","132","137.67","30"
"SKU_30","2024-03-13","167","139.10","30"
"SKU_30","2024-03-14","139","139.33","30"
"SKU_30","2024-03-15","148","139.80","30"
"SKU_30","2024-03-16","146","140.60","30"
"SKU_30","2024-03-17","154","141.33","30"
"SKU_30","2024-03-18","171","142.40","30"
"SKU_30","2024-03-19","145","142.80","30"
"SKU_30","2024-03-20","151","143.07","30"
"SKU_30","2024-03-21","136","143.37","30"
"SKU_30","2024-03-22","156","144.20","30"
"SKU_30","2024-03-23","161","145.50","30"
"SKU_30","2024-03-24","147","145.67","30"
"SKU_30","2024-03-25","157","146.23","30"
"SKU_30","2024-03-26","172","147.83","30"
"SKU_30","2024-03-27","128","147.67","30"
"SKU_30","2024-03-28","162","148.93","30"
"SKU_30","2024-03-29","153","149.50","30"
"SKU_30","2024-03-30","125","149.23","30"
"SKU_30","2024-03-31","150","149.47","30"
"SKU_30","2024-04-01","144","150.07","30"
"SKU_30","2024-04-02","163","150.73","30"
"SKU_30","2024-04-03","149","150.50","30"
"SKU_30","2024-04-04","146","149.50","30"
"SKU_30","2024-04-05","147","149.23","30"
"SKU_30","2024-04-06","142","149.37","30"
"SKU_30","2024-04-07","147","149.23","30"
"SKU_30","2024-04-08","161","149.40","30"
"SKU_30","2024-04-09","152","149.97","30"
"SKU_30","2024-04-10","141","149.73","30"
"SKU_30","2024-04-11","147","150.23","30"
"SKU_30","2024-04-12","163","150.10","30"
"SKU_30","2024-04-13","161","150.83","30"
"SKU_30","2024-04-14","169","151.53","30"
"SKU_30","2024-04-15","140","151.33","30"
"SKU_30","2024-04-16","175","152.03","30"
"SKU_30","2024-04-17","137","150.90","30"
"SKU_30","2024-04-18","151","151.10","30"
"SKU_30","2024-04-19","148","151.00","30"
"SKU_30","2024-04-20","154","151.60","30"
"SKU_30","2024-04-21","141","151.10","30"
"SKU_30","2024-04-22","146","150.60","30"
"SKU_30","2024-04-23","146","150.57","30"
"SKU_30","2024-04-24","167","150.90","30"
"SKU_30","2024-04-25","143","149.93","30"
"SKU_30","2024-04-26","153","150.77","30"
"SKU_30","2024-04-27","153","150.47","30"
"SKU_30","2024-04-28","150","150.37","30"
"SKU_30","2024-04-29","154","151.33","30"
"SKU_30","2024-04-30","144","151.13","30"
"SKU_30","2024-05-01","151","151.37","30"
"SKU_30","2024-05-02","134","150.40","30"
"SKU_30","2024-05-03","131","149.80","30"
"SKU_30","2024-05-04","159","150.23","30"
"SKU_30","2024-05-05","137","149.90","30"
"SKU_30","2024-05-06","144","149.97","30"
"SKU_30","2024-05-07","156","150.27","30"
"SKU_30","2024-05-08","123","149.00","30"
"SKU_30","2024-05-09","126","148.13","30"
"SKU_30","2024-05-10","144","148.23","30"
"SKU_30","2024-05-11","124","147.47","30"
"SKU_30","2024-05-12","168","147.63","30"
"SKU_30","2024-05-13","137","146.83","30"
"SKU_30","2024-05-14","147","146.10","30"
"SKU_30","2024-05-15","152","146.50","30"
"SKU_30","2024-05-16","100","144.00","30"
"SKU_30","2024-05-17","156","144.63","30"
"SKU_30","2024-05-18","132","144.00","30"
"SKU_30","2024-05-19","117","142.97","30"
"SKU_30","2024-05-20","122","141.90","30"
"SKU_30","2024-05-21","113","140.97","30"
"SKU_30","2024-05-22","156","141.30","30"
"SKU_30","2024-05-23","136","140.97","30"
"SKU_30","2024-05-24","116","139.27","30"
"SKU_30","2024-05-25","147","139.40","30"
"SKU_30","2024-05-26","137","138.87","30"
"SKU_30","2024-05-27","124","137.90","30"
"SKU_30","2024-05-28","119","136.87","30"
"SKU_30","2024-05-29","136","136.27","30"
"SKU_30","2024-05-30","132","135.87","30"
"SKU_30","2024-05-31","108","134.43","30"
"SKU_30","2024-06-01","117","133.87","30"
"SKU_30","2024-06-02","132","133.90","30"
"SKU_30","2024-06-03","123","132.70","30"
"SKU_30","2024-06-04","117","132.03","30"
"SKU_30","2024-06-05","122","131.30","30"
"SKU_30","2024-06-06","125","130.27","30"
"SKU_30","2024-06-07","94","129.30","30"
"SKU_30","2024-06-08","131","129.47","30"
"SKU_30","2024-06-09","105","128.17","30"
"SKU_30","2024-06-10","105","127.53","30"
"SKU_30","2024-06-11","124","126.07","30"
"SKU_30","2024-06-12","112","125.23","30"
"SKU_30","2024-06-13","106","123.87","30"
"SKU_30","2024-06-14","133","123.23","30"
"SKU_30","2024-06-15","98","123.17","30"
"SKU_30","2024-06-16","110","121.63","30"
"SKU_30","2024-06-17","113","121.00","30"
"SKU_30","2024-06-18","105","120.60","30"
"SKU_30","2024-06-19","103","119.97","30"
"SKU_30","2024-06-20","107","119.77","30"
"SKU_30","2024-06-21","124","118.70","30"
"SKU_30","2024-06-22","111","117.87","30"
"SKU_30","2024-06-23","108","117.60","30"
"SKU_30","2024-06-24","112","116.43","30"
"SKU_30","2024-06-25","101","115.23","30"
"SKU_30","2024-06-26","93","114.20","30"
"SKU_30","2024-06-27","86","113.10","30"
"SKU_30","2024-06-28","109","112.20","30"
"SKU_30","2024-06-29","121","111.83","30"
"SKU_30","2024-06-30","84","111.03","30"
"SKU_30","2024-07-01","94","110.27","30"
"SKU_30","2024-07-02","113","109.63","30"
"SKU_30","2024-07-03","107","109.10","30"
"SKU_30","2024-07-04","117","109.10","30"
"SKU_30","2024-07-05","96","108.23","30"
"SKU_30","2024-07-06","89","107.03","30"
"SKU_30","2024-07-07","79","106.53","30"
"SKU_30","2024-07-08","74","104.63","30"
"SKU_30","2024-07-09","103","104.57","30"
"SKU_30","2024-07-10","93","104.17","30"
"SKU_30","2024-07-11","84","102.83","30"
"SKU_30","2024-07-12","87","102.00","30"
"SKU_30","2024-07-13","89","101.43","30"
"SKU_30","2024-07-14","94","100.13","30"
"SKU_30","2024-07-15","80","99.53","30"
"SKU_30","2024-07-16","66","98.07","30"
"SKU_30","2024-07-17","64","96.43","30"
"SKU_30","2024-07-18","89","95.90","30"
"SKU_30","2024-07-19","91","95.50","30"
"SKU_30","2024-07-20","70","94.27","30"
"SKU_30","2024-07-21","78","92.73","30"
"SKU_30","2024-07-22","60","91.03","30"
"SKU_30","2024-07-23","99","90.73","30"
"SKU_30","2024-07-24","88","89.93","30"
"SKU_30","2024-07-25","67","88.80","30"
"SKU_30","2024-07-26","91","88.73","30"
"SKU_30","2024-07-27","82","88.60","30"
"SKU_30","2024-07-28","56","86.83","30"
"SKU_30","2024-07-29","60","84.80","30"
"SKU_30","2024-07-30","66","84.20","30"
"SKU_30","2024-07-31","85","83.90","30"
"SKU_30","2024-08-01","70","82.47","30"
"SKU_30","2024-08-02","60","80.90","30"
"SKU_30","2024-08-03","76","79.53","30"
"SKU_30","2024-08-04","78","78.93","30"
"SKU_30","2024-08-05","72","78.37","30"
"SKU_30","2024-08-06","76","78.27","30"
"SKU_30","2024-08-07","70","78.13","30"
"SKU_30","2024-08-08","57","76.60","30"
"SKU_30","2024-08-09","72","75.90","30"
"SKU_30","2024-08-10","57","75.00","30"
"SKU_30","2024-08-11","63","74.20","30"
"SKU_30","2024-08-12","68","73.50","30"
"SKU_30","2024-08-13","73","72.80","30"
"SKU_30","2024-08-14","62","72.20","30"
"SKU_30","2024-08-15","65","72.17","30"
"SKU_30","2024-08-16","50","71.70","30"
"SKU_30","2024-08-17","52","70.47","30"
"SKU_30","2024-08-18","70","69.77","30"
"SKU_30","2024-08-19","74","69.90","30"
"SKU_30","2024-08-20","66","69.50","30"
"SKU_30","2024-08-21","84","70.30","30"
"SKU_30","2024-08-22","85","69.83","30"
"SKU_30","2024-08-23","65","69.07","30"
"SKU_30","2024-08-24","72","69.23","30"
"SKU_30","2024-08-25","55","68.03","30"
"SKU_30","2024-08-26","68","67.57","30"
"SKU_30","2024-08-27","57","67.60","30"
"SKU_30","2024-08-28","59","67.57","30"
"SKU_30","2024-08-29","71","67.73","30"
"SKU_30","2024-08-30","64","67.03","30"
"SKU_30","2024-08-31","56","66.57","30"
"SKU_30","2024-09-01","44","66.03","30"
"SKU_30","2024-09-02","70","65.83","30"
"SKU_30","2024-09-03","52","64.97","30"
"SKU_30","2024-09-04","37","63.80","30"
"SKU_30","2024-09-05","57","63.17","30"
"SKU_30","2024-09-06","54","62.63","30"
"SKU_30","2024-09-07","55","62.57","30"
"SKU_30","2024-09-08","60","62.17","30"
"SKU_30","2024-09-09","41","61.63","30"
"SKU_30","2024-09-10","65","61.70","30"
"SKU_30","2024-09-11","37","60.67","30"
"SKU_30","2024-09-12","49","59.87","30"
"SKU_30","2024-09-13","39","59.10","30"
"SKU_30","2024-09-14","58","58.87","30"
"SKU_30","2024-09-15","44","58.67","30"
"SKU_30","2024-09-16","45","58.43","30"
"SKU_30","2024-09-17","47","57.67","30"
"SKU_30","2024-09-18","24","56.00","30"
"SKU_30","2024-09-19","30","54.80","30"
"SKU_30","2024-09-20","70","54.33","30"
"SKU_30","2024-09-21","51","53.20","30"
"SKU_30","2024-09-22","64","53.17","30"
"SKU_30","2024-09-23","42","52.17","30"
"SKU_30","2024-09-24","55","52.17","30"
"SKU_30","2024-09-25","58","51.83","30"
"SKU_30","2024-09-26","38","51.20","30"
"SKU_30","2024-09-27","61","51.27","30"
"SKU_30","2024-09-28","64","51.03","30"
"SKU_30","2024-09-29","40","50.23","30"
"SKU_30","2024-09-30","70","50.70","30"
"SKU_30","2024-10-01","56","51.10","30"
"SKU_30","2024-10-02","51","50.47","30"
"SKU_30","2024-10-03","28","49.67","30"
"SKU_30","2024-10-04","47","50.00","30"
"SKU_30","2024-10-05","52","49.83","30"
"SKU_30","2024-10-06","63","50.13","30"
"SKU_30","2024-10-07","61","50.33","30"
"SKU_30","2024-10-08","45","49.83","30"
"SKU_30","2024-10-09","54","50.27","30"
"SKU_30","2024-10-10","50","49.77","30"
"SKU_30","2024-10-11","55","50.37","30"
"SKU_30","2024-10-12","46","50.27","30"
"SKU_30","2024-10-13","53","50.73","30"
"SKU_30","2024-10-14","57","50.70","30"
"SKU_30","2024-10-15","25","50.07","30"
"SKU_30","2024-10-16","66","50.77","30"
"SKU_30","2024-10-17","69","51.50","30"
"SKU_30","2024-10-18","38","51.97","30"
"SKU_30","2024-10-19","47","52.53","30"
"SKU_30","2024-10-20","64","52.33","30"
"SKU_30","2024-10-21","61","52.67","30"
"SKU_30","2024-10-22","58","52.47","30"
"SKU_30","2024-10-23","54","52.87","30"
"SKU_30","2024-10-24","62","53.10","30"
"SKU_30","2024-10-25","62","53.23","30"
"SKU_30","2024-10-26","64","54.10","30"
"SKU_30","2024-10-27","50","53.73","30"
"SKU_30","2024-10-28","58","53.53","30"
"SKU_30","2024-10-29","64","54.33","30"
"SKU_30","2024-10-30","61","54.03","30"
"SKU_30","2024-10-31","56","54.03","30"
"SKU_30","2024-11-01","64","54.47","30"
"SKU_30","2024-11-02","50","55.20","30"
"SKU_30","2024-11-03","57","55.53","30"
"SKU_30","2024-11-04","64","55.93","30"
"SKU_30","2024-11-05","34","54.97","30"
"SKU_30","2024-11-06","55","54.77","30"
"SKU_30","2024-11-07","66","55.47","30"
"SKU_30","2024-11-08","60","55.67","30"
"SKU_30","2024-11-09","56","55.87","30"
"SKU_30","2024-11-10","38","55.30","30"
"SKU_30","2024-11-11","72","56.17","30"
"SKU_30","2024-11-12","67","56.63","30"
"SKU_30","2024-11-13","56","56.60","30"
"SKU_30","2024-11-14","63","57.87","30"
"SKU_30","2024-11-15","59","57.63","30"
"SKU_30","2024-11-16","67","57.57","30"
"SKU_30","2024-11-17","71","58.67","30"
"SKU_30","2024-11-18","67","59.33","30"
"SKU_30","2024-11-19","63","59.30","30"
"SKU_30","2024-11-20","70","59.60","30"
"SKU_30","2024-11-21","48","59.27","30"
"SKU_30","2024-11-22","90","60.47","30"
"SKU_30","2024-11-23","65","60.57","30"
"SKU_30","2024-11-24","86","61.37","30"
"SKU_30","2024-11-25","70","61.57","30"
"SKU_30","2024-11-26","78","62.50","30"
"SKU_30","2024-11-27","62","62.63","30"
"SKU_30","2024-11-28","82","63.23","30"
"SKU_30","2024-11-29","76","63.73","30"
"SKU_30","2024-11-30","86","64.73","30"
"SKU_30","2024-12-01","87","65.50","30"
"SKU_30","2024-12-02","63","65.93","30"
"SKU_30","2024-12-03","72","66.43","30"
"SKU_30","2024-12-04","79","66.93","30"
"SKU_30","2024-12-05","98","69.07","30"
"SKU_30","2024-12-06","81","69.93","30"
"SKU_30","2024-12-07","89","70.70","30"
"SKU_30","2024-12-08","86","71.57","30"
"SKU_30","2024-12-09","75","72.20","30"
"SKU_30","2024-12-10","110","74.60","30"
"SKU_30","2024-12-11","81","74.90","30"
"SKU_30","2024-12-12","86","75.53","30"
"SKU_30","2024-12-13","96","76.87","30"
"SKU_30","2024-12-14","74","77.23","30"
"SKU_30","2024-12-15","97","78.50","30"
"SKU_30","2024-12-16","95","79.43","30"
"SKU_30","2024-12-17","99","80.37","30"
"SKU_30","2024-12-18","93","81.23","30"
"SKU_30","2024-12-19","86","82.00","30"
"SKU_30","2024-12-20","91","82.70","30"
"SKU_30","2024-12-21","88","84.03","30"
"SKU_30","2024-12-22","95","84.20","30"
"SKU_30","2024-12-23","98","85.30","30"
"SKU_30","2024-12-24","82","85.17","30"
"SKU_30","2024-12-25","99","86.13","30"
"SKU_30","2024-12-26","89","86.50","30"
"SKU_30","2024-12-27","106","87.97","30"
"SKU_30","2024-12-28","94","88.37","30"
"SKU_30","2024-12-29","97","89.07","30"
"SKU_30","2024-12-30","92","89.27","30"
"SKU_31","2024-01-01","96","96.00","1"
"SKU_31","2024-01-02","107","101.50","2"
"SKU_31","2024-01-03","124","109.00","3"
"SKU_31","2024-01-04","116","110.75","4"
"SKU_31","2024-01-05","91","106.80","5"
"SKU_31","2024-01-06","114","108.00","6"
"SKU_31","2024-01-07","92","105.71","7"
"SKU_31","2024-01-08","104","105.50","8"
"SKU_31","2024-01-09","112","106.22","9"
"SKU_31","2024-01-10","124","108.00","10"
"SKU_31","2024-01-11","116","108.73","11"
"SKU_31","2024-01-12","102","108.17","12"
"SKU_31","2024-01-13","111","108.38","13"
"SKU_31","2024-01-14","116","108.93","14"
"SKU_31","2024-01-15","122","109.80","15"
"SKU_31","2024-01-16","109","109.75","16"
"SKU_31","2024-01-17","111","109.82","17"
"SKU_31","2024-01-18","131","111.00","18"
"SKU_31","2024-01-19","117","111.32","19"
"SKU_31","2024-01-20","115","111.50","20"
"SKU_31","2024-01-21","120","111.90","21"
"SKU_31","2024-01-22","97","111.23","22"
"SKU_31","2024-01-23","124","111.78","23"
"SKU_31","2024-01-24","120","112.13","24"
"SKU_31","2024-01-25","142","113.32","25"
"SKU_31","2024-01-26","103","112.92","26"
"SKU_31","2024-01-27","127","113.44","27"
"SKU_31","2024-01-28","111","113.36","28"
"SKU_31","2024-01-29","112","113.31","29"
"SKU_31","2024-01-30","137","114.10","30"
"SKU_31","2024-01-31","123","115.00","30"
"SKU_31","2024-02-01","129","115.73","30"
"SKU_31","2024-02-02","99","114.90","30"
"SKU_31","2024-02-03","115","114.87","30"
"SKU_31","2024-02-04","108","115.43","30"
"SKU_31","2024-02-05","121","115.67","30"
"SKU_31","2024-02-06","125","116.77","30"
"SKU_31","2024-02-07","150","118.30","30"
"SKU_31","2024-02-08","133","119.00","30"
"SKU_31","2024-02-09","116","118.73","30"
"SKU_31","2024-02-10","139","119.50","30"
"SKU_31","2024-02-11","139","120.73","30"
"SKU_31","2024-02-12","122","121.10","30"
"SKU_31","2024-02-13","143","122.00","30"
"SKU_31","2024-02-14","129","122.23","30"
"SKU_31","2024-02-15","143","123.37","30"
"SKU_31","2024-02-16","150","124.67","30"
"SKU_31","2024-02-17","135","124.80","30"
"SKU_31","2024-02-18","144","125.70","30"
"SKU_31","2024-02-19","141","126.57","30"
"SKU_31","2024-02-20","134","127.03","30"
"SKU_31","2024-02-21","153","128.90","30"
"SKU_31","2024-02-22","137","129.33","30"
"SKU_31","2024-02-23","121","129.37","30"
"SKU_31","2024-02-24","140","129.30","30"
"SKU_31","2024-02-25","138","130.47","30"
"SKU_31","2024-02-26","123","130.33","30"
"SKU_31","2024-02-27","129","130.93","30"
"SKU_31","2024-02-28","152","132.27","30"
"SKU_31","2024-02-29","143","132.47","30"
"SKU_31","2024-03-01","139","133.00","30"
"SKU_31","2024-03-02","153","133.80","30"
"SKU_31","2024-03-03","157","135.73","30"
"SKU_31","2024-03-04","152","136.97","30"
"SKU_31","2024-03-05","157","138.60","30"
"SKU_31","2024-03-06","135","139.07","30"
"SKU_31","2024-03-07","163","140.33","30"
"SKU_31","2024-03-08","150","140.33","30"
"SKU_31","2024-03-09","155","141.07","30"
"SKU_31","2024-03-10","159","142.50","30"
"SKU_31","2024-03-11","159","143.17","30"
"SKU_31","2024-03-12","157","143.77","30"
"SKU_31","2024-03-13","109","143.33","30"
"SKU_31","2024-03-14","151","143.60","30"
"SKU_31","2024-03-15","161","144.67","30"
"SKU_31","2024-03-16","159","145.20","30"
"SKU_31","2024-03-17","164","145.67","30"
"SKU_31","2024-03-18","157","146.40","30"
"SKU_31","2024-03-19","150","146.60","30"
"SKU_31","2024-03-20","147","146.80","30"
"SKU_31","2024-03-21","126","146.53","30"
"SKU_31","2024-03-22","144","146.23","30"
"SKU_31","2024-03-23","156","146.87","30"
"SKU_31","2024-03-24","141","147.53","30"
"SKU_31","2024-03-25","164","148.33","30"
"SKU_31","2024-03-26","115","147.57","30"
"SKU_31","2024-03-27","153","148.57","30"
"SKU_31","2024-03-28","153","149.37","30"
"SKU_31","2024-03-29","152","149.37","30"
"SKU_31","2024-03-30","169","150.23","30"
"SKU_31","2024-03-31","141","150.30","30"
"SKU_31","2024-04-01","148","150.13","30"
"SKU_31","2024-04-02","152","149.97","30"
"SKU_31","2024-04-03","143","149.67","30"
"SKU_31","2024-04-04","163","149.87","30"
"SKU_31","2024-04-05","135","149.87","30"
"SKU_31","2024-04-06","142","149.17","30"
"SKU_31","2024-04-07","157","149.40","30"
"SKU_31","2024-04-08","139","148.87","30"
"SKU_31","2024-04-09","167","149.13","30"
"SKU_31","2024-04-10","146","148.70","30"
"SKU_31","2024-04-11","153","148.57","30"
"SKU_31","2024-04-12","155","150.10","30"
"SKU_31","2024-04-13","151","150.10","30"
"SKU_31","2024-04-14","163","150.17","30"
"SKU_31","2024-04-15","149","149.83","30"
"SKU_31","2024-04-16","140","149.03","30"
"SKU_31","2024-04-17","136","148.33","30"
"SKU_31","2024-04-18","162","148.73","30"
"SKU_31","2024-04-19","164","149.30","30"
"SKU_31","2024-04-20","158","150.37","30"
"SKU_31","2024-04-21","139","150.20","30"
"SKU_31","2024-04-22","137","149.57","30"
"SKU_31","2024-04-23","146","149.73","30"
"SKU_31","2024-04-24","152","149.33","30"
"SKU_31","2024-04-25","121","149.53","30"
"SKU_31","2024-04-26","143","149.20","30"
"SKU_31","2024-04-27","137","148.67","30"
"SKU_31","2024-04-28","131","147.97","30"
"SKU_31","2024-04-29","153","147.43","30"
"SKU_31","2024-04-30","160","148.07","30"
"SKU_31","2024-05-01","121","147.17","30"
"SKU_31","2024-05-02","153","147.20","30"
"SKU_31","2024-05-03","160","147.77","30"
"SKU_31","2024-05-04","164","147.80","30"
"SKU_31","2024-05-05","135","147.80","30"
"SKU_31","2024-05-06","165","148.57","30"
"SKU_31","2024-05-07","130","147.67","30"
"SKU_31","2024-05-08","141","147.73","30"
"SKU_31","2024-05-09","133","146.60","30"
"SKU_31","2024-05-10","136","146.27","30"
"SKU_31","2024-05-11","135","145.67","30"
"SKU_31","2024-05-12","159","145.80","30"
"SKU_31","2024-05-13","134","145.23","30"
"SKU_31","2024-05-14","108","143.40","30"
"SKU_31","2024-05-15","142","143.17","30"
"SKU_31","2024-05-16","146","143.37","30"
"SKU_31","2024-05-17","143","143.60","30"
"SKU_31","2024-05-18","131","142.57","30"
"SKU_31","2024-05-19","131","141.47","30"
"SKU_31","2024-05-20","140","140.87","30"
"SKU_31","2024-05-21","108","139.83","30"
"SKU_31","2024-05-22","140","139.93","30"
"SKU_31","2024-05-23","127","139.30","30"
"SKU_31","2024-05-24","139","138.87","30"
"SKU_31","2024-05-25","134","139.30","30"
"SKU_31","2024-05-26","160","139.87","30"
"SKU_31","2024-05-27","125","139.47","30"
"SKU_31","2024-05-28","128","139.37","30"
"SKU_31","2024-05-29","133","138.70","30"
"SKU_31","2024-05-30","100","136.70","30"
"SKU_31","2024-05-31","128","136.93","30"
"SKU_31","2024-06-01","122","135.90","30"
"SKU_31","2024-06-02","99","133.87","30"
"SKU_31","2024-06-03","108","132.00","30"
"SKU_31","2024-06-04","127","131.73","30"
"SKU_31","2024-06-05","133","130.67","30"
"SKU_31","2024-06-06","106","129.87","30"
"SKU_31","2024-06-07","105","128.67","30"
"SKU_31","2024-06-08","119","128.20","30"
"SKU_31","2024-06-09","153","128.77","30"
"SKU_31","2024-06-10","117","128.17","30"
"SKU_31","2024-06-11","138","127.47","30"
"SKU_31","2024-06-12","96","126.20","30"
"SKU_31","2024-06-13","104","126.07","30"
"SKU_31","2024-06-14","89","124.30","30"
"SKU_31","2024-06-15","98","122.70","30"
"SKU_31","2024-06-16","123","122.03","30"
"SKU_31","2024-06-17","115","121.50","30"
"SKU_31","2024-06-18","104","120.60","30"
"SKU_31","2024-06-19","102","119.33","30"
"SKU_31","2024-06-20","104","119.20","30"
"SKU_31","2024-06-21","100","117.87","30"
"SKU_31","2024-06-22","111","117.33","30"
"SKU_31","2024-06-23","92","115.77","30"
"SKU_31","2024-06-24","109","114.93","30"
"SKU_31","2024-06-25","112","113.33","30"
"SKU_31","2024-06-26","101","112.53","30"
"SKU_31","2024-06-27","100","111.60","30"
"SKU_31","2024-06-28","105","110.67","30"
"SKU_31","2024-06-29","98","110.60","30"
"SKU_31","2024-06-30","87","109.23","30"
"SKU_31","2024-07-01","100","108.50","30"
"SKU_31","2024-07-02","93","108.30","30"
"SKU_31","2024-07-03","112","108.43","30"
"SKU_31","2024-07-04","108","107.80","30"
"SKU_31","2024-07-05","68","105.63","30"
"SKU_31","2024-07-06","113","105.87","30"
"SKU_31","2024-07-07","94","105.50","30"
"SKU_31","2024-07-08","92","104.60","30"
"SKU_31","2024-07-09","95","102.67","30"
"SKU_31","2024-07-10","96","101.97","30"
"SKU_31","2024-07-11","95","100.53","30"
"SKU_31","2024-07-12","93","100.43","30"
"SKU_31","2024-07-13","98","100.23","30"
"SKU_31","2024-07-14","90","100.27","30"
"SKU_31","2024-07-15","106","100.53","30"
"SKU_31","2024-07-16","98","99.70","30"
"SKU_31","2024-07-17","83","98.63","30"
"SKU_31","2024-07-18","82","97.90","30"
"SKU_31","2024-07-19","94","97.63","30"
"SKU_31","2024-07-20","88","97.10","30"
"SKU_31","2024-07-21","81","96.47","30"
"SKU_31","2024-07-22","73","95.20","30"
"SKU_31","2024-07-23","94","95.27","30"
"SKU_31","2024-07-24","77","94.20","30"
"SKU_31","2024-07-25","85","93.30","30"
"SKU_31","2024-07-26","85","92.77","30"
"SKU_31","2024-07-27","83","92.20","30"
"SKU_31","2024-07-28","63","90.80","30"
"SKU_31","2024-07-29","71","89.90","30"
"SKU_31","2024-07-30","89","89.97","30"
"SKU_31","2024-07-31","63","88.73","30"
"SKU_31","2024-08-01","85","88.47","30"
"SKU_31","2024-08-02","70","87.07","30"
"SKU_31","2024-08-03","82","86.20","30"
"SKU_31","2024-08-04","68","86.20","30"
"SKU_31","2024-08-05","87","85.33","30"
"SKU_31","2024-08-06","76","84.73","30"
"SKU_31","2024-08-07","71","84.03","30"
"SKU_31","2024-08-08","60","82.87","30"
"SKU_31","2024-08-09","78","82.27","30"
"SKU_31","2024-08-10","72","81.50","30"
"SKU_31","2024-08-11","72","80.80","30"
"SKU_31","2024-08-12","63","79.63","30"
"SKU_31","2024-08-13","69","78.93","30"
"SKU_31","2024-08-14","51","77.10","30"
"SKU_31","2024-08-15","46","75.37","30"
"SKU_31","2024-08-16","38","73.87","30"
"SKU_31","2024-08-17","82","73.87","30"
"SKU_31","2024-08-18","63","72.83","30"
"SKU_31","2024-08-19","82","72.63","30"
"SKU_31","2024-08-20","62","72.00","30"
"SKU_31","2024-08-21","46","71.10","30"
"SKU_31","2024-08-22","59","69.93","30"
"SKU_31","2024-08-23","58","69.30","30"
"SKU_31","2024-08-24","76","69.00","30"
"SKU_31","2024-08-25","89","69.13","30"
"SKU_31","2024-08-26","58","68.30","30"
"SKU_31","2024-08-27","62","68.27","30"
"SKU_31","2024-08-28","54","67.70","30"
"SKU_31","2024-08-29","50","66.40","30"
"SKU_31","2024-08-30","46","65.83","30"
"SKU_31","2024-08-31","46","64.53","30"
"SKU_31","2024-09-01","56","64.07","30"
"SKU_31","2024-09-02","63","63.43","30"
"SKU_31","2024-09-03","40","62.50","30"
"SKU_31","2024-09-04","56","61.47","30"
"SKU_31","2024-09-05","44","60.40","30"
"SKU_31","2024-09-06","44","59.50","30"
"SKU_31","2024-09-07","33","58.60","30"
"SKU_31","2024-09-08","36","57.20","30"
"SKU_31","2024-09-09","42","56.20","30"
"SKU_31","2024-09-10","82","56.53","30"
"SKU_31","2024-09-11","57","56.33","30"
"SKU_31","2024-09-12","53","55.80","30"
"SKU_31","2024-09-13","46","55.63","30"
"SKU_31","2024-09-14","33","55.20","30"
"SKU_31","2024-09-15","45","55.43","30"
"SKU_31","2024-09-16","32","53.77","30"
"SKU_31","2024-09-17","67","53.90","30"
"SKU_31","2024-09-18","55","53.00","30"
"SKU_31","2024-09-19","68","53.20","30"
"SKU_31","2024-09-20","49","53.30","30"
"SKU_31","2024-09-21","62","53.40","30"
"SKU_31","2024-09-22","55","53.30","30"
"SKU_31","2024-09-23","54","52.57","30"
"SKU_31","2024-09-24","40","50.93","30"
"SKU_31","2024-09-25","38","50.27","30"
"SKU_31","2024-09-26","52","49.93","30"
"SKU_31","2024-09-27","71","50.50","30"
"SKU_31","2024-09-28","58","50.77","30"
"SKU_31","2024-09-29","35","50.40","30"
"SKU_31","2024-09-30","37","50.10","30"
"SKU_31","2024-10-01","56","50.10","30"
"SKU_31","2024-10-02","66","50.20","30"
"SKU_31","2024-10-03","58","50.80","30"
"SKU_31","2024-10-04","46","50.47","30"
"SKU_31","2024-10-05","50","50.67","30"
"SKU_31","2024-10-06","45","50.70","30"
"SKU_31","2024-10-07","52","51.33","30"
"SKU_31","2024-10-08","51","51.83","30"
"SKU_31","2024-10-09","59","52.40","30"
"SKU_31","2024-10-10","44","51.13","30"
"SKU_31","2024-10-11","59","51.20","30"
"SKU_31","2024-10-12","66","51.63","30"
"SKU_31","2024-10-13","66","52.30","30"
"SKU_31","2024-10-14","52","52.93","30"
"SKU_31","2024-10-15","66","53.63","30"
"SKU_31","2024-10-16","35","53.73","30"
"SKU_31","2024-10-17","70","53.83","30"
"SKU_31","2024-10-18","37","53.23","30"
"SKU_31","2024-10-19","53","52.73","30"
"SKU_31","2024-10-20","36","52.30","30"
"SKU_31","2024-10-21","59","52.20","30"
"SKU_31","2024-10-22","45","51.87","30"
"SKU_31","2024-10-23","50","51.73","30"
"SKU_31","2024-10-24","41","51.77","30"
"SKU_31","2024-10-25","67","52.73","30"
"SKU_31","2024-10-26","57","52.90","30"
"SKU_31","2024-10-27","60","52.53","30"
"SKU_31","2024-10-28","47","52.17","30"
"SKU_31","2024-10-29","44","52.47","30"
"SKU_31","2024-10-30","61","53.27","30"
"SKU_31","2024-10-31","70","53.73","30"
"SKU_31","2024-11-01","93","54.63","30"
"SKU_31","2024-11-02","54","54.50","30"
"SKU_31","2024-11-03","77","55.53","30"
"SKU_31","2024-11-04","57","55.77","30"
"SKU_31","2024-11-05","56","56.13","30"
"SKU_31","2024-11-06","53","56.17","30"
"SKU_31","2024-11-07","70","56.80","30"
"SKU_31","2024-11-08","71","57.20","30"
"SKU_31","2024-11-09","76","58.27","30"
"SKU_31","2024-11-10","77","58.87","30"
"SKU_31","2024-11-11","66","58.87","30"
"SKU_31","2024-11-12","60","58.67","30"
"SKU_31","2024-11-13","59","58.90","30"
"SKU_31","2024-11-14","68","58.97","30"
"SKU_31","2024-11-15","73","60.23","30"
"SKU_31","2024-11-16","56","59.77","30"
"SKU_31","2024-11-17","70","60.87","30"
"SKU_31","2024-11-18","81","61.80","30"
"SKU_31","2024-11-19","63","62.70","30"
"SKU_31","2024-11-20","76","63.27","30"
"SKU_31","2024-11-21","54","63.57","30"
"SKU_31","2024-11-22","97","65.13","30"
"SKU_31","2024-11-23","83","66.53","30"
"SKU_31","2024-11-24","87","67.20","30"
"SKU_31","2024-11-25","91","68.33","30"
"SKU_31","2024-11-26","58","68.27","30"
"SKU_31","2024-11-27","72","69.10","30"
"SKU_31","2024-11-28","73","70.07","30"
"SKU_31","2024-11-29","104","71.50","30"
"SKU_31","2024-11-30","83","71.93","30"
"SKU_31","2024-12-01","95","72.00","30"
"SKU_31","2024-12-02","75","72.70","30"
"SKU_31","2024-12-03","77","72.70","30"
"SKU_31","2024-12-04","64","72.93","30"
"SKU_31","2024-12-05","71","73.43","30"
"SKU_31","2024-12-06","68","73.93","30"
"SKU_31","2024-12-07","68","73.87","30"
"SKU_31","2024-12-08","64","73.63","30"
"SKU_31","2024-12-09","91","74.13","30"
"SKU_31","2024-12-10","93","74.67","30"
"SKU_31","2024-12-11","93","75.57","30"
"SKU_31","2024-12-12","80","76.23","30"
"SKU_31","2024-12-13","105","77.77","30"
"SKU_31","2024-12-14","79","78.13","30"
"SKU_31","2024-12-15","80","78.37","30"
"SKU_31","2024-12-16","77","79.07","30"
"SKU_31","2024-12-17","93","79.83","30"
"SKU_31","2024-12-18","104","80.60","30"
"SKU_31","2024-12-19","102","81.90","30"
"SKU_31","2024-12-20","92","82.43","30"
"SKU_31","2024-12-21","105","84.13","30"
"SKU_31","2024-12-22","91","83.93","30"
"SKU_31","2024-12-23","83","83.93","30"
"SKU_31","2024-12-24","91","84.07","30"
"SKU_31","2024-12-25","113","84.80","30"
"SKU_31","2024-12-26","96","86.07","30"
"SKU_31","2024-12-27","98","86.93","30"
"SKU_31","2024-12-28","88","87.43","30"
"SKU_31","2024-12-29","97","87.20","30"
"SKU_31","2024-12-30","104","87.90","30"
"SKU_32","2024-01-01","90","90.00","1"
"SKU_32","2024-01-02","98","94.00","2"
"SKU_32","2024-01-03","89","92.33","3"
"SKU_32","2024-01-04","103","95.00","4"
"SKU_32","2024-01-05","96","95.20","5"
"SKU_32","2024-01-06","91","94.50","6"
"SKU_32","2024-01-07","104","95.86","7"
"SKU_32","2024-01-08","120","98.88","8"
"SKU_32","2024-01-09","103","99.33","9"
"SKU_32","2024-01-10","119","101.30","10"
"SKU_32","2024-01-11","102","101.36","11"
"SKU_32","2024-01-12","131","103.83","12"
"SKU_32","2024-01-13","105","103.92","13"
"SKU_32","2024-01-14","108","104.21","14"
"SKU_32","2024-01-15","115","104.93","15"
"SKU_32","2024-01-16","91","104.06","16"
"SKU_32","2024-01-17","109","104.35","17"
"SKU_32","2024-01-18","116","105.00","18"
"SKU_32","2024-01-19","100","104.74","19"
"SKU_32","2024-01-20","121","105.55","20"
"SKU_32","2024-01-21","125","106.48","21"
"SKU_32","2024-01-22","113","106.77","22"
"SKU_32","2024-01-23","126","107.61","23"
"SKU_32","2024-01-24","128","108.46","24"
"SKU_32","2024-01-25","97","108.00","25"
"SKU_32","2024-01-26","149","109.58","26"
"SKU_32","2024-01-27","101","109.26","27"
"SKU_32","2024-01-28","136","110.21","28"
"SKU_32","2024-01-29","129","110.86","29"
"SKU_32","2024-01-30","142","111.90","30"
"SKU_32","2024-01-31","121","112.93","30"
"SKU_32","2024-02-01","141","114.37","30"
"SKU_32","2024-02-02","108","115.00","30"
"SKU_32","2024-02-03","131","115.93","30"
"SKU_32","2024-02-04","137","117.30","30"
"SKU_32","2024-02-05","127","118.50","30"
"SKU_32","2024-02-06","144","119.83","30"
"SKU_32","2024-02-07","130","120.17","30"
"SKU_32","2024-02-08","131","121.10","30"
"SKU_32","2024-02-09","127","121.37","30"
"SKU_32","2024-02-10","125","122.13","30"
"SKU_32","2024-02-11","126","121.97","30"
"SKU_32","2024-02-12","149","123.43","30"
"SKU_32","2024-02-13","114","123.63","30"
"SKU_32","2024-02-14","163","125.23","30"
"SKU_32","2024-02-15","150","127.20","30"
"SKU_32","2024-02-16","117","127.47","30"
"SKU_32","2024-02-17","126","127.80","30"
"SKU_32","2024-02-18","138","129.07","30"
"SKU_32","2024-02-19","143","129.80","30"
"SKU_32","2024-02-20","136","130.17","30"
"SKU_32","2024-02-21","134","130.87","30"
"SKU_32","2024-02-22","177","132.57","30"
"SKU_32","2024-02-23","142","133.03","30"
"SKU_32","2024-02-24","135","134.30","30"
"SKU_32","2024-02-25","156","134.53","30"
"SKU_32","2024-02-26","170","136.83","30"
"SKU_32","2024-02-27","159","137.60","30"
"SKU_32","2024-02-28","123","137.40","30"
"SKU_32","2024-02-29","148","137.60","30"
"SKU_32","2024-03-01","161","138.93","30"
"SKU_32","2024-03-02","134","138.70","30"
"SKU_32","2024-03-03","139","139.73","30"
"SKU_32","2024-03-04","151","140.40","30"
"SKU_32","2024-03-05","144","140.63","30"
"SKU_32","2024-03-06","147","141.30","30"
"SKU_32","2024-03-07","128","140.77","30"
"SKU_32","2024-03-08","153","141.53","30"
"SKU_32","2024-03-09","139","141.80","30"
"SKU_32","2024-03-10","154","142.70","30"
"SKU_32","2024-03-11","142","143.27","30"
"SKU_32","2024-03-12","132","143.47","30"
"SKU_32","2024-03-13","151","143.53","30"
"SKU_32","2024-03-14","140","144.40","30"
"SKU_32","2024-03-15","150","143.97","30"
"SKU_32","2024-03-16","152","144.03","30"
"SKU_32","2024-03-17","147","145.03","30"
"SKU_32","2024-03-18","153","145.93","30"
"SKU_32","2024-03-19","144","146.13","30"
"SKU_32","2024-03-20","143","146.13","30"
"SKU_32","2024-03-21","154","146.73","30"
"SKU_32","2024-03-22","155","147.43","30"
"SKU_32","2024-03-23","147","146.43","30"
"SKU_32","2024-03-24","155","146.87","30"
"SKU_32","2024-03-25","150","147.37","30"
"SKU_32","2024-03-26","143","146.93","30"
"SKU_32","2024-03-27","150","146.27","30"
"SKU_32","2024-03-28","171","146.67","30"
"SKU_32","2024-03-29","130","146.90","30"
"SKU_32","2024-03-30","154","147.10","30"
"SKU_32","2024-03-31","153","146.83","30"
"SKU_32","2024-04-01","148","147.30","30"
"SKU_32","2024-04-02","145","147.50","30"
"SKU_32","2024-04-03","176","148.33","30"
"SKU_32","2024-04-04","164","149.00","30"
"SKU_32","2024-04-05","136","148.63","30"
"SKU_32","2024-04-06","133","148.80","30"
"SKU_32","2024-04-07","142","148.43","30"
"SKU_32","2024-04-08","167","149.37","30"
"SKU_32","2024-04-09","166","149.77","30"
"SKU_32","2024-04-10","161","150.40","30"
"SKU_32","2024-04-11","158","151.27","30"
"SKU_32","2024-04-12","142","150.97","30"
"SKU_32","2024-04-13","143","151.07","30"
"SKU_32","2024-04-14","168","151.67","30"
"SKU_32","2024-04-15","157","151.83","30"
"SKU_32","2024-04-16","138","151.53","30"
"SKU_32","2024-04-17","146","151.30","30"
"SKU_32","2024-04-18","150","151.50","30"
"SKU_32","2024-04-19","163","152.17","30"
"SKU_32","2024-04-20","147","151.93","30"
"SKU_32","2024-04-21","167","152.33","30"
"SKU_32","2024-04-22","155","152.60","30"
"SKU_32","2024-04-23","157","152.67","30"
"SKU_32","2024-04-24","146","152.53","30"
"SKU_32","2024-04-25","152","152.83","30"
"SKU_32","2024-04-26","156","153.03","30"
"SKU_32","2024-04-27","146","152.20","30"
"SKU_32","2024-04-28","161","153.23","30"
"SKU_32","2024-04-29","124","152.23","30"
"SKU_32","2024-04-30","117","151.03","30"
"SKU_32","2024-05-01","148","151.03","30"
"SKU_32","2024-05-02","159","151.50","30"
"SKU_32","2024-05-03","135","150.13","30"
"SKU_32","2024-05-04","109","148.30","30"
"SKU_32","2024-05-05","151","148.80","30"
"SKU_32","2024-05-06","131","148.73","30"
"SKU_32","2024-05-07","140","148.67","30"
"SKU_32","2024-05-08","158","148.37","30"
"SKU_32","2024-05-09","133","147.27","30"
"SKU_32","2024-05-10","132","146.30","30"
"SKU_32","2024-05-11","127","145.27","30"
"SKU_32","2024-05-12","143","145.30","30"
"SKU_32","2024-05-13","146","145.40","30"
"SKU_32","2024-05-14","141","144.50","30"
"SKU_32","2024-05-15","134","143.73","30"
"SKU_32","2024-05-16","138","143.73","30"
"SKU_32","2024-05-17","126","143.07","30"
"SKU_32","2024-05-18","129","142.37","30"
"SKU_32","2024-05-19","149","141.90","30"
"SKU_32","2024-05-20","146","141.87","30"
"SKU_32","2024-05-21","144","141.10","30"
"SKU_32","2024-05-22","135","140.43","30"
"SKU_32","2024-05-23","131","139.57","30"
"SKU_32","2024-05-24","126","138.90","30"
"SKU_32","2024-05-25","128","138.10","30"
"SKU_32","2024-05-26","148","137.83","30"
"SKU_32","2024-05-27","131","137.33","30"
"SKU_32","2024-05-28","130","136.30","30"
"SKU_32","2024-05-29","111","135.87","30"
"SKU_32","2024-05-30","123","136.07","30"
"SKU_32","2024-05-31","125","135.30","30"
"SKU_32","2024-06-01","106","133.53","30"
"SKU_32","2024-06-02","132","133.43","30"
"SKU_32","2024-06-03","131","134.17","30"
"SKU_32","2024-06-04","100","132.47","30"
"SKU_32","2024-06-05","136","132.63","30"
"SKU_32","2024-06-06","133","132.40","30"
"SKU_32","2024-06-07","118","131.07","30"
"SKU_32","2024-06-08","128","130.90","30"
"SKU_32","2024-06-09","143","131.27","30"
"SKU_32","2024-06-10","128","131.30","30"
"SKU_32","2024-06-11","126","130.73","30"
"SKU_32","2024-06-12","116","129.73","30"
"SKU_32","2024-06-13","112","128.77","30"
"SKU_32","2024-06-14","105","127.80","30"
"SKU_32","2024-06-15","101","126.57","30"
"SKU_32","2024-06-16","123","126.47","30"
"SKU_32","2024-06-17","101","125.53","30"
"SKU_32","2024-06-18","97","123.80","30"
"SKU_32","2024-06-19","106","122.47","30"
"SKU_32","2024-06-20","109","121.30","30"
"SKU_32","2024-06-21","89","119.77","30"
"SKU_32","2024-06-22","117","119.30","30"
"SKU_32","2024-06-23","129","119.40","30"
"SKU_32","2024-06-24","81","117.83","30"
"SKU_32","2024-06-25","96","116.10","30"
"SKU_32","2024-06-26","94","114.87","30"
"SKU_32","2024-06-27","104","114.00","30"
"SKU_32","2024-06-28","118","114.23","30"
"SKU_32","2024-06-29","101","113.50","30"
"SKU_32","2024-06-30","120","113.33","30"
"SKU_32","2024-07-01","99","113.10","30"
"SKU_32","2024-07-02","95","111.87","30"
"SKU_32","2024-07-03","98","110.77","30"
"SKU_32","2024-07-04","95","110.60","30"
"SKU_32","2024-07-05","111","109.77","30"
"SKU_32","2024-07-06","88","108.27","30"
"SKU_32","2024-07-07","81","107.03","30"
"SKU_32","2024-07-08","77","105.33","30"
"SKU_32","2024-07-09","91","103.60","30"
"SKU_32","2024-07-10","84","102.13","30"
"SKU_32","2024-07-11","101","101.30","30"
"SKU_32","2024-07-12","81","100.13","30"
"SKU_32","2024-07-13","86","99.27","30"
"SKU_32","2024-07-14","99","99.07","30"
"SKU_32","2024-07-15","90","98.70","30"
"SKU_32","2024-07-16","86","97.47","30"
"SKU_32","2024-07-17","88","97.03","30"
"SKU_32","2024-07-18","104","97.27","30"
"SKU_32","2024-07-19","76","96.27","30"
"SKU_32","2024-07-20","95","95.80","30"
"SKU_32","2024-07-21","75","95.33","30"
"SKU_32","2024-07-22","71","93.80","30"
"SKU_32","2024-07-23","86","92.37","30"
"SKU_32","2024-07-24","53","91.43","30"
"SKU_32","2024-07-25","74","90.70","30"
"SKU_32","2024-07-26","85","90.40","30"
"SKU_32","2024-07-27","76","89.47","30"
"SKU_32","2024-07-28","75","88.03","30"
"SKU_32","2024-07-29","64","86.80","30"
"SKU_32","2024-07-30","70","85.13","30"
"SKU_32","2024-07-31","89","84.80","30"
"SKU_32","2024-08-01","56","83.50","30"
"SKU_32","2024-08-02","82","82.97","30"
"SKU_32","2024-08-03","71","82.17","30"
"SKU_32","2024-08-04","80","81.13","30"
"SKU_32","2024-08-05","72","80.60","30"
"SKU_32","2024-08-06","54","79.70","30"
"SKU_32","2024-08-07","80","79.80","30"
"SKU_32","2024-08-08","78","79.37","30"
"SKU_32","2024-08-09","81","79.27","30"
"SKU_32","2024-08-10","54","77.70","30"
"SKU_32","2024-08-11","68","77.27","30"
"SKU_32","2024-08-12","58","76.33","30"
"SKU_32","2024-08-13","71","75.40","30"
"SKU_32","2024-08-14","51","74.10","30"
"SKU_32","2024-08-15","72","73.63","30"
"SKU_32","2024-08-16","64","72.83","30"
"SKU_32","2024-08-17","64","71.50","30"
"SKU_32","2024-08-18","59","70.93","30"
"SKU_32","2024-08-19","64","69.90","30"
"SKU_32","2024-08-20","57","69.30","30"
"SKU_32","2024-08-21","70","69.27","30"
"SKU_32","2024-08-22","52","68.13","30"
"SKU_32","2024-08-23","80","69.03","30"
"SKU_32","2024-08-24","72","68.97","30"
"SKU_32","2024-08-25","65","68.30","30"
"SKU_32","2024-08-26","58","67.70","30"
"SKU_32","2024-08-27","50","66.87","30"
"SKU_32","2024-08-28","55","66.57","30"
"SKU_32","2024-08-29","57","66.13","30"
"SKU_32","2024-08-30","60","65.17","30"
"SKU_32","2024-08-31","54","65.10","30"
"SKU_32","2024-09-01","55","64.20","30"
"SKU_32","2024-09-02","49","63.47","30"
"SKU_32","2024-09-03","67","63.03","30"
"SKU_32","2024-09-04","68","62.90","30"
"SKU_32","2024-09-05","48","62.70","30"
"SKU_32","2024-09-06","34","61.17","30"
"SKU_32","2024-09-07","58","60.50","30"
"SKU_32","2024-09-08","87","60.70","30"
"SKU_32","2024-09-09","57","60.80","30"
"SKU_32","2024-09-10","54","60.33","30"
"SKU_32","2024-09-11","48","60.00","30"
"SKU_32","2024-09-12","51","59.33","30"
"SKU_32","2024-09-13","50","59.30","30"
"SKU_32","2024-09-14","44","58.37","30"
"SKU_32","2024-09-15","77","58.80","30"
"SKU_32","2024-09-16","30","57.67","30"
"SKU_32","2024-09-17","44","57.17","30"
"SKU_32","2024-09-18","77","57.60","30"
"SKU_32","2024-09-19","69","58.00","30"
"SKU_32","2024-09-20","41","57.03","30"
"SKU_32","2024-09-21","51","57.00","30"
"SKU_32","2024-09-22","31","55.37","30"
"SKU_32","2024-09-23","38","54.23","30"
"SKU_32","2024-09-24","60","54.07","30"
"SKU_32","2024-09-25","54","53.93","30"
"SKU_32","2024-09-26","51","53.97","30"
"SKU_32","2024-09-27","40","53.47","30"
"SKU_32","2024-09-28","58","53.50","30"
"SKU_32","2024-09-29","67","53.73","30"
"SKU_32","2024-09-30","31","52.97","30"
"SKU_32","2024-10-01","47","52.70","30"
"SKU_32","2024-10-02","44","52.53","30"
"SKU_32","2024-10-03","67","52.53","30"
"SKU_32","2024-10-04","52","52.00","30"
"SKU_32","2024-10-05","51","52.10","30"
"SKU_32","2024-10-06","54","52.77","30"
"SKU_32","2024-10-07","33","51.93","30"
"SKU_32","2024-10-08","48","50.63","30"
"SKU_32","2024-10-09","57","50.63","30"
"SKU_32","2024-10-10","43","50.27","30"
"SKU_32","2024-10-11","70","51.00","30"
"SKU_32","2024-10-12","61","51.33","30"
"SKU_32","2024-10-13","71","52.03","30"
"SKU_32","2024-10-14","46","52.10","30"
"SKU_32","2024-10-15","75","52.03","30"
"SKU_32","2024-10-16","40","52.37","30"
"SKU_32","2024-10-17","57","52.80","30"
"SKU_32","2024-10-18","64","52.37","30"
"SKU_32","2024-10-19","56","51.93","30"
"SKU_32","2024-10-20","57","52.47","30"
"SKU_32","2024-10-21","58","52.70","30"
"SKU_32","2024-10-22","31","52.70","30"
"SKU_32","2024-10-23","60","53.43","30"
"SKU_32","2024-10-24","57","53.33","30"
"SKU_32","2024-10-25","64","53.67","30"
"SKU_32","2024-10-26","55","53.80","30"
"SKU_32","2024-10-27","58","54.40","30"
"SKU_32","2024-10-28","64","54.60","30"
"SKU_32","2024-10-29","54","54.17","30"
"SKU_32","2024-10-30","38","54.40","30"
"SKU_32","2024-10-31","58","54.77","30"
"SKU_32","2024-11-01","64","55.43","30"
"SKU_32","2024-11-02","77","55.77","30"
"SKU_32","2024-11-03","37","55.27","30"
"SKU_32","2024-11-04","41","54.93","30"
"SKU_32","2024-11-05","60","55.13","30"
"SKU_32","2024-11-06","46","55.57","30"
"SKU_32","2024-11-07","49","55.60","30"
"SKU_32","2024-11-08","60","55.70","30"
"SKU_32","2024-11-09","61","56.30","30"
"SKU_32","2024-11-10","85","56.80","30"
"SKU_32","2024-11-11","56","56.63","30"
"SKU_32","2024-11-12","65","56.43","30"
"SKU_32","2024-11-13","54","56.70","30"
"SKU_32","2024-11-14","52","55.93","30"
"SKU_32","2024-11-15","47","56.17","30"
"SKU_32","2024-11-16","40","55.60","30"
"SKU_32","2024-11-17","82","56.20","30"
"SKU_32","2024-11-18","52","56.07","30"
"SKU_32","2024-11-19","66","56.37","30"
"SKU_32","2024-11-20","80","57.10","30"
"SKU_32","2024-11-21","65","58.23","30"
"SKU_32","2024-11-22","53","58.00","30"
"SKU_32","2024-11-23","76","58.63","30"
"SKU_32","2024-11-24","76","59.03","30"
"SKU_32","2024-11-25","77","59.77","30"
"SKU_32","2024-11-26","71","60.20","30"
"SKU_32","2024-11-27","88","61.00","30"
"SKU_32","2024-11-28","65","61.37","30"
"SKU_32","2024-11-29","70","62.43","30"
"SKU_32","2024-11-30","76","63.03","30"
"SKU_32","2024-12-01","82","63.63","30"
"SKU_32","2024-12-02","67","63.30","30"
"SKU_32","2024-12-03","62","64.13","30"
"SKU_32","2024-12-04","92","65.83","30"
"SKU_32","2024-12-05","94","66.97","30"
"SKU_32","2024-12-06","60","67.43","30"
"SKU_32","2024-12-07","72","68.20","30"
"SKU_32","2024-12-08","74","68.67","30"
"SKU_32","2024-12-09","90","69.63","30"
"SKU_32","2024-12-10","70","69.13","30"
"SKU_32","2024-12-11","85","70.10","30"
"SKU_32","2024-12-12","104","71.40","30"
"SKU_32","2024-12-13","98","72.87","30"
"SKU_32","2024-12-14","80","73.80","30"
"SKU_32","2024-12-15","78","74.83","30"
"SKU_32","2024-12-16","108","77.10","30"
"SKU_32","2024-12-17","102","77.77","30"
"SKU_32","2024-12-18","93","79.13","30"
"SKU_32","2024-12-19","88","79.87","30"
"SKU_32","2024-12-20","74","79.67","30"
"SKU_32","2024-12-21","86","80.37","30"
"SKU_32","2024-12-22","94","81.73","30"
"SKU_32","2024-12-23","88","82.13","30"
"SKU_32","2024-12-24","69","81.90","30"
"SKU_32","2024-12-25","101","82.70","30"
"SKU_32","2024-12-26","100","83.67","30"
"SKU_32","2024-12-27","116","84.60","30"
"SKU_32","2024-12-28","101","85.80","30"
"SKU_32","2024-12-29","109","87.10","30"
"SKU_32","2024-12-30","99","87.87","30"
"SKU_33","2024-01-01","99","99.00","1"
"SKU_33","2024-01-02","122","110.50","2"
"SKU_33","2024-01-03","83","101.33","3"
"SKU_33","2024-01-04","98","100.50","4"
"SKU_33","2024-01-05","94","99.20","5"
"SKU_33","2024-01-06","100","99.33","6"
"SKU_33","2024-01-07","109","100.71","7"
"SKU_33","2024-01-08","99","100.50","8"
"SKU_33","2024-01-09","94","99.78","9"
"SKU_33","2024-01-10","110","100.80","10"
"SKU_33","2024-01-11","116","102.18","11"
"SKU_33","2024-01-12","119","103.58","12"
"SKU_33","2024-01-13","103","103.54","13"
"SKU_33","2024-01-14","135","105.79","14"
"SKU_33","2024-01-15","119","106.67","15"
"SKU_33","2024-01-16","103","106.44","16"
"SKU_33","2024-01-17","122","107.35","17"
"SKU_33","2024-01-18","119","108.00","18"
"SKU_33","2024-01-19","107","107.95","19"
"SKU_33","2024-01-20","124","108.75","20"
"SKU_33","2024-01-21","140","110.24","21"
"SKU_33","2024-01-22","109","110.18","22"
"SKU_33","2024-01-23","122","110.70","23"
"SKU_33","2024-01-24","107","110.54","24"
"SKU_33","2024-01-25","147","112.00","25"
"SKU_33","2024-01-26","122","112.38","26"
"SKU_33","2024-01-27","122","112.74","27"
"SKU_33","2024-01-28","134","113.50","28"
"SKU_33","2024-01-29","137","114.31","29"
"SKU_33","2024-01-30","137","115.07","30"
"SKU_33","2024-01-31","102","115.17","30"
"SKU_33","2024-02-01","116","114.97","30"
"SKU_33","2024-02-02","126","116.40","30"
"SKU_33","2024-02-03","130","117.47","30"
"SKU_33","2024-02-04","123","118.43","30"
"SKU_33","2024-02-05","106","118.63","30"
"SKU_33","2024-02-06","139","119.63","30"
"SKU_33","2024-02-07","128","120.60","30"
"SKU_33","2024-02-08","125","121.63","30"
"SKU_33","2024-02-09","115","121.80","30"
"SKU_33","2024-02-10","120","121.93","30"
"SKU_33","2024-02-11","133","122.40","30"
"SKU_33","2024-02-12","134","123.43","30"
"SKU_33","2024-02-13","151","123.97","30"
"SKU_33","2024-02-14","129","124.30","30"
"SKU_33","2024-02-15","121","124.90","30"
"SKU_33","2024-02-16","148","125.77","30"
"SKU_33","2024-02-17","130","126.13","30"
"SKU_33","2024-02-18","148","127.50","30"
"SKU_33","2024-02-19","151","128.40","30"
"SKU_33","2024-02-20","144","128.53","30"
"SKU_33","2024-02-21","155","130.07","30"
"SKU_33","2024-02-22","144","130.80","30"
"SKU_33","2024-02-23","155","132.40","30"
"SKU_33","2024-02-24","126","131.70","30"
"SKU_33","2024-02-25","131","132.00","30"
"SKU_33","2024-02-26","124","132.07","30"
"SKU_33","2024-02-27","141","132.30","30"
"SKU_33","2024-02-28","126","131.93","30"
"SKU_33","2024-02-29","148","132.30","30"
"SKU_33","2024-03-01","132","133.30","30"
"SKU_33","2024-03-02","145","134.27","30"
"SKU_33","2024-03-03","146","134.93","30"
"SKU_33","2024-03-04","147","135.50","30"
"SKU_33","2024-03-05","160","136.73","30"
"SKU_33","2024-03-06","168","138.80","30"
"SKU_33","2024-03-07","169","139.80","30"
"SKU_33","2024-03-08","152","140.60","30"
"SKU_33","2024-03-09","167","142.00","30"
"SKU_33","2024-03-10","155","143.33","30"
"SKU_33","2024-03-11","144","144.13","30"
"SKU_33","2024-03-12","176","145.57","30"
"SKU_33","2024-03-13","132","145.50","30"
"SKU_33","2024-03-14","144","145.27","30"
"SKU_33","2024-03-15","158","146.23","30"
"SKU_33","2024-03-16","143","146.97","30"
"SKU_33","2024-03-17","139","146.67","30"
"SKU_33","2024-03-18","123","146.43","30"
"SKU_33","2024-03-19","136","146.03","30"
"SKU_33","2024-03-20","153","146.10","30"
"SKU_33","2024-03-21","150","146.30","30"
"SKU_33","2024-03-22","164","146.60","30"
"SKU_33","2024-03-23","147","146.70","30"
"SKU_33","2024-03-24","159","146.83","30"
"SKU_33","2024-03-25","138","147.23","30"
"SKU_33","2024-03-26","153","147.97","30"
"SKU_33","2024-03-27","134","148.30","30"
"SKU_33","2024-03-28","162","149.00","30"
"SKU_33","2024-03-29","151","149.83","30"
"SKU_33","2024-03-30","140","149.57","30"
"SKU_33","2024-03-31","143","149.93","30"
"SKU_33","2024-04-01","166","150.63","30"
"SKU_33","2024-04-02","161","151.13","30"
"SKU_33","2024-04-03","140","150.90","30"
"SKU_33","2024-04-04","146","150.43","30"
"SKU_33","2024-04-05","166","150.37","30"
"SKU_33","2024-04-06","144","149.53","30"
"SKU_33","2024-04-07","169","150.10","30"
"SKU_33","2024-04-08","183","150.63","30"
"SKU_33","2024-04-09","130","149.80","30"
"SKU_33","2024-04-10","166","150.53","30"
"SKU_33","2024-04-11","152","149.73","30"
"SKU_33","2024-04-12","119","149.30","30"
"SKU_33","2024-04-13","179","150.47","30"
"SKU_33","2024-04-14","145","150.03","30"
"SKU_33","2024-04-15","163","150.70","30"
"SKU_33","2024-04-16","127","150.30","30"
"SKU_33","2024-04-17","147","151.10","30"
"SKU_33","2024-04-18","134","151.03","30"
"SKU_33","2024-04-19","155","151.10","30"
"SKU_33","2024-04-20","149","151.07","30"
"SKU_33","2024-04-21","142","150.33","30"
"SKU_33","2024-04-22","151","150.47","30"
"SKU_33","2024-04-23","169","150.80","30"
"SKU_33","2024-04-24","155","151.37","30"
"SKU_33","2024-04-25","143","151.03","30"
"SKU_33","2024-04-26","132","150.97","30"
"SKU_33","2024-04-27","138","150.17","30"
"SKU_33","2024-04-28","157","150.37","30"
"SKU_33","2024-04-29","132","150.10","30"
"SKU_33","2024-04-30","152","150.40","30"
"SKU_33","2024-05-01","161","150.23","30"
"SKU_33","2024-05-02","150","149.87","30"
"SKU_33","2024-05-03","148","150.13","30"
"SKU_33","2024-05-04","172","151.00","30"
"SKU_33","2024-05-05","131","149.83","30"
"SKU_33","2024-05-06","139","149.67","30"
"SKU_33","2024-05-07","147","148.93","30"
"SKU_33","2024-05-08","137","147.40","30"
"SKU_33","2024-05-09","117","146.97","30"
"SKU_33","2024-05-10","125","145.60","30"
"SKU_33","2024-05-11","137","145.10","30"
"SKU_33","2024-05-12","133","145.57","30"
"SKU_33","2024-05-13","148","144.53","30"
"SKU_33","2024-05-14","142","144.43","30"
"SKU_33","2024-05-15","127","143.23","30"
"SKU_33","2024-05-16","125","143.17","30"
"SKU_33","2024-05-17","141","142.97","30"
"SKU_33","2024-05-18","149","143.47","30"
"SKU_33","2024-05-19","141","143.00","30"
"SKU_33","2024-05-20","110","141.70","30"
"SKU_33","2024-05-21","137","141.53","30"
"SKU_33","2024-05-22","127","140.73","30"
"SKU_33","2024-05-23","134","139.57","30"
"SKU_33","2024-05-24","132","138.80","30"
"SKU_33","2024-05-25","132","138.43","30"
"SKU_33","2024-05-26","127","138.27","30"
"SKU_33","2024-05-27","134","138.13","30"
"SKU_33","2024-05-28","133","137.33","30"
"SKU_33","2024-05-29","137","137.50","30"
"SKU_33","2024-05-30","127","136.67","30"
"SKU_33","2024-05-31","121","135.33","30"
"SKU_33","2024-06-01","134","134.80","30"
"SKU_33","2024-06-02","129","134.17","30"
"SKU_33","2024-06-03","127","132.67","30"
"SKU_33","2024-06-04","125","132.47","30"
"SKU_33","2024-06-05","132","132.23","30"
"SKU_33","2024-06-06","142","132.07","30"
"SKU_33","2024-06-07","124","131.63","30"
"SKU_33","2024-06-08","126","131.93","30"
"SKU_33","2024-06-09","133","132.20","30"
"SKU_33","2024-06-10","118","131.57","30"
"SKU_33","2024-06-11","118","131.07","30"
"SKU_33","2024-06-12","114","129.93","30"
"SKU_33","2024-06-13","109","128.83","30"
"SKU_33","2024-06-14","131","128.97","30"
"SKU_33","2024-06-15","104","128.27","30"
"SKU_33","2024-06-16","124","127.70","30"
"SKU_33","2024-06-17","106","126.27","30"
"SKU_33","2024-06-18","93","124.67","30"
"SKU_33","2024-06-19","131","125.37","30"
"SKU_33","2024-06-20","127","125.03","30"
"SKU_33","2024-06-21","102","124.20","30"
"SKU_33","2024-06-22","95","122.90","30"
"SKU_33","2024-06-23","119","122.47","30"
"SKU_33","2024-06-24","95","121.23","30"
"SKU_33","2024-06-25","89","119.97","30"
"SKU_33","2024-06-26","104","118.97","30"
"SKU_33","2024-06-27","92","117.60","30"
"SKU_33","2024-06-28","134","117.50","30"
"SKU_33","2024-06-29","81","115.97","30"
"SKU_33","2024-06-30","118","115.87","30"
"SKU_33","2024-07-01","113","115.17","30"
"SKU_33","2024-07-02","91","113.90","30"
"SKU_33","2024-07-03","112","113.40","30"
"SKU_33","2024-07-04","95","112.40","30"
"SKU_33","2024-07-05","109","111.63","30"
"SKU_33","2024-07-06","102","110.30","30"
"SKU_33","2024-07-07","82","108.90","30"
"SKU_33","2024-07-08","78","107.30","30"
"SKU_33","2024-07-09","109","106.50","30"
"SKU_33","2024-07-10","82","105.30","30"
"SKU_33","2024-07-11","101","104.73","30"
"SKU_33","2024-07-12","76","103.47","30"
"SKU_33","2024-07-13","96","103.03","30"
"SKU_33","2024-07-14","92","101.73","30"
"SKU_33","2024-07-15","102","101.67","30"
"SKU_33","2024-07-16","80","100.20","30"
"SKU_33","2024-07-17","78","99.27","30"
"SKU_33","2024-07-18","92","99.23","30"
"SKU_33","2024-07-19","92","97.93","30"
"SKU_33","2024-07-20","79","96.33","30"
"SKU_33","2024-07-21","83","95.70","30"
"SKU_33","2024-07-22","85","95.37","30"
"SKU_33","2024-07-23","98","94.67","30"
"SKU_33","2024-07-24","108","95.10","30"
"SKU_33","2024-07-25","91","95.17","30"
"SKU_33","2024-07-26","67","93.93","30"
"SKU_33","2024-07-27","63","92.97","30"
"SKU_33","2024-07-28","79","91.13","30"
"SKU_33","2024-07-29","76","90.97","30"
"SKU_33","2024-07-30","110","90.70","30"
"SKU_33","2024-07-31","93","90.03","30"
"SKU_33","2024-08-01","65","89.17","30"
"SKU_33","2024-08-02","78","88.03","30"
"SKU_33","2024-08-03","73","87.30","30"
"SKU_33","2024-08-04","69","85.97","30"
"SKU_33","2024-08-05","78","85.17","30"
"SKU_33","2024-08-06","66","84.63","30"
"SKU_33","2024-08-07","68","84.30","30"
"SKU_33","2024-08-08","75","83.17","30"
"SKU_33","2024-08-09","71","82.80","30"
"SKU_33","2024-08-10","71","81.80","30"
"SKU_33","2024-08-11","82","82.00","30"
"SKU_33","2024-08-12","74","81.27","30"
"SKU_33","2024-08-13","64","80.33","30"
"SKU_33","2024-08-14","49","78.57","30"
"SKU_33","2024-08-15","54","77.70","30"
"SKU_33","2024-08-16","70","77.43","30"
"SKU_33","2024-08-17","71","76.73","30"
"SKU_33","2024-08-18","48","75.27","30"
"SKU_33","2024-08-19","71","75.00","30"
"SKU_33","2024-08-20","65","74.40","30"
"SKU_33","2024-08-21","83","74.33","30"
"SKU_33","2024-08-22","70","73.40","30"
"SKU_33","2024-08-23","55","71.63","30"
"SKU_33","2024-08-24","68","70.87","30"
"SKU_33","2024-08-25","67","70.87","30"
"SKU_33","2024-08-26","71","71.13","30"
"SKU_33","2024-08-27","69","70.80","30"
"SKU_33","2024-08-28","41","69.63","30"
"SKU_33","2024-08-29","75","68.47","30"
"SKU_33","2024-08-30","70","67.70","30"
"SKU_33","2024-08-31","82","68.27","30"
"SKU_33","2024-09-01","61","67.70","30"
"SKU_33","2024-09-02","64","67.40","30"
"SKU_33","2024-09-03","62","67.17","30"
"SKU_33","2024-09-04","67","66.80","30"
"SKU_33","2024-09-05","60","66.60","30"
"SKU_33","2024-09-06","61","66.37","30"
"SKU_33","2024-09-07","49","65.50","30"
"SKU_33","2024-09-08","43","64.57","30"
"SKU_33","2024-09-09","36","63.40","30"
"SKU_33","2024-09-10","39","61.97","30"
"SKU_33","2024-09-11","41","60.87","30"
"SKU_33","2024-09-12","63","60.83","30"
"SKU_33","2024-09-13","39","60.50","30"
"SKU_33","2024-09-14","67","60.93","30"
"SKU_33","2024-09-15","49","60.23","30"
"SKU_33","2024-09-16","45","59.37","30"
"SKU_33","2024-09-17","46","59.30","30"
"SKU_33","2024-09-18","58","58.87","30"
"SKU_33","2024-09-19","47","58.27","30"
"SKU_33","2024-09-20","52","57.23","30"
"SKU_33","2024-09-21","49","56.53","30"
"SKU_33","2024-09-22","57","56.60","30"
"SKU_33","2024-09-23","35","55.50","30"
"SKU_33","2024-09-24","49","54.90","30"
"SKU_33","2024-09-25","76","55.07","30"
"SKU_33","2024-09-26","64","54.90","30"
"SKU_33","2024-09-27","44","55.00","30"
"SKU_33","2024-09-28","67","54.73","30"
"SKU_33","2024-09-29","41","53.77","30"
"SKU_33","2024-09-30","24","51.83","30"
"SKU_33","2024-10-01","45","51.30","30"
"SKU_33","2024-10-02","32","50.23","30"
"SKU_33","2024-10-03","32","49.23","30"
"SKU_33","2024-10-04","27","47.90","30"
"SKU_33","2024-10-05","44","47.37","30"
"SKU_33","2024-10-06","42","46.73","30"
"SKU_33","2024-10-07","61","47.13","30"
"SKU_33","2024-10-08","41","47.07","30"
"SKU_33","2024-10-09","62","47.93","30"
"SKU_33","2024-10-10","56","48.50","30"
"SKU_33","2024-10-11","56","49.00","30"
"SKU_33","2024-10-12","51","48.60","30"
"SKU_33","2024-10-13","57","49.20","30"
"SKU_33","2024-10-14","61","49.00","30"
"SKU_33","2024-10-15","52","49.10","30"
"SKU_33","2024-10-16","17","48.17","30"
"SKU_33","2024-10-17","51","48.33","30"
"SKU_33","2024-10-18","63","48.50","30"
"SKU_33","2024-10-19","66","49.13","30"
"SKU_33","2024-10-20","69","49.70","30"
"SKU_33","2024-10-21","37","49.30","30"
"SKU_33","2024-10-22","44","48.87","30"
"SKU_33","2024-10-23","65","49.87","30"
"SKU_33","2024-10-24","90","51.23","30"
"SKU_33","2024-10-25","58","50.63","30"
"SKU_33","2024-10-26","45","50.00","30"
"SKU_33","2024-10-27","80","51.20","30"
"SKU_33","2024-10-28","56","50.83","30"
"SKU_33","2024-10-29","48","51.07","30"
"SKU_33","2024-10-30","37","51.50","30"
"SKU_33","2024-10-31","70","52.33","30"
"SKU_33","2024-11-01","70","53.60","30"
"SKU_33","2024-11-02","56","54.40","30"
"SKU_33","2024-11-03","55","55.33","30"
"SKU_33","2024-11-04","55","55.70","30"
"SKU_33","2024-11-05","53","56.07","30"
"SKU_33","2024-11-06","56","55.90","30"
"SKU_33","2024-11-07","65","56.70","30"
"SKU_33","2024-11-08","70","56.97","30"
"SKU_33","2024-11-09","65","57.27","30"
"SKU_33","2024-11-10","67","57.63","30"
"SKU_33","2024-11-11","65","58.10","30"
"SKU_33","2024-11-12","75","58.70","30"
"SKU_33","2024-11-13","59","58.63","30"
"SKU_33","2024-11-14","63","59.00","30"
"SKU_33","2024-11-15","61","60.47","30"
"SKU_33","2024-11-16","48","60.37","30"
"SKU_33","2024-11-17","82","61.00","30"
"SKU_33","2024-11-18","82","61.53","30"
"SKU_33","2024-11-19","67","61.47","30"
"SKU_33","2024-11-20","73","62.67","30"
"SKU_33","2024-11-21","70","63.53","30"
"SKU_33","2024-11-22","67","63.60","30"
"SKU_33","2024-11-23","72","63.00","30"
"SKU_33","2024-11-24","85","63.90","30"
"SKU_33","2024-11-25","80","65.07","30"
"SKU_33","2024-11-26","76","64.93","30"
"SKU_33","2024-11-27","79","65.70","30"
"SKU_33","2024-11-28","73","66.53","30"
"SKU_33","2024-11-29","103","68.73","30"
"SKU_33","2024-11-30","53","68.17","30"
"SKU_33","2024-12-01","105","69.33","30"
"SKU_33","2024-12-02","51","69.17","30"
"SKU_33","2024-12-03","69","69.63","30"
"SKU_33","2024-12-04","54","69.60","30"
"SKU_33","2024-12-05","87","70.73","30"
"SKU_33","2024-12-06","93","71.97","30"
"SKU_33","2024-12-07","66","72.00","30"
"SKU_33","2024-12-08","83","72.43","30"
"SKU_33","2024-12-09","90","73.27","30"
"SKU_33","2024-12-10","83","73.80","30"
"SKU_33","2024-12-11","96","74.83","30"
"SKU_33","2024-12-12","96","75.53","30"
"SKU_33","2024-12-13","80","76.23","30"
"SKU_33","2024-12-14","76","76.67","30"
"SKU_33","2024-12-15","95","77.80","30"
"SKU_33","2024-12-16","87","79.10","30"
"SKU_33","2024-12-17","104","79.83","30"
"SKU_33","2024-12-18","82","79.83","30"
"SKU_33","2024-12-19","93","80.70","30"
"SKU_33","2024-12-20","79","80.90","30"
"SKU_33","2024-12-21","91","81.60","30"
"SKU_33","2024-12-22","90","82.37","30"
"SKU_33","2024-12-23","82","82.70","30"
"SKU_33","2024-12-24","93","82.97","30"
"SKU_33","2024-12-25","88","83.23","30"
"SKU_33","2024-12-26","111","84.40","30"
"SKU_33","2024-12-27","99","85.07","30"
"SKU_33","2024-12-28","101","86.00","30"
"SKU_33","2024-12-29","97","85.80","30"
"SKU_33","2024-12-30","89","87.00","30"
"SKU_34","2024-01-01","89","89.00","1"
"SKU_34","2024-01-02","100","94.50","2"
"SKU_34","2024-01-03","106","98.33","3"
"SKU_34","2024-01-04","97","98.00","4"
"SKU_34","2024-01-05","91","96.60","5"
"SKU_34","2024-01-06","125","101.33","6"
"SKU_34","2024-01-07","129","105.29","7"
"SKU_34","2024-01-08","128","108.13","8"
"SKU_34","2024-01-09","94","106.56","9"
"SKU_34","2024-01-10","94","105.30","10"
"SKU_34","2024-01-11","105","105.27","11"
"SKU_34","2024-01-12","118","106.33","12"
"SKU_34","2024-01-13","96","105.54","13"
"SKU_34","2024-01-14","102","105.29","14"
"SKU_34","2024-01-15","117","106.07","15"
"SKU_34","2024-01-16","129","107.50","16"
"SKU_34","2024-01-17","124","108.47","17"
"SKU_34","2024-01-18","99","107.94","18"
"SKU_34","2024-01-19","113","108.21","19"
"SKU_34","2024-01-20","124","109.00","20"
"SKU_34","2024-01-21","115","109.29","21"
"SKU_34","2024-01-22","115","109.55","22"
"SKU_34","2024-01-23","120","110.00","23"
"SKU_34","2024-01-24","130","110.83","24"
"SKU_34","2024-01-25","139","111.96","25"
"SKU_34","2024-01-26","100","111.50","26"
"SKU_34","2024-01-27","126","112.04","27"
"SKU_34","2024-01-28","131","112.71","28"
"SKU_34","2024-01-29","130","113.31","29"
"SKU_34","2024-01-30","116","113.40","30"
"SKU_34","2024-01-31","136","114.97","30"
"SKU_34","2024-02-01","150","116.63","30"
"SKU_34","2024-02-02","125","117.27","30"
"SKU_34","2024-02-03","134","118.50","30"
"SKU_34","2024-02-04","108","119.07","30"
"SKU_34","2024-02-05","134","119.37","30"
"SKU_34","2024-02-06","132","119.47","30"
"SKU_34","2024-02-07","158","120.47","30"
"SKU_34","2024-02-08","123","121.43","30"
"SKU_34","2024-02-09","130","122.63","30"
"SKU_34","2024-02-10","127","123.37","30"
"SKU_34","2024-02-11","154","124.57","30"
"SKU_34","2024-02-12","145","126.20","30"
"SKU_34","2024-02-13","130","127.13","30"
"SKU_34","2024-02-14","138","127.83","30"
"SKU_34","2024-02-15","115","127.37","30"
"SKU_34","2024-02-16","147","128.13","30"
"SKU_34","2024-02-17","120","128.83","30"
"SKU_34","2024-02-18","146","129.93","30"
"SKU_34","2024-02-19","128","130.07","30"
"SKU_34","2024-02-20","127","130.47","30"
"SKU_34","2024-02-21","135","131.13","30"
"SKU_34","2024-02-22","140","131.80","30"
"SKU_34","2024-02-23","133","131.90","30"
"SKU_34","2024-02-24","137","131.83","30"
"SKU_34","2024-02-25","155","133.67","30"
"SKU_34","2024-02-26","142","134.20","30"
"SKU_34","2024-02-27","125","134.00","30"
"SKU_34","2024-02-28","148","134.60","30"
"SKU_34","2024-02-29","148","135.67","30"
"SKU_34","2024-03-01","163","136.57","30"
"SKU_34","2024-03-02","150","136.57","30"
"SKU_34","2024-03-03","153","137.50","30"
"SKU_34","2024-03-04","137","137.60","30"
"SKU_34","2024-03-05","156","139.20","30"
"SKU_34","2024-03-06","162","140.13","30"
"SKU_34","2024-03-07","138","140.33","30"
"SKU_34","2024-03-08","139","139.70","30"
"SKU_34","2024-03-09","142","140.33","30"
"SKU_34","2024-03-10","133","140.43","30"
"SKU_34","2024-03-11","135","140.70","30"
"SKU_34","2024-03-12","142","140.30","30"
"SKU_34","2024-03-13","124","139.60","30"
"SKU_34","2024-03-14","158","140.53","30"
"SKU_34","2024-03-15","137","140.50","30"
"SKU_34","2024-03-16","150","141.67","30"
"SKU_34","2024-03-17","155","141.93","30"
"SKU_34","2024-03-18","173","143.70","30"
"SKU_34","2024-03-19","164","144.30","30"
"SKU_34","2024-03-20","150","145.03","30"
"SKU_34","2024-03-21","161","146.17","30"
"SKU_34","2024-03-22","143","146.43","30"
"SKU_34","2024-03-23","147","146.67","30"
"SKU_34","2024-03-24","132","146.63","30"
"SKU_34","2024-03-25","131","146.43","30"
"SKU_34","2024-03-26","163","146.70","30"
"SKU_34","2024-03-27","152","147.03","30"
"SKU_34","2024-03-28","152","147.93","30"
"SKU_34","2024-03-29","123","147.10","30"
"SKU_34","2024-03-30","147","147.07","30"
"SKU_34","2024-03-31","166","147.17","30"
"SKU_34","2024-04-01","138","146.77","30"
"SKU_34","2024-04-02","133","146.10","30"
"SKU_34","2024-04-03","150","146.53","30"
"SKU_34","2024-04-04","139","145.97","30"
"SKU_34","2024-04-05","151","145.60","30"
"SKU_34","2024-04-06","149","145.97","30"
"SKU_34","2024-04-07","166","146.87","30"
"SKU_34","2024-04-08","137","146.70","30"
"SKU_34","2024-04-09","149","147.23","30"
"SKU_34","2024-04-10","151","147.77","30"
"SKU_34","2024-04-11","136","147.57","30"
"SKU_34","2024-04-12","140","148.10","30"
"SKU_34","2024-04-13","149","147.80","30"
"SKU_34","2024-04-14","125","147.40","30"
"SKU_34","2024-04-15","173","148.17","30"
"SKU_34","2024-04-16","143","147.77","30"
"SKU_34","2024-04-17","152","147.07","30"
"SKU_34","2024-04-18","148","146.53","30"
"SKU_34","2024-04-19","154","146.67","30"
"SKU_34","2024-04-20","160","146.63","30"
"SKU_34","2024-04-21","141","146.57","30"
"SKU_34","2024-04-22","152","146.73","30"
"SKU_34","2024-04-23","157","147.57","30"
"SKU_34","2024-04-24","160","148.53","30"
"SKU_34","2024-04-25","169","148.73","30"
"SKU_34","2024-04-26","142","148.40","30"
"SKU_34","2024-04-27","129","147.63","30"
"SKU_34","2024-04-28","122","147.60","30"
"SKU_34","2024-04-29","165","148.20","30"
"SKU_34","2024-04-30","146","147.53","30"
"SKU_34","2024-05-01","144","147.73","30"
"SKU_34","2024-05-02","135","147.80","30"
"SKU_34","2024-05-03","150","147.80","30"
"SKU_34","2024-05-04","153","148.27","30"
"SKU_34","2024-05-05","134","147.70","30"
"SKU_34","2024-05-06","130","147.07","30"
"SKU_34","2024-05-07","115","145.37","30"
"SKU_34","2024-05-08","145","145.63","30"
"SKU_34","2024-05-09","158","145.93","30"
"SKU_34","2024-05-10","142","145.63","30"
"SKU_34","2024-05-11","128","145.37","30"
"SKU_34","2024-05-12","149","145.67","30"
"SKU_34","2024-05-13","144","145.50","30"
"SKU_34","2024-05-14","149","146.30","30"
"SKU_34","2024-05-15","132","144.93","30"
"SKU_34","2024-05-16","136","144.70","30"
"SKU_34","2024-05-17","147","144.53","30"
"SKU_34","2024-05-18","135","144.10","30"
"SKU_34","2024-05-19","135","143.47","30"
"SKU_34","2024-05-20","129","142.43","30"
"SKU_34","2024-05-21","156","142.93","30"
"SKU_34","2024-05-22","124","142.00","30"
"SKU_34","2024-05-23","120","140.77","30"
"SKU_34","2024-05-24","143","140.20","30"
"SKU_34","2024-05-25","135","139.07","30"
"SKU_34","2024-05-26","125","138.50","30"
"SKU_34","2024-05-27","128","138.47","30"
"SKU_34","2024-05-28","143","139.17","30"
"SKU_34","2024-05-29","137","138.23","30"
"SKU_34","2024-05-30","142","138.10","30"
"SKU_34","2024-05-31","137","137.87","30"
"SKU_34","2024-06-01","114","137.17","30"
"SKU_34","2024-06-02","145","137.00","30"
"SKU_34","2024-06-03","133","136.33","30"
"SKU_34","2024-06-04","113","135.63","30"
"SKU_34","2024-06-05","127","135.53","30"
"SKU_34","2024-06-06","133","136.13","30"
"SKU_34","2024-06-07","111","135.00","30"
"SKU_34","2024-06-08","109","133.37","30"
"SKU_34","2024-06-09","131","133.00","30"
"SKU_34","2024-06-10","108","132.33","30"
"SKU_34","2024-06-11","102","130.77","30"
"SKU_34","2024-06-12","113","129.73","30"
"SKU_34","2024-06-13","146","129.63","30"
"SKU_34","2024-06-14","114","129.03","30"
"SKU_34","2024-06-15","86","127.37","30"
"SKU_34","2024-06-16","121","126.50","30"
"SKU_34","2024-06-17","140","126.67","30"
"SKU_34","2024-06-18","108","125.77","30"
"SKU_34","2024-06-19","94","124.60","30"
"SKU_34","2024-06-20","96","122.60","30"
"SKU_34","2024-06-21","126","122.67","30"
"SKU_34","2024-06-22","86","121.53","30"
"SKU_34","2024-06-23","100","120.10","30"
"SKU_34","2024-06-24","95","118.77","30"
"SKU_34","2024-06-25","99","117.90","30"
"SKU_34","2024-06-26","95","116.80","30"
"SKU_34","2024-06-27","116","115.90","30"
"SKU_34","2024-06-28","93","114.43","30"
"SKU_34","2024-06-29","95","112.87","30"
"SKU_34","2024-06-30","121","112.33","30"
"SKU_34","2024-07-01","105","112.03","30"
"SKU_34","2024-07-02","93","110.30","30"
"SKU_34","2024-07-03","99","109.17","30"
"SKU_34","2024-07-04","106","108.93","30"
"SKU_34","2024-07-05","66","106.90","30"
"SKU_34","2024-07-06","90","105.47","30"
"SKU_34","2024-07-07","102","105.17","30"
"SKU_34","2024-07-08","106","105.07","30"
"SKU_34","2024-07-09","85","103.53","30"
"SKU_34","2024-07-10","71","102.30","30"
"SKU_34","2024-07-11","67","101.13","30"
"SKU_34","2024-07-12","84","100.17","30"
"SKU_34","2024-07-13","70","97.63","30"
"SKU_34","2024-07-14","113","97.60","30"
"SKU_34","2024-07-15","93","97.83","30"
"SKU_34","2024-07-16","93","96.90","30"
"SKU_34","2024-07-17","61","94.27","30"
"SKU_34","2024-07-18","96","93.87","30"
"SKU_34","2024-07-19","80","93.40","30"
"SKU_34","2024-07-20","73","92.63","30"
"SKU_34","2024-07-21","56","90.30","30"
"SKU_34","2024-07-22","95","90.60","30"
"SKU_34","2024-07-23","93","90.37","30"
"SKU_34","2024-07-24","105","90.70","30"
"SKU_34","2024-07-25","74","89.87","30"
"SKU_34","2024-07-26","69","89.00","30"
"SKU_34","2024-07-27","74","87.60","30"
"SKU_34","2024-07-28","63","86.60","30"
"SKU_34","2024-07-29","74","85.90","30"
"SKU_34","2024-07-30","81","84.57","30"
"SKU_34","2024-07-31","73","83.50","30"
"SKU_34","2024-08-01","91","83.43","30"
"SKU_34","2024-08-02","61","82.17","30"
"SKU_34","2024-08-03","101","82.00","30"
"SKU_34","2024-08-04","45","81.30","30"
"SKU_34","2024-08-05","54","80.10","30"
"SKU_34","2024-08-06","66","78.90","30"
"SKU_34","2024-08-07","53","77.13","30"
"SKU_34","2024-08-08","71","76.67","30"
"SKU_34","2024-08-09","53","76.07","30"
"SKU_34","2024-08-10","54","75.63","30"
"SKU_34","2024-08-11","74","75.30","30"
"SKU_34","2024-08-12","64","75.10","30"
"SKU_34","2024-08-13","69","73.63","30"
"SKU_34","2024-08-14","68","72.80","30"
"SKU_34","2024-08-15","65","71.87","30"
"SKU_34","2024-08-16","43","71.27","30"
"SKU_34","2024-08-17","73","70.50","30"
"SKU_34","2024-08-18","77","70.40","30"
"SKU_34","2024-08-19","63","70.07","30"
"SKU_34","2024-08-20","80","70.87","30"
"SKU_34","2024-08-21","56","69.57","30"
"SKU_34","2024-08-22","56","68.33","30"
"SKU_34","2024-08-23","54","66.63","30"
"SKU_34","2024-08-24","47","65.73","30"
"SKU_34","2024-08-25","66","65.63","30"
"SKU_34","2024-08-26","62","65.23","30"
"SKU_34","2024-08-27","52","64.87","30"
"SKU_34","2024-08-28","85","65.23","30"
"SKU_34","2024-08-29","63","64.63","30"
"SKU_34","2024-08-30","64","64.33","30"
"SKU_34","2024-08-31","46","62.83","30"
"SKU_34","2024-09-01","72","63.20","30"
"SKU_34","2024-09-02","63","61.93","30"
"SKU_34","2024-09-03","49","62.07","30"
"SKU_34","2024-09-04","55","62.10","30"
"SKU_34","2024-09-05","29","60.87","30"
"SKU_34","2024-09-06","63","61.20","30"
"SKU_34","2024-09-07","41","60.20","30"
"SKU_34","2024-09-08","58","60.37","30"
"SKU_34","2024-09-09","46","60.10","30"
"SKU_34","2024-09-10","83","60.40","30"
"SKU_34","2024-09-11","42","59.67","30"
"SKU_34","2024-09-12","64","59.50","30"
"SKU_34","2024-09-13","62","59.30","30"
"SKU_34","2024-09-14","46","58.67","30"
"SKU_34","2024-09-15","39","58.53","30"
"SKU_34","2024-09-16","44","57.57","30"
"SKU_34","2024-09-17","40","56.33","30"
"SKU_34","2024-09-18","38","55.50","30"
"SKU_34","2024-09-19","25","53.67","30"
"SKU_34","2024-09-20","65","53.97","30"
"SKU_34","2024-09-21","74","54.57","30"
"SKU_34","2024-09-22","60","54.77","30"
"SKU_34","2024-09-23","55","55.03","30"
"SKU_34","2024-09-24","46","54.37","30"
"SKU_34","2024-09-25","61","54.33","30"
"SKU_34","2024-09-26","42","54.00","30"
"SKU_34","2024-09-27","39","52.47","30"
"SKU_34","2024-09-28","41","51.73","30"
"SKU_34","2024-09-29","48","51.20","30"
"SKU_34","2024-09-30","44","51.13","30"
"SKU_34","2024-10-01","44","50.20","30"
"SKU_34","2024-10-02","60","50.10","30"
"SKU_34","2024-10-03","65","50.63","30"
"SKU_34","2024-10-04","35","49.97","30"
"SKU_34","2024-10-05","30","50.00","30"
"SKU_34","2024-10-06","59","49.87","30"
"SKU_34","2024-10-07","54","50.30","30"
"SKU_34","2024-10-08","45","49.87","30"
"SKU_34","2024-10-09","55","50.17","30"
"SKU_34","2024-10-10","60","49.40","30"
"SKU_34","2024-10-11","61","50.03","30"
"SKU_34","2024-10-12","50","49.57","30"
"SKU_34","2024-10-13","29","48.47","30"
"SKU_34","2024-10-14","49","48.57","30"
"SKU_34","2024-10-15","41","48.63","30"
"SKU_34","2024-10-16","58","49.10","30"
"SKU_34","2024-10-17","68","50.03","30"
"SKU_34","2024-10-18","40","50.10","30"
"SKU_34","2024-10-19","47","50.83","30"
"SKU_34","2024-10-20","56","50.53","30"
"SKU_34","2024-10-21","38","49.33","30"
"SKU_34","2024-10-22","51","49.03","30"
"SKU_34","2024-10-23","52","48.93","30"
"SKU_34","2024-10-24","31","48.43","30"
"SKU_34","2024-10-25","66","48.60","30"
"SKU_34","2024-10-26","57","49.10","30"
"SKU_34","2024-10-27","47","49.37","30"
"SKU_34","2024-10-28","74","50.47","30"
"SKU_34","2024-10-29","50","50.53","30"
"SKU_34","2024-10-30","74","51.53","30"
"SKU_34","2024-10-31","64","52.20","30"
"SKU_34","2024-11-01","65","52.37","30"
"SKU_34","2024-11-02","48","51.80","30"
"SKU_34","2024-11-03","51","52.33","30"
"SKU_34","2024-11-04","57","53.23","30"
"SKU_34","2024-11-05","57","53.17","30"
"SKU_34","2024-11-06","50","53.03","30"
"SKU_34","2024-11-07","66","53.73","30"
"SKU_34","2024-11-08","55","53.73","30"
"SKU_34","2024-11-09","46","53.27","30"
"SKU_34","2024-11-10","76","53.77","30"
"SKU_34","2024-11-11","64","54.23","30"
"SKU_34","2024-11-12","38","54.53","30"
"SKU_34","2024-11-13","81","55.60","30"
"SKU_34","2024-11-14","94","57.37","30"
"SKU_34","2024-11-15","62","57.50","30"
"SKU_34","2024-11-16","63","57.33","30"
"SKU_34","2024-11-17","66","58.20","30"
"SKU_34","2024-11-18","85","59.47","30"
"SKU_34","2024-11-19","71","59.97","30"
"SKU_34","2024-11-20","78","61.30","30"
"SKU_34","2024-11-21","61","61.63","30"
"SKU_34","2024-11-22","54","61.70","30"
"SKU_34","2024-11-23","67","62.90","30"
"SKU_34","2024-11-24","59","62.67","30"
"SKU_34","2024-11-25","73","63.20","30"
"SKU_34","2024-11-26","92","64.70","30"
"SKU_34","2024-11-27","52","63.97","30"
"SKU_34","2024-11-28","93","65.40","30"
"SKU_34","2024-11-29","80","65.60","30"
"SKU_34","2024-11-30","101","66.83","30"
"SKU_34","2024-12-01","73","67.10","30"
"SKU_34","2024-12-02","81","68.20","30"
"SKU_34","2024-12-03","74","68.97","30"
"SKU_34","2024-12-04","89","70.03","30"
"SKU_34","2024-12-05","92","71.20","30"
"SKU_34","2024-12-06","81","72.23","30"
"SKU_34","2024-12-07","83","72.80","30"
"SKU_34","2024-12-08","93","74.07","30"
"SKU_34","2024-12-09","93","75.63","30"
"SKU_34","2024-12-10","98","76.37","30"
"SKU_34","2024-12-11","86","77.10","30"
"SKU_34","2024-12-12","75","78.33","30"
"SKU_34","2024-12-13","95","78.80","30"
"SKU_34","2024-12-14","76","78.20","30"
"SKU_34","2024-12-15","90","79.13","30"
"SKU_34","2024-12-16","84","79.83","30"
"SKU_34","2024-12-17","85","80.47","30"
"SKU_34","2024-12-18","97","80.87","30"
"SKU_34","2024-12-19","100","81.83","30"
"SKU_34","2024-12-20","82","81.97","30"
"SKU_34","2024-12-21","101","83.30","30"
"SKU_34","2024-12-22","94","84.63","30"
"SKU_34","2024-12-23","101","85.77","30"
"SKU_34","2024-12-24","112","87.53","30"
"SKU_34","2024-12-25","106","88.63","30"
"SKU_34","2024-12-26","73","88.00","30"
"SKU_34","2024-12-27","92","89.33","30"
"SKU_34","2024-12-28","92","89.30","30"
"SKU_34","2024-12-29","94","89.77","30"
"SKU_34","2024-12-30","84","89.20","30"
"SKU_35","2024-01-01","96","96.00","1"
"SKU_35","2024-01-02","95","95.50","2"
"SKU_35","2024-01-03","90","93.67","3"
"SKU_35","2024-01-04","104","96.25","4"
"SKU_35","2024-01-05","95","96.00","5"
"SKU_35","2024-01-06","107","97.83","6"
"SKU_35","2024-01-07","104","98.71","7"
"SKU_35","2024-01-08","111","100.25","8"
"SKU_35","2024-01-09","100","100.22","9"
"SKU_35","2024-01-10","118","102.00","10"
"SKU_35","2024-01-11","115","103.18","11"
"SKU_35","2024-01-12","131","105.50","12"
"SKU_35","2024-01-13","110","105.85","13"
"SKU_35","2024-01-14","118","106.71","14"
"SKU_35","2024-01-15","122","107.73","15"
"SKU_35","2024-01-16","113","108.06","16"
"SKU_35","2024-01-17","132","109.47","17"
"SKU_35","2024-01-18","128","110.50","18"
"SKU_35","2024-01-19","111","110.53","19"
"SKU_35","2024-01-20","140","112.00","20"
"SKU_35","2024-01-21","111","111.95","21"
"SKU_35","2024-01-22","110","111.86","22"
"SKU_35","2024-01-23","116","112.04","23"
"SKU_35","2024-01-24","118","112.29","24"
"SKU_35","2024-01-25","133","113.12","25"
"SKU_35","2024-01-26","100","112.62","26"
"SKU_35","2024-01-27","125","113.07","27"
"SKU_35","2024-01-28","134","113.82","28"
"SKU_35","2024-01-29","127","114.28","29"
"SKU_35","2024-01-30","134","114.93","30"
"SKU_35","2024-01-31","99","115.03","30"
"SKU_35","2024-02-01","143","116.63","30"
"SKU_35","2024-02-02","123","117.73","30"
"SKU_35","2024-02-03","124","118.40","30"
"SKU_35","2024-02-04","158","120.50","30"
"SKU_35","2024-02-05","134","121.40","30"
"SKU_35","2024-02-06","134","122.40","30"
"SKU_35","2024-02-07","127","122.93","30"
"SKU_35","2024-02-08","142","124.33","30"
"SKU_35","2024-02-09","128","124.67","30"
"SKU_35","2024-02-10","114","124.63","30"
"SKU_35","2024-02-11","137","124.83","30"
"SKU_35","2024-02-12","127","125.40","30"
"SKU_35","2024-02-13","134","125.93","30"
"SKU_35","2024-02-14","143","126.63","30"
"SKU_35","2024-02-15","148","127.80","30"
"SKU_35","2024-02-16","148","128.33","30"
"SKU_35","2024-02-17","153","129.17","30"
"SKU_35","2024-02-18","134","129.93","30"
"SKU_35","2024-02-19","151","130.30","30"
"SKU_35","2024-02-20","132","131.00","30"
"SKU_35","2024-02-21","133","131.77","30"
"SKU_35","2024-02-22","128","132.17","30"
"SKU_35","2024-02-23","158","133.50","30"
"SKU_35","2024-02-24","154","134.20","30"
"SKU_35","2024-02-25","156","136.07","30"
"SKU_35","2024-02-26","137","136.47","30"
"SKU_35","2024-02-27","145","136.83","30"
"SKU_35","2024-02-28","165","138.10","30"
"SKU_35","2024-02-29","126","137.83","30"
"SKU_35","2024-03-01","126","138.73","30"
"SKU_35","2024-03-02","166","139.50","30"
"SKU_35","2024-03-03","138","140.00","30"
"SKU_35","2024-03-04","142","140.60","30"
"SKU_35","2024-03-05","138","139.93","30"
"SKU_35","2024-03-06","132","139.87","30"
"SKU_35","2024-03-07","151","140.43","30"
"SKU_35","2024-03-08","155","141.37","30"
"SKU_35","2024-03-09","146","141.50","30"
"SKU_35","2024-03-10","159","142.53","30"
"SKU_35","2024-03-11","141","143.43","30"
"SKU_35","2024-03-12","137","143.43","30"
"SKU_35","2024-03-13","129","143.50","30"
"SKU_35","2024-03-14","138","143.63","30"
"SKU_35","2024-03-15","139","143.50","30"
"SKU_35","2024-03-16","161","143.93","30"
"SKU_35","2024-03-17","143","143.77","30"
"SKU_35","2024-03-18","164","144.13","30"
"SKU_35","2024-03-19","141","144.37","30"
"SKU_35","2024-03-20","144","144.13","30"
"SKU_35","2024-03-21","146","144.60","30"
"SKU_35","2024-03-22","154","145.30","30"
"SKU_35","2024-03-23","147","145.93","30"
"SKU_35","2024-03-24","154","145.80","30"
"SKU_35","2024-03-25","140","145.33","30"
"SKU_35","2024-03-26","159","145.43","30"
"SKU_35","2024-03-27","146","145.73","30"
"SKU_35","2024-03-28","141","145.60","30"
"SKU_35","2024-03-29","166","145.63","30"
"SKU_35","2024-03-30","156","146.63","30"
"SKU_35","2024-03-31","122","146.50","30"
"SKU_35","2024-04-01","136","145.50","30"
"SKU_35","2024-04-02","162","146.30","30"
"SKU_35","2024-04-03","158","146.83","30"
"SKU_35","2024-04-04","169","147.87","30"
"SKU_35","2024-04-05","124","147.60","30"
"SKU_35","2024-04-06","144","147.37","30"
"SKU_35","2024-04-07","146","147.07","30"
"SKU_35","2024-04-08","153","147.30","30"
"SKU_35","2024-04-09","163","147.43","30"
"SKU_35","2024-04-10","132","147.13","30"
"SKU_35","2024-04-11","136","147.10","30"
"SKU_35","2024-04-12","152","147.87","30"
"SKU_35","2024-04-13","139","147.90","30"
"SKU_35","2024-04-14","154","148.40","30"
"SKU_35","2024-04-15","154","148.17","30"
"SKU_35","2024-04-16","148","148.33","30"
"SKU_35","2024-04-17","119","146.83","30"
"SKU_35","2024-04-18","150","147.13","30"
"SKU_35","2024-04-19","129","146.63","30"
"SKU_35","2024-04-20","141","146.47","30"
"SKU_35","2024-04-21","173","147.10","30"
"SKU_35","2024-04-22","152","147.27","30"
"SKU_35","2024-04-23","167","147.70","30"
"SKU_35","2024-04-24","141","147.73","30"
"SKU_35","2024-04-25","139","147.07","30"
"SKU_35","2024-04-26","129","146.50","30"
"SKU_35","2024-04-27","170","147.47","30"
"SKU_35","2024-04-28","158","147.20","30"
"SKU_35","2024-04-29","148","146.93","30"
"SKU_35","2024-04-30","155","148.03","30"
"SKU_35","2024-05-01","114","147.30","30"
"SKU_35","2024-05-02","137","146.47","30"
"SKU_35","2024-05-03","133","145.63","30"
"SKU_35","2024-05-04","139","144.63","30"
"SKU_35","2024-05-05","138","145.10","30"
"SKU_35","2024-05-06","141","145.00","30"
"SKU_35","2024-05-07","146","145.00","30"
"SKU_35","2024-05-08","132","144.30","30"
"SKU_35","2024-05-09","132","143.27","30"
"SKU_35","2024-05-10","125","143.03","30"
"SKU_35","2024-05-11","142","143.23","30"
"SKU_35","2024-05-12","154","143.30","30"
"SKU_35","2024-05-13","148","143.60","30"
"SKU_35","2024-05-14","125","142.63","30"
"SKU_35","2024-05-15","156","142.70","30"
"SKU_35","2024-05-16","139","142.40","30"
"SKU_35","2024-05-17","136","142.97","30"
"SKU_35","2024-05-18","123","142.07","30"
"SKU_35","2024-05-19","126","141.97","30"
"SKU_35","2024-05-20","152","142.33","30"
"SKU_35","2024-05-21","148","141.50","30"
"SKU_35","2024-05-22","128","140.70","30"
"SKU_35","2024-05-23","148","140.07","30"
"SKU_35","2024-05-24","126","139.57","30"
"SKU_35","2024-05-25","126","139.13","30"
"SKU_35","2024-05-26","114","138.63","30"
"SKU_35","2024-05-27","131","137.33","30"
"SKU_35","2024-05-28","138","136.67","30"
"SKU_35","2024-05-29","132","136.13","30"
"SKU_35","2024-05-30","107","134.53","30"
"SKU_35","2024-05-31","104","134.20","30"
"SKU_35","2024-06-01","128","133.90","30"
"SKU_35","2024-06-02","105","132.97","30"
"SKU_35","2024-06-03","110","132.00","30"
"SKU_35","2024-06-04","124","131.53","30"
"SKU_35","2024-06-05","116","130.70","30"
"SKU_35","2024-06-06","138","130.43","30"
"SKU_35","2024-06-07","118","129.97","30"
"SKU_35","2024-06-08","115","129.40","30"
"SKU_35","2024-06-09","103","128.67","30"
"SKU_35","2024-06-10","125","128.10","30"
"SKU_35","2024-06-11","122","127.03","30"
"SKU_35","2024-06-12","99","125.40","30"
"SKU_35","2024-06-13","105","124.73","30"
"SKU_35","2024-06-14","92","122.60","30"
"SKU_35","2024-06-15","109","121.60","30"
"SKU_35","2024-06-16","103","120.50","30"
"SKU_35","2024-06-17","104","119.87","30"
"SKU_35","2024-06-18","118","119.60","30"
"SKU_35","2024-06-19","112","118.27","30"
"SKU_35","2024-06-20","102","116.73","30"
"SKU_35","2024-06-21","93","115.57","30"
"SKU_35","2024-06-22","124","114.77","30"
"SKU_35","2024-06-23","99","113.87","30"
"SKU_35","2024-06-24","108","113.27","30"
"SKU_35","2024-06-25","119","113.43","30"
"SKU_35","2024-06-26","91","112.10","30"
"SKU_35","2024-06-27","113","111.27","30"
"SKU_35","2024-06-28","108","110.47","30"
"SKU_35","2024-06-29","107","110.47","30"
"SKU_35","2024-06-30","102","110.40","30"
"SKU_35","2024-07-01","113","109.90","30"
"SKU_35","2024-07-02","97","109.63","30"
"SKU_35","2024-07-03","114","109.77","30"
"SKU_35","2024-07-04","102","109.03","30"
"SKU_35","2024-07-05","92","108.23","30"
"SKU_35","2024-07-06","97","106.87","30"
"SKU_35","2024-07-07","109","106.57","30"
"SKU_35","2024-07-08","89","105.70","30"
"SKU_35","2024-07-09","107","105.83","30"
"SKU_35","2024-07-10","104","105.13","30"
"SKU_35","2024-07-11","91","104.10","30"
"SKU_35","2024-07-12","99","104.10","30"
"SKU_35","2024-07-13","90","103.60","30"
"SKU_35","2024-07-14","77","103.10","30"
"SKU_35","2024-07-15","96","102.67","30"
"SKU_35","2024-07-16","84","102.03","30"
"SKU_35","2024-07-17","87","101.47","30"
"SKU_35","2024-07-18","60","99.53","30"
"SKU_35","2024-07-19","94","98.93","30"
"SKU_35","2024-07-20","67","97.77","30"
"SKU_35","2024-07-21","84","97.47","30"
"SKU_35","2024-07-22","76","95.87","30"
"SKU_35","2024-07-23","76","95.10","30"
"SKU_35","2024-07-24","71","93.87","30"
"SKU_35","2024-07-25","77","92.47","30"
"SKU_35","2024-07-26","84","92.23","30"
"SKU_35","2024-07-27","85","91.30","30"
"SKU_35","2024-07-28","83","90.47","30"
"SKU_35","2024-07-29","63","89.00","30"
"SKU_35","2024-07-30","69","87.90","30"
"SKU_35","2024-07-31","76","86.67","30"
"SKU_35","2024-08-01","82","86.17","30"
"SKU_35","2024-08-02","69","84.67","30"
"SKU_35","2024-08-03","80","83.93","30"
"SKU_35","2024-08-04","68","83.13","30"
"SKU_35","2024-08-05","72","82.30","30"
"SKU_35","2024-08-06","69","80.97","30"
"SKU_35","2024-08-07","66","80.20","30"
"SKU_35","2024-08-08","52","78.37","30"
"SKU_35","2024-08-09","60","76.90","30"
"SKU_35","2024-08-10","71","76.23","30"
"SKU_35","2024-08-11","73","75.37","30"
"SKU_35","2024-08-12","46","73.90","30"
"SKU_35","2024-08-13","58","73.27","30"
"SKU_35","2024-08-14","83","72.83","30"
"SKU_35","2024-08-15","97","73.27","30"
"SKU_35","2024-08-16","55","72.20","30"
"SKU_35","2024-08-17","95","73.37","30"
"SKU_35","2024-08-18","58","72.17","30"
"SKU_35","2024-08-19","68","72.20","30"
"SKU_35","2024-08-20","67","71.63","30"
"SKU_35","2024-08-21","55","70.93","30"
"SKU_35","2024-08-22","58","70.33","30"
"SKU_35","2024-08-23","71","70.33","30"
"SKU_35","2024-08-24","53","69.53","30"
"SKU_35","2024-08-25","56","68.60","30"
"SKU_35","2024-08-26","45","67.27","30"
"SKU_35","2024-08-27","62","66.57","30"
"SKU_35","2024-08-28","37","65.70","30"
"SKU_35","2024-08-29","34","64.53","30"
"SKU_35","2024-08-30","54","63.80","30"
"SKU_35","2024-08-31","40","62.40","30"
"SKU_35","2024-09-01","61","62.13","30"
"SKU_35","2024-09-02","63","61.57","30"
"SKU_35","2024-09-03","48","60.90","30"
"SKU_35","2024-09-04","36","59.70","30"
"SKU_35","2024-09-05","43","58.83","30"
"SKU_35","2024-09-06","58","58.57","30"
"SKU_35","2024-09-07","63","58.93","30"
"SKU_35","2024-09-08","47","58.50","30"
"SKU_35","2024-09-09","61","58.17","30"
"SKU_35","2024-09-10","64","57.87","30"
"SKU_35","2024-09-11","34","57.47","30"
"SKU_35","2024-09-12","38","56.80","30"
"SKU_35","2024-09-13","49","55.67","30"
"SKU_35","2024-09-14","45","53.93","30"
"SKU_35","2024-09-15","43","53.53","30"
"SKU_35","2024-09-16","55","52.20","30"
"SKU_35","2024-09-17","48","51.87","30"
"SKU_35","2024-09-18","55","51.43","30"
"SKU_35","2024-09-19","35","50.37","30"
"SKU_35","2024-09-20","25","49.37","30"
"SKU_35","2024-09-21","40","48.77","30"
"SKU_35","2024-09-22","63","48.50","30"
"SKU_35","2024-09-23","59","48.70","30"
"SKU_35","2024-09-24","47","48.40","30"
"SKU_35","2024-09-25","41","48.27","30"
"SKU_35","2024-09-26","55","48.03","30"
"SKU_35","2024-09-27","52","48.53","30"
"SKU_35","2024-09-28","30","48.40","30"
"SKU_35","2024-09-29","63","48.70","30"
"SKU_35","2024-09-30","46","48.90","30"
"SKU_35","2024-10-01","47","48.43","30"
"SKU_35","2024-10-02","47","47.90","30"
"SKU_35","2024-10-03","36","47.50","30"
"SKU_35","2024-10-04","44","47.77","30"
"SKU_35","2024-10-05","61","48.37","30"
"SKU_35","2024-10-06","65","48.60","30"
"SKU_35","2024-10-07","34","47.63","30"
"SKU_35","2024-10-08","47","47.63","30"
"SKU_35","2024-10-09","62","47.67","30"
"SKU_35","2024-10-10","48","47.13","30"
"SKU_35","2024-10-11","49","47.63","30"
"SKU_35","2024-10-12","53","48.13","30"
"SKU_35","2024-10-13","42","47.90","30"
"SKU_35","2024-10-14","70","48.73","30"
"SKU_35","2024-10-15","61","49.33","30"
"SKU_35","2024-10-16","60","49.50","30"
"SKU_35","2024-10-17","73","50.33","30"
"SKU_35","2024-10-18","51","50.20","30"
"SKU_35","2024-10-19","70","51.37","30"
"SKU_35","2024-10-20","60","52.53","30"
"SKU_35","2024-10-21","34","52.33","30"
"SKU_35","2024-10-22","40","51.57","30"
"SKU_35","2024-10-23","46","51.13","30"
"SKU_35","2024-10-24","58","51.50","30"
"SKU_35","2024-10-25","45","51.63","30"
"SKU_35","2024-10-26","41","51.17","30"
"SKU_35","2024-10-27","62","51.50","30"
"SKU_35","2024-10-28","74","52.97","30"
"SKU_35","2024-10-29","56","52.73","30"
"SKU_35","2024-10-30","60","53.20","30"
"SKU_35","2024-10-31","45","53.13","30"
"SKU_35","2024-11-01","50","53.23","30"
"SKU_35","2024-11-02","68","54.30","30"
"SKU_35","2024-11-03","62","54.90","30"
"SKU_35","2024-11-04","73","55.30","30"
"SKU_35","2024-11-05","43","54.57","30"
"SKU_35","2024-11-06","71","55.80","30"
"SKU_35","2024-11-07","90","57.23","30"
"SKU_35","2024-11-08","66","57.37","30"
"SKU_35","2024-11-09","55","57.60","30"
"SKU_35","2024-11-10","44","57.43","30"
"SKU_35","2024-11-11","68","57.93","30"
"SKU_35","2024-11-12","62","58.60","30"
"SKU_35","2024-11-13","70","58.60","30"
"SKU_35","2024-11-14","60","58.57","30"
"SKU_35","2024-11-15","69","58.87","30"
"SKU_35","2024-11-16","61","58.47","30"
"SKU_35","2024-11-17","61","58.80","30"
"SKU_35","2024-11-18","63","58.57","30"
"SKU_35","2024-11-19","91","59.60","30"
"SKU_35","2024-11-20","69","60.77","30"
"SKU_35","2024-11-21","79","62.07","30"
"SKU_35","2024-11-22","68","62.80","30"
"SKU_35","2024-11-23","93","63.97","30"
"SKU_35","2024-11-24","82","65.20","30"
"SKU_35","2024-11-25","60","65.83","30"
"SKU_35","2024-11-26","77","66.33","30"
"SKU_35","2024-11-27","81","66.57","30"
"SKU_35","2024-11-28","92","67.77","30"
"SKU_35","2024-11-29","81","68.47","30"
"SKU_35","2024-11-30","63","69.07","30"
"SKU_35","2024-12-01","66","69.60","30"
"SKU_35","2024-12-02","96","70.53","30"
"SKU_35","2024-12-03","66","70.67","30"
"SKU_35","2024-12-04","77","70.80","30"
"SKU_35","2024-12-05","77","71.93","30"
"SKU_35","2024-12-06","84","72.37","30"
"SKU_35","2024-12-07","88","72.30","30"
"SKU_35","2024-12-08","80","72.77","30"
"SKU_35","2024-12-09","98","74.20","30"
"SKU_35","2024-12-10","88","75.67","30"
"SKU_35","2024-12-11","90","76.40","30"
"SKU_35","2024-12-12","79","76.97","30"
"SKU_35","2024-12-13","86","77.50","30"
"SKU_35","2024-12-14","76","78.03","30"
"SKU_35","2024-12-15","82","78.47","30"
"SKU_35","2024-12-16","101","79.80","30"
"SKU_35","2024-12-17","76","80.30","30"
"SKU_35","2024-12-18","85","81.03","30"
"SKU_35","2024-12-19","77","80.57","30"
"SKU_35","2024-12-20","82","81.00","30"
"SKU_35","2024-12-21","107","81.93","30"
"SKU_35","2024-12-22","98","82.93","30"
"SKU_35","2024-12-23","84","82.63","30"
"SKU_35","2024-12-24","96","83.10","30"
"SKU_35","2024-12-25","107","84.67","30"
"SKU_35","2024-12-26","106","85.63","30"
"SKU_35","2024-12-27","95","86.10","30"
"SKU_35","2024-12-28","92","86.10","30"
"SKU_35","2024-12-29","83","86.17","30"
"SKU_35","2024-12-30","75","86.57","30"
"SKU_36","2024-01-01","112","112.00","1"
"SKU_36","2024-01-02","103","107.50","2"
"SKU_36","2024-01-03","112","109.00","3"
"SKU_36","2024-01-04","109","109.00","4"
"SKU_36","2024-01-05","124","112.00","5"
"SKU_36","2024-01-06","105","110.83","6"
"SKU_36","2024-01-07","113","111.14","7"
"SKU_36","2024-01-08","107","110.63","8"
"SKU_36","2024-01-09","103","109.78","9"
"SKU_36","2024-01-10","84","107.20","10"
"SKU_36","2024-01-11","122","108.55","11"
"SKU_36","2024-01-12","138","111.00","12"
"SKU_36","2024-01-13","108","110.77","13"
"SKU_36","2024-01-14","116","111.14","14"
"SKU_36","2024-01-15","108","110.93","15"
"SKU_36","2024-01-16","108","110.75","16"
"SKU_36","2024-01-17","125","111.59","17"
"SKU_36","2024-01-18","105","111.22","18"
"SKU_36","2024-01-19","122","111.79","19"
"SKU_36","2024-01-20","119","112.15","20"
"SKU_36","2024-01-21","102","111.67","21"
"SKU_36","2024-01-22","145","113.18","22"
"SKU_36","2024-01-23","136","114.17","23"
"SKU_36","2024-01-24","105","113.79","24"
"SKU_36","2024-01-25","119","114.00","25"
"SKU_36","2024-01-26","117","114.12","26"
"SKU_36","2024-01-27","98","113.52","27"
"SKU_36","2024-01-28","128","114.04","28"
"SKU_36","2024-01-29","139","114.90","29"
"SKU_36","2024-01-30","136","115.60","30"
"SKU_36","2024-01-31","126","116.07","30"
"SKU_36","2024-02-01","142","117.37","30"
"SKU_36","2024-02-02","104","117.10","30"
"SKU_36","2024-02-03","124","117.60","30"
"SKU_36","2024-02-04","129","117.77","30"
"SKU_36","2024-02-05","129","118.57","30"
"SKU_36","2024-02-06","148","119.73","30"
"SKU_36","2024-02-07","128","120.43","30"
"SKU_36","2024-02-08","126","121.20","30"
"SKU_36","2024-02-09","145","123.23","30"
"SKU_36","2024-02-10","152","124.23","30"
"SKU_36","2024-02-11","93","122.73","30"
"SKU_36","2024-02-12","126","123.33","30"
"SKU_36","2024-02-13","152","124.53","30"
"SKU_36","2024-02-14","134","125.40","30"
"SKU_36","2024-02-15","119","125.77","30"
"SKU_36","2024-02-16","127","125.83","30"
"SKU_36","2024-02-17","124","126.47","30"
"SKU_36","2024-02-18","138","127.00","30"
"SKU_36","2024-02-19","128","127.30","30"
"SKU_36","2024-02-20","140","128.57","30"
"SKU_36","2024-02-21","102","127.13","30"
"SKU_36","2024-02-22","127","126.83","30"
"SKU_36","2024-02-23","162","128.73","30"
"SKU_36","2024-02-24","141","129.47","30"
"SKU_36","2024-02-25","157","130.80","30"
"SKU_36","2024-02-26","162","132.93","30"
"SKU_36","2024-02-27","134","133.13","30"
"SKU_36","2024-02-28","142","133.23","30"
"SKU_36","2024-02-29","156","133.90","30"
"SKU_36","2024-03-01","152","134.77","30"
"SKU_36","2024-03-02","133","134.47","30"
"SKU_36","2024-03-03","135","135.50","30"
"SKU_36","2024-03-04","128","135.63","30"
"SKU_36","2024-03-05","132","135.73","30"
"SKU_36","2024-03-06","165","136.93","30"
"SKU_36","2024-03-07","156","137.20","30"
"SKU_36","2024-03-08","163","138.37","30"
"SKU_36","2024-03-09","135","138.67","30"
"SKU_36","2024-03-10","133","138.27","30"
"SKU_36","2024-03-11","160","138.53","30"
"SKU_36","2024-03-12","146","140.30","30"
"SKU_36","2024-03-13","153","141.20","30"
"SKU_36","2024-03-14","164","141.60","30"
"SKU_36","2024-03-15","179","143.10","30"
"SKU_36","2024-03-16","140","143.80","30"
"SKU_36","2024-03-17","145","144.40","30"
"SKU_36","2024-03-18","126","144.47","30"
"SKU_36","2024-03-19","149","144.83","30"
"SKU_36","2024-03-20","136","145.10","30"
"SKU_36","2024-03-21","142","145.17","30"
"SKU_36","2024-03-22","148","146.70","30"
"SKU_36","2024-03-23","157","147.70","30"
"SKU_36","2024-03-24","181","148.33","30"
"SKU_36","2024-03-25","175","149.47","30"
"SKU_36","2024-03-26","162","149.63","30"
"SKU_36","2024-03-27","134","148.70","30"
"SKU_36","2024-03-28","132","148.63","30"
"SKU_36","2024-03-29","143","148.67","30"
"SKU_36","2024-03-30","157","148.70","30"
"SKU_36","2024-03-31","144","148.43","30"
"SKU_36","2024-04-01","172","149.73","30"
"SKU_36","2024-04-02","152","150.30","30"
"SKU_36","2024-04-03","167","151.60","30"
"SKU_36","2024-04-04","169","152.83","30"
"SKU_36","2024-04-05","158","152.60","30"
"SKU_36","2024-04-06","147","152.30","30"
"SKU_36","2024-04-07","150","151.87","30"
"SKU_36","2024-04-08","143","152.13","30"
"SKU_36","2024-04-09","129","152.00","30"
"SKU_36","2024-04-10","165","152.17","30"
"SKU_36","2024-04-11","136","151.83","30"
"SKU_36","2024-04-12","134","151.20","30"
"SKU_36","2024-04-13","126","149.93","30"
"SKU_36","2024-04-14","171","149.67","30"
"SKU_36","2024-04-15","163","150.43","30"
"SKU_36","2024-04-16","147","150.50","30"
"SKU_36","2024-04-17","161","151.67","30"
"SKU_36","2024-04-18","158","151.97","30"
"SKU_36","2024-04-19","149","152.40","30"
"SKU_36","2024-04-20","155","152.83","30"
"SKU_36","2024-04-21","151","152.93","30"
"SKU_36","2024-04-22","146","152.57","30"
"SKU_36","2024-04-23","171","152.23","30"
"SKU_36","2024-04-24","131","150.77","30"
"SKU_36","2024-04-25","134","149.83","30"
"SKU_36","2024-04-26","141","150.07","30"
"SKU_36","2024-04-27","145","150.50","30"
"SKU_36","2024-04-28","146","150.60","30"
"SKU_36","2024-04-29","141","150.07","30"
"SKU_36","2024-04-30","143","150.03","30"
"SKU_36","2024-05-01","160","149.63","30"
"SKU_36","2024-05-02","143","149.33","30"
"SKU_36","2024-05-03","156","148.97","30"
"SKU_36","2024-05-04","136","147.87","30"
"SKU_36","2024-05-05","142","147.33","30"
"SKU_36","2024-05-06","137","147.00","30"
"SKU_36","2024-05-07","147","146.90","30"
"SKU_36","2024-05-08","140","146.80","30"
"SKU_36","2024-05-09","141","147.20","30"
"SKU_36","2024-05-10","144","146.50","30"
"SKU_36","2024-05-11","140","146.63","30"
"SKU_36","2024-05-12","149","147.13","30"
"SKU_36","2024-05-13","137","147.50","30"
"SKU_36","2024-05-14","124","145.93","30"
"SKU_36","2024-05-15","137","145.07","30"
"SKU_36","2024-05-16","146","145.03","30"
"SKU_36","2024-05-17","135","144.17","30"
"SKU_36","2024-05-18","116","142.77","30"
"SKU_36","2024-05-19","133","142.23","30"
"SKU_36","2024-05-20","133","141.50","30"
"SKU_36","2024-05-21","140","141.13","30"
"SKU_36","2024-05-22","127","140.50","30"
"SKU_36","2024-05-23","159","140.10","30"
"SKU_36","2024-05-24","139","140.37","30"
"SKU_36","2024-05-25","105","139.40","30"
"SKU_36","2024-05-26","134","139.17","30"
"SKU_36","2024-05-27","133","138.77","30"
"SKU_36","2024-05-28","130","138.23","30"
"SKU_36","2024-05-29","114","137.33","30"
"SKU_36","2024-05-30","115","136.40","30"
"SKU_36","2024-05-31","138","135.67","30"
"SKU_36","2024-06-01","117","134.80","30"
"SKU_36","2024-06-02","128","133.87","30"
"SKU_36","2024-06-03","132","133.73","30"
"SKU_36","2024-06-04","145","133.83","30"
"SKU_36","2024-06-05","126","133.47","30"
"SKU_36","2024-06-06","110","132.23","30"
"SKU_36","2024-06-07","111","131.27","30"
"SKU_36","2024-06-08","105","130.07","30"
"SKU_36","2024-06-09","136","129.80","30"
"SKU_36","2024-06-10","121","129.17","30"
"SKU_36","2024-06-11","100","127.53","30"
"SKU_36","2024-06-12","114","126.77","30"
"SKU_36","2024-06-13","101","126.00","30"
"SKU_36","2024-06-14","119","125.40","30"
"SKU_36","2024-06-15","126","124.73","30"
"SKU_36","2024-06-16","108","123.83","30"
"SKU_36","2024-06-17","140","124.63","30"
"SKU_36","2024-06-18","126","124.40","30"
"SKU_36","2024-06-19","91","123.00","30"
"SKU_36","2024-06-20","97","121.57","30"
"SKU_36","2024-06-21","122","121.40","30"
"SKU_36","2024-06-22","118","120.03","30"
"SKU_36","2024-06-23","109","119.03","30"
"SKU_36","2024-06-24","123","119.63","30"
"SKU_36","2024-06-25","100","118.50","30"
"SKU_36","2024-06-26","100","117.40","30"
"SKU_36","2024-06-27","111","116.77","30"
"SKU_36","2024-06-28","99","116.27","30"
"SKU_36","2024-06-29","99","115.73","30"
"SKU_36","2024-06-30","87","114.03","30"
"SKU_36","2024-07-01","82","112.87","30"
"SKU_36","2024-07-02","103","112.03","30"
"SKU_36","2024-07-03","91","110.67","30"
"SKU_36","2024-07-04","90","108.83","30"
"SKU_36","2024-07-05","120","108.63","30"
"SKU_36","2024-07-06","104","108.43","30"
"SKU_36","2024-07-07","84","107.53","30"
"SKU_36","2024-07-08","96","107.23","30"
"SKU_36","2024-07-09","112","106.43","30"
"SKU_36","2024-07-10","99","105.70","30"
"SKU_36","2024-07-11","100","105.70","30"
"SKU_36","2024-07-12","71","104.27","30"
"SKU_36","2024-07-13","84","103.70","30"
"SKU_36","2024-07-14","75","102.23","30"
"SKU_36","2024-07-15","82","100.77","30"
"SKU_36","2024-07-16","83","99.93","30"
"SKU_36","2024-07-17","101","98.63","30"
"SKU_36","2024-07-18","91","97.47","30"
"SKU_36","2024-07-19","69","96.73","30"
"SKU_36","2024-07-20","80","96.17","30"
"SKU_36","2024-07-21","93","95.20","30"
"SKU_36","2024-07-22","85","94.10","30"
"SKU_36","2024-07-23","86","93.33","30"
"SKU_36","2024-07-24","87","92.13","30"
"SKU_36","2024-07-25","82","91.53","30"
"SKU_36","2024-07-26","106","91.73","30"
"SKU_36","2024-07-27","74","90.50","30"
"SKU_36","2024-07-28","95","90.37","30"
"SKU_36","2024-07-29","73","89.50","30"
"SKU_36","2024-07-30","62","88.67","30"
"SKU_36","2024-07-31","74","88.40","30"
"SKU_36","2024-08-01","64","87.10","30"
"SKU_36","2024-08-02","82","86.80","30"
"SKU_36","2024-08-03","57","85.70","30"
"SKU_36","2024-08-04","70","84.03","30"
"SKU_36","2024-08-05","50","82.23","30"
"SKU_36","2024-08-06","82","82.17","30"
"SKU_36","2024-08-07","66","81.17","30"
"SKU_36","2024-08-08","79","80.07","30"
"SKU_36","2024-08-09","65","78.93","30"
"SKU_36","2024-08-10","64","77.73","30"
"SKU_36","2024-08-11","79","78.00","30"
"SKU_36","2024-08-12","54","77.00","30"
"SKU_36","2024-08-13","52","76.23","30"
"SKU_36","2024-08-14","54","75.30","30"
"SKU_36","2024-08-15","51","74.23","30"
"SKU_36","2024-08-16","62","72.93","30"
"SKU_36","2024-08-17","47","71.47","30"
"SKU_36","2024-08-18","55","71.00","30"
"SKU_36","2024-08-19","72","70.73","30"
"SKU_36","2024-08-20","59","69.60","30"
"SKU_36","2024-08-21","65","68.93","30"
"SKU_36","2024-08-22","79","68.70","30"
"SKU_36","2024-08-23","78","68.40","30"
"SKU_36","2024-08-24","65","67.83","30"
"SKU_36","2024-08-25","66","66.50","30"
"SKU_36","2024-08-26","64","66.17","30"
"SKU_36","2024-08-27","43","64.43","30"
"SKU_36","2024-08-28","41","63.37","30"
"SKU_36","2024-08-29","58","63.23","30"
"SKU_36","2024-08-30","56","62.63","30"
"SKU_36","2024-08-31","39","61.80","30"
"SKU_36","2024-09-01","34","60.20","30"
"SKU_36","2024-09-02","44","59.77","30"
"SKU_36","2024-09-03","64","59.57","30"
"SKU_36","2024-09-04","50","59.57","30"
"SKU_36","2024-09-05","45","58.33","30"
"SKU_36","2024-09-06","52","57.87","30"
"SKU_36","2024-09-07","43","56.67","30"
"SKU_36","2024-09-08","69","56.80","30"
"SKU_36","2024-09-09","65","56.83","30"
"SKU_36","2024-09-10","48","55.80","30"
"SKU_36","2024-09-11","42","55.40","30"
"SKU_36","2024-09-12","76","56.20","30"
"SKU_36","2024-09-13","52","56.13","30"
"SKU_36","2024-09-14","42","55.83","30"
"SKU_36","2024-09-15","60","55.77","30"
"SKU_36","2024-09-16","56","56.07","30"
"SKU_36","2024-09-17","55","56.07","30"
"SKU_36","2024-09-18","62","55.73","30"
"SKU_36","2024-09-19","52","55.50","30"
"SKU_36","2024-09-20","67","55.57","30"
"SKU_36","2024-09-21","52","54.67","30"
"SKU_36","2024-09-22","41","53.43","30"
"SKU_36","2024-09-23","48","52.87","30"
"SKU_36","2024-09-24","46","52.20","30"
"SKU_36","2024-09-25","63","52.17","30"
"SKU_36","2024-09-26","44","52.20","30"
"SKU_36","2024-09-27","59","52.80","30"
"SKU_36","2024-09-28","38","52.13","30"
"SKU_36","2024-09-29","40","51.60","30"
"SKU_36","2024-09-30","38","51.57","30"
"SKU_36","2024-10-01","67","52.67","30"
"SKU_36","2024-10-02","29","52.17","30"
"SKU_36","2024-10-03","56","51.90","30"
"SKU_36","2024-10-04","51","51.93","30"
"SKU_36","2024-10-05","41","51.80","30"
"SKU_36","2024-10-06","61","52.10","30"
"SKU_36","2024-10-07","41","52.03","30"
"SKU_36","2024-10-08","63","51.83","30"
"SKU_36","2024-10-09","51","51.37","30"
"SKU_36","2024-10-10","51","51.47","30"
"SKU_36","2024-10-11","65","52.23","30"
"SKU_36","2024-10-12","27","50.60","30"
"SKU_36","2024-10-13","69","51.17","30"
"SKU_36","2024-10-14","76","52.30","30"
"SKU_36","2024-10-15","60","52.30","30"
"SKU_36","2024-10-16","37","51.67","30"
"SKU_36","2024-10-17","47","51.40","30"
"SKU_36","2024-10-18","40","50.67","30"
"SKU_36","2024-10-19","58","50.87","30"
"SKU_36","2024-10-20","55","50.47","30"
"SKU_36","2024-10-21","40","50.07","30"
"SKU_36","2024-10-22","58","50.63","30"
"SKU_36","2024-10-23","57","50.93","30"
"SKU_36","2024-10-24","50","51.07","30"
"SKU_36","2024-10-25","43","50.40","30"
"SKU_36","2024-10-26","41","50.30","30"
"SKU_36","2024-10-27","67","50.57","30"
"SKU_36","2024-10-28","58","51.23","30"
"SKU_36","2024-10-29","73","52.33","30"
"SKU_36","2024-10-30","46","52.60","30"
"SKU_36","2024-10-31","69","52.67","30"
"SKU_36","2024-11-01","53","53.47","30"
"SKU_36","2024-11-02","60","53.60","30"
"SKU_36","2024-11-03","56","53.77","30"
"SKU_36","2024-11-04","48","54.00","30"
"SKU_36","2024-11-05","61","54.00","30"
"SKU_36","2024-11-06","74","55.10","30"
"SKU_36","2024-11-07","65","55.17","30"
"SKU_36","2024-11-08","46","55.00","30"
"SKU_36","2024-11-09","63","55.40","30"
"SKU_36","2024-11-10","59","55.20","30"
"SKU_36","2024-11-11","52","56.03","30"
"SKU_36","2024-11-12","73","56.17","30"
"SKU_36","2024-11-13","61","55.67","30"
"SKU_36","2024-11-14","51","55.37","30"
"SKU_36","2024-11-15","60","56.13","30"
"SKU_36","2024-11-16","56","56.43","30"
"SKU_36","2024-11-17","35","56.27","30"
"SKU_36","2024-11-18","80","57.00","30"
"SKU_36","2024-11-19","60","57.17","30"
"SKU_36","2024-11-20","68","58.10","30"
"SKU_36","2024-11-21","60","58.17","30"
"SKU_36","2024-11-22","61","58.30","30"
"SKU_36","2024-11-23","75","59.13","30"
"SKU_36","2024-11-24","72","60.10","30"
"SKU_36","2024-11-25","81","61.43","30"
"SKU_36","2024-11-26","56","61.07","30"
"SKU_36","2024-11-27","68","61.40","30"
"SKU_36","2024-11-28","51","60.67","30"
"SKU_36","2024-11-29","77","61.70","30"
"SKU_36","2024-11-30","88","62.33","30"
"SKU_36","2024-12-01","84","63.37","30"
"SKU_36","2024-12-02","65","63.53","30"
"SKU_36","2024-12-03","58","63.60","30"
"SKU_36","2024-12-04","82","64.73","30"
"SKU_36","2024-12-05","86","65.57","30"
"SKU_36","2024-12-06","73","65.53","30"
"SKU_36","2024-12-07","98","66.63","30"
"SKU_36","2024-12-08","63","67.20","30"
"SKU_36","2024-12-09","73","67.53","30"
"SKU_36","2024-12-10","65","67.73","30"
"SKU_36","2024-12-11","85","68.83","30"
"SKU_36","2024-12-12","63","68.50","30"
"SKU_36","2024-12-13","93","69.57","30"
"SKU_36","2024-12-14","107","71.43","30"
"SKU_36","2024-12-15","94","72.57","30"
"SKU_36","2024-12-16","98","73.97","30"
"SKU_36","2024-12-17","89","75.77","30"
"SKU_36","2024-12-18","98","76.37","30"
"SKU_36","2024-12-19","80","77.03","30"
"SKU_36","2024-12-20","91","77.80","30"
"SKU_36","2024-12-21","98","79.07","30"
"SKU_36","2024-12-22","80","79.70","30"
"SKU_36","2024-12-23","84","80.00","30"
"SKU_36","2024-12-24","99","80.90","30"
"SKU_36","2024-12-25","126","82.40","30"
"SKU_36","2024-12-26","100","83.87","30"
"SKU_36","2024-12-27","82","84.33","30"
"SKU_36","2024-12-28","92","85.70","30"
"SKU_36","2024-12-29","124","87.27","30"
"SKU_36","2024-12-30","106","87.87","30"
"SKU_37","2024-01-01","91","91.00","1"
"SKU_37","2024-01-02","100","95.50","2"
"SKU_37","2024-01-03","116","102.33","3"
"SKU_37","2024-01-04","103","102.50","4"
"SKU_37","2024-01-05","94","100.80","5"
"SKU_37","2024-01-06","129","105.50","6"
"SKU_37","2024-01-07","87","102.86","7"
"SKU_37","2024-01-08","103","102.88","8"
"SKU_37","2024-01-09","119","104.67","9"
"SKU_37","2024-01-10","129","107.10","10"
"SKU_37","2024-01-11","119","108.18","11"
"SKU_37","2024-01-12","120","109.17","12"
"SKU_37","2024-01-13","121","110.08","13"
"SKU_37","2024-01-14","100","109.36","14"
"SKU_37","2024-01-15","125","110.40","15"
"SKU_37","2024-01-16","115","110.69","16"
"SKU_37","2024-01-17","113","110.82","17"
"SKU_37","2024-01-18","91","109.72","18"
"SKU_37","2024-01-19","126","110.58","19"
"SKU_37","2024-01-20","113","110.70","20"
"SKU_37","2024-01-21","136","111.90","21"
"SKU_37","2024-01-22","140","113.18","22"
"SKU_37","2024-01-23","102","112.70","23"
"SKU_37","2024-01-24","123","113.13","24"
"SKU_37","2024-01-25","110","113.00","25"
"SKU_37","2024-01-26","107","112.77","26"
"SKU_37","2024-01-27","128","113.33","27"
"SKU_37","2024-01-28","125","113.75","28"
"SKU_37","2024-01-29","136","114.52","29"
"SKU_37","2024-01-30","138","115.30","30"
"SKU_37","2024-01-31","133","116.70","30"
"SKU_37","2024-02-01","135","117.87","30"
"SKU_37","2024-02-02","143","118.77","30"
"SKU_37","2024-02-03","158","120.60","30"
"SKU_37","2024-02-04","134","121.93","30"
"SKU_37","2024-02-05","127","121.87","30"
"SKU_37","2024-02-06","148","123.90","30"
"SKU_37","2024-02-07","109","124.10","30"
"SKU_37","2024-02-08","128","124.40","30"
"SKU_37","2024-02-09","144","124.90","30"
"SKU_37","2024-02-10","115","124.77","30"
"SKU_37","2024-02-11","144","125.57","30"
"SKU_37","2024-02-12","119","125.50","30"
"SKU_37","2024-02-13","134","126.63","30"
"SKU_37","2024-02-14","131","126.83","30"
"SKU_37","2024-02-15","129","127.30","30"
"SKU_37","2024-02-16","141","128.23","30"
"SKU_37","2024-02-17","127","129.43","30"
"SKU_37","2024-02-18","134","129.70","30"
"SKU_37","2024-02-19","152","131.00","30"
"SKU_37","2024-02-20","156","131.67","30"
"SKU_37","2024-02-21","151","132.03","30"
"SKU_37","2024-02-22","114","132.43","30"
"SKU_37","2024-02-23","140","133.00","30"
"SKU_37","2024-02-24","137","133.90","30"
"SKU_37","2024-02-25","135","134.83","30"
"SKU_37","2024-02-26","130","134.90","30"
"SKU_37","2024-02-27","155","135.90","30"
"SKU_37","2024-02-28","128","135.63","30"
"SKU_37","2024-02-29","171","136.73","30"
"SKU_37","2024-03-01","141","137.00","30"
"SKU_37","2024-03-02","150","137.50","30"
"SKU_37","2024-03-03","149","137.70","30"
"SKU_37","2024-03-04","150","137.43","30"
"SKU_37","2024-03-05","155","138.13","30"
"SKU_37","2024-03-06","158","139.17","30"
"SKU_37","2024-03-07","136","138.77","30"
"SKU_37","2024-03-08","150","140.13","30"
"SKU_37","2024-03-09","143","140.63","30"
"SKU_37","2024-03-10","139","140.47","30"
"SKU_37","2024-03-11","162","142.03","30"
"SKU_37","2024-03-12","159","142.53","30"
"SKU_37","2024-03-13","143","143.33","30"
"SKU_37","2024-03-14","143","143.63","30"
"SKU_37","2024-03-15","144","144.07","30"
"SKU_37","2024-03-16","167","145.33","30"
"SKU_37","2024-03-17","158","145.90","30"
"SKU_37","2024-03-18","139","146.30","30"
"SKU_37","2024-03-19","154","146.97","30"
"SKU_37","2024-03-20","162","147.30","30"
"SKU_37","2024-03-21","136","146.63","30"
"SKU_37","2024-03-22","159","146.90","30"
"SKU_37","2024-03-23","155","148.27","30"
"SKU_37","2024-03-24","137","148.17","30"
"SKU_37","2024-03-25","158","148.87","30"
"SKU_37","2024-03-26","161","149.73","30"
"SKU_37","2024-03-27","152","150.47","30"
"SKU_37","2024-03-28","174","151.10","30"
"SKU_37","2024-03-29","175","152.67","30"
"SKU_37","2024-03-30","167","152.53","30"
"SKU_37","2024-03-31","153","152.93","30"
"SKU_37","2024-04-01","160","153.27","30"
"SKU_37","2024-04-02","153","153.40","30"
"SKU_37","2024-04-03","157","153.63","30"
"SKU_37","2024-04-04","168","154.07","30"
"SKU_37","2024-04-05","147","153.70","30"
"SKU_37","2024-04-06","147","154.07","30"
"SKU_37","2024-04-07","156","154.27","30"
"SKU_37","2024-04-08","142","154.23","30"
"SKU_37","2024-04-09","154","154.73","30"
"SKU_37","2024-04-10","160","154.67","30"
"SKU_37","2024-04-11","147","154.27","30"
"SKU_37","2024-04-12","148","154.43","30"
"SKU_37","2024-04-13","147","154.57","30"
"SKU_37","2024-04-14","161","155.13","30"
"SKU_37","2024-04-15","138","154.17","30"
"SKU_37","2024-04-16","168","154.50","30"
"SKU_37","2024-04-17","142","154.60","30"
"SKU_37","2024-04-18","142","154.20","30"
"SKU_37","2024-04-19","141","153.50","30"
"SKU_37","2024-04-20","183","155.07","30"
"SKU_37","2024-04-21","133","154.20","30"
"SKU_37","2024-04-22","166","154.57","30"
"SKU_37","2024-04-23","155","155.17","30"
"SKU_37","2024-04-24","159","155.20","30"
"SKU_37","2024-04-25","135","154.33","30"
"SKU_37","2024-04-26","139","153.90","30"
"SKU_37","2024-04-27","152","153.17","30"
"SKU_37","2024-04-28","153","152.43","30"
"SKU_37","2024-04-29","132","151.27","30"
"SKU_37","2024-04-30","137","150.73","30"
"SKU_37","2024-05-01","141","150.10","30"
"SKU_37","2024-05-02","157","150.23","30"
"SKU_37","2024-05-03","132","149.40","30"
"SKU_37","2024-05-04","128","148.07","30"
"SKU_37","2024-05-05","152","148.23","30"
"SKU_37","2024-05-06","141","148.03","30"
"SKU_37","2024-05-07","129","147.13","30"
"SKU_37","2024-05-08","143","147.17","30"
"SKU_37","2024-05-09","151","147.07","30"
"SKU_37","2024-05-10","142","146.47","30"
"SKU_37","2024-05-11","178","147.50","30"
"SKU_37","2024-05-12","135","147.07","30"
"SKU_37","2024-05-13","122","146.23","30"
"SKU_37","2024-05-14","132","145.27","30"
"SKU_37","2024-05-15","142","145.40","30"
"SKU_37","2024-05-16","152","144.87","30"
"SKU_37","2024-05-17","128","144.40","30"
"SKU_37","2024-05-18","149","144.63","30"
"SKU_37","2024-05-19","133","144.37","30"
"SKU_37","2024-05-20","125","142.43","30"
"SKU_37","2024-05-21","142","142.73","30"
"SKU_37","2024-05-22","133","141.63","30"
"SKU_37","2024-05-23","164","141.93","30"
"SKU_37","2024-05-24","112","140.37","30"
"SKU_37","2024-05-25","131","140.23","30"
"SKU_37","2024-05-26","128","139.87","30"
"SKU_37","2024-05-27","133","139.23","30"
"SKU_37","2024-05-28","142","138.87","30"
"SKU_37","2024-05-29","114","138.27","30"
"SKU_37","2024-05-30","101","137.07","30"
"SKU_37","2024-05-31","124","136.50","30"
"SKU_37","2024-06-01","111","134.97","30"
"SKU_37","2024-06-02","126","134.77","30"
"SKU_37","2024-06-03","128","134.77","30"
"SKU_37","2024-06-04","124","133.83","30"
"SKU_37","2024-06-05","135","133.63","30"
"SKU_37","2024-06-06","117","133.23","30"
"SKU_37","2024-06-07","113","132.23","30"
"SKU_37","2024-06-08","106","130.73","30"
"SKU_37","2024-06-09","116","129.87","30"
"SKU_37","2024-06-10","105","127.43","30"
"SKU_37","2024-06-11","129","127.23","30"
"SKU_37","2024-06-12","121","127.20","30"
"SKU_37","2024-06-13","112","126.53","30"
"SKU_37","2024-06-14","114","125.60","30"
"SKU_37","2024-06-15","105","124.03","30"
"SKU_37","2024-06-16","99","123.07","30"
"SKU_37","2024-06-17","102","121.50","30"
"SKU_37","2024-06-18","114","120.87","30"
"SKU_37","2024-06-19","89","119.67","30"
"SKU_37","2024-06-20","106","118.47","30"
"SKU_37","2024-06-21","110","117.70","30"
"SKU_37","2024-06-22","114","116.03","30"
"SKU_37","2024-06-23","95","115.47","30"
"SKU_37","2024-06-24","101","114.47","30"
"SKU_37","2024-06-25","94","113.33","30"
"SKU_37","2024-06-26","101","112.27","30"
"SKU_37","2024-06-27","114","111.33","30"
"SKU_37","2024-06-28","109","111.17","30"
"SKU_37","2024-06-29","107","111.37","30"
"SKU_37","2024-06-30","95","110.40","30"
"SKU_37","2024-07-01","91","109.73","30"
"SKU_37","2024-07-02","92","108.60","30"
"SKU_37","2024-07-03","111","108.03","30"
"SKU_37","2024-07-04","123","108.00","30"
"SKU_37","2024-07-05","104","106.97","30"
"SKU_37","2024-07-06","94","106.20","30"
"SKU_37","2024-07-07","108","106.03","30"
"SKU_37","2024-07-08","113","106.27","30"
"SKU_37","2024-07-09","85","105.23","30"
"SKU_37","2024-07-10","87","104.63","30"
"SKU_37","2024-07-11","87","103.23","30"
"SKU_37","2024-07-12","84","102.00","30"
"SKU_37","2024-07-13","114","102.07","30"
"SKU_37","2024-07-14","84","101.07","30"
"SKU_37","2024-07-15","102","100.97","30"
"SKU_37","2024-07-16","94","100.80","30"
"SKU_37","2024-07-17","95","100.57","30"
"SKU_37","2024-07-18","92","99.83","30"
"SKU_37","2024-07-19","106","100.40","30"
"SKU_37","2024-07-20","65","99.03","30"
"SKU_37","2024-07-21","81","98.07","30"
"SKU_37","2024-07-22","62","96.33","30"
"SKU_37","2024-07-23","98","96.43","30"
"SKU_37","2024-07-24","75","95.57","30"
"SKU_37","2024-07-25","70","94.77","30"
"SKU_37","2024-07-26","76","93.93","30"
"SKU_37","2024-07-27","80","92.80","30"
"SKU_37","2024-07-28","90","92.17","30"
"SKU_37","2024-07-29","61","90.63","30"
"SKU_37","2024-07-30","81","90.17","30"
"SKU_37","2024-07-31","76","89.67","30"
"SKU_37","2024-08-01","81","89.30","30"
"SKU_37","2024-08-02","61","87.63","30"
"SKU_37","2024-08-03","84","86.33","30"
"SKU_37","2024-08-04","73","85.30","30"
"SKU_37","2024-08-05","68","84.43","30"
"SKU_37","2024-08-06","79","83.47","30"
"SKU_37","2024-08-07","56","81.57","30"
"SKU_37","2024-08-08","75","81.23","30"
"SKU_37","2024-08-09","74","80.80","30"
"SKU_37","2024-08-10","64","80.03","30"
"SKU_37","2024-08-11","68","79.50","30"
"SKU_37","2024-08-12","60","77.70","30"
"SKU_37","2024-08-13","80","77.57","30"
"SKU_37","2024-08-14","57","76.07","30"
"SKU_37","2024-08-15","43","74.37","30"
"SKU_37","2024-08-16","55","73.03","30"
"SKU_37","2024-08-17","56","71.83","30"
"SKU_37","2024-08-18","74","70.77","30"
"SKU_37","2024-08-19","66","70.80","30"
"SKU_37","2024-08-20","72","70.50","30"
"SKU_37","2024-08-21","78","71.03","30"
"SKU_37","2024-08-22","68","70.03","30"
"SKU_37","2024-08-23","46","69.07","30"
"SKU_37","2024-08-24","81","69.43","30"
"SKU_37","2024-08-25","57","68.80","30"
"SKU_37","2024-08-26","67","68.37","30"
"SKU_37","2024-08-27","39","66.67","30"
"SKU_37","2024-08-28","57","66.53","30"
"SKU_37","2024-08-29","38","65.10","30"
"SKU_37","2024-08-30","69","64.87","30"
"SKU_37","2024-08-31","56","64.03","30"
"SKU_37","2024-09-01","51","63.70","30"
"SKU_37","2024-09-02","43","62.33","30"
"SKU_37","2024-09-03","44","61.37","30"
"SKU_37","2024-09-04","51","60.80","30"
"SKU_37","2024-09-05","56","60.03","30"
"SKU_37","2024-09-06","50","59.83","30"
"SKU_37","2024-09-07","38","58.60","30"
"SKU_37","2024-09-08","57","58.03","30"
"SKU_37","2024-09-09","62","57.97","30"
"SKU_37","2024-09-10","61","57.73","30"
"SKU_37","2024-09-11","49","57.37","30"
"SKU_37","2024-09-12","59","56.67","30"
"SKU_37","2024-09-13","46","56.30","30"
"SKU_37","2024-09-14","44","56.33","30"
"SKU_37","2024-09-15","51","56.20","30"
"SKU_37","2024-09-16","56","56.20","30"
"SKU_37","2024-09-17","45","55.23","30"
"SKU_37","2024-09-18","41","54.40","30"
"SKU_37","2024-09-19","31","53.03","30"
"SKU_37","2024-09-20","39","51.73","30"
"SKU_37","2024-09-21","47","51.03","30"
"SKU_37","2024-09-22","51","51.20","30"
"SKU_37","2024-09-23","59","50.47","30"
"SKU_37","2024-09-24","55","50.40","30"
"SKU_37","2024-09-25","36","49.37","30"
"SKU_37","2024-09-26","43","49.50","30"
"SKU_37","2024-09-27","59","49.57","30"
"SKU_37","2024-09-28","50","49.97","30"
"SKU_37","2024-09-29","60","49.67","30"
"SKU_37","2024-09-30","50","49.47","30"
"SKU_37","2024-10-01","48","49.37","30"
"SKU_37","2024-10-02","49","49.57","30"
"SKU_37","2024-10-03","28","49.03","30"
"SKU_37","2024-10-04","48","48.93","30"
"SKU_37","2024-10-05","61","49.10","30"
"SKU_37","2024-10-06","39","48.73","30"
"SKU_37","2024-10-07","63","49.57","30"
"SKU_37","2024-10-08","36","48.87","30"
"SKU_37","2024-10-09","42","48.20","30"
"SKU_37","2024-10-10","49","47.80","30"
"SKU_37","2024-10-11","40","47.50","30"
"SKU_37","2024-10-12","47","47.10","30"
"SKU_37","2024-10-13","51","47.27","30"
"SKU_37","2024-10-14","30","46.80","30"
"SKU_37","2024-10-15","40","46.43","30"
"SKU_37","2024-10-16","42","45.97","30"
"SKU_37","2024-10-17","65","46.63","30"
"SKU_37","2024-10-18","50","46.93","30"
"SKU_37","2024-10-19","51","47.60","30"
"SKU_37","2024-10-20","57","48.20","30"
"SKU_37","2024-10-21","45","48.13","30"
"SKU_37","2024-10-22","60","48.43","30"
"SKU_37","2024-10-23","53","48.23","30"
"SKU_37","2024-10-24","33","47.50","30"
"SKU_37","2024-10-25","49","47.93","30"
"SKU_37","2024-10-26","61","48.53","30"
"SKU_37","2024-10-27","40","47.90","30"
"SKU_37","2024-10-28","63","48.33","30"
"SKU_37","2024-10-29","49","47.97","30"
"SKU_37","2024-10-30","38","47.57","30"
"SKU_37","2024-10-31","62","48.03","30"
"SKU_37","2024-11-01","52","48.13","30"
"SKU_37","2024-11-02","48","48.80","30"
"SKU_37","2024-11-03","67","49.43","30"
"SKU_37","2024-11-04","65","49.57","30"
"SKU_37","2024-11-05","45","49.77","30"
"SKU_37","2024-11-06","65","49.83","30"
"SKU_37","2024-11-07","59","50.60","30"
"SKU_37","2024-11-08","67","51.43","30"
"SKU_37","2024-11-09","63","51.90","30"
"SKU_37","2024-11-10","70","52.90","30"
"SKU_37","2024-11-11","45","52.83","30"
"SKU_37","2024-11-12","72","53.53","30"
"SKU_37","2024-11-13","70","54.87","30"
"SKU_37","2024-11-14","79","56.17","30"
"SKU_37","2024-11-15","52","56.50","30"
"SKU_37","2024-11-16","69","56.63","30"
"SKU_37","2024-11-17","59","56.93","30"
"SKU_37","2024-11-18","64","57.37","30"
"SKU_37","2024-11-19","60","57.47","30"
"SKU_37","2024-11-20","84","58.77","30"
"SKU_37","2024-11-21","45","58.27","30"
"SKU_37","2024-11-22","73","58.93","30"
"SKU_37","2024-11-23","64","59.97","30"
"SKU_37","2024-11-24","61","60.37","30"
"SKU_37","2024-11-25","91","61.37","30"
"SKU_37","2024-11-26","76","62.57","30"
"SKU_37","2024-11-27","52","62.20","30"
"SKU_37","2024-11-28","75","63.07","30"
"SKU_37","2024-11-29","78","64.40","30"
"SKU_37","2024-11-30","79","64.97","30"
"SKU_37","2024-12-01","62","65.30","30"
"SKU_37","2024-12-02","79","66.33","30"
"SKU_37","2024-12-03","69","66.40","30"
"SKU_37","2024-12-04","99","67.53","30"
"SKU_37","2024-12-05","57","67.93","30"
"SKU_37","2024-12-06","58","67.70","30"
"SKU_37","2024-12-07","92","68.80","30"
"SKU_37","2024-12-08","70","68.90","30"
"SKU_37","2024-12-09","73","69.23","30"
"SKU_37","2024-12-10","95","70.07","30"
"SKU_37","2024-12-11","69","70.87","30"
"SKU_37","2024-12-12","94","71.60","30"
"SKU_37","2024-12-13","85","72.10","30"
"SKU_37","2024-12-14","99","72.77","30"
"SKU_37","2024-12-15","96","74.23","30"
"SKU_37","2024-12-16","78","74.53","30"
"SKU_37","2024-12-17","86","75.43","30"
"SKU_37","2024-12-18","95","76.47","30"
"SKU_37","2024-12-19","98","77.73","30"
"SKU_37","2024-12-20","89","77.90","30"
"SKU_37","2024-12-21","102","79.80","30"
"SKU_37","2024-12-22","86","80.23","30"
"SKU_37","2024-12-23","70","80.43","30"
"SKU_37","2024-12-24","107","81.97","30"
"SKU_37","2024-12-25","101","82.30","30"
"SKU_37","2024-12-26","112","83.50","30"
"SKU_37","2024-12-27","90","84.77","30"
"SKU_37","2024-12-28","125","86.43","30"
"SKU_37","2024-12-29","110","87.50","30"
"SKU_37","2024-12-30","119","88.83","30"
"SKU_38","2024-01-01","116","116.00","1"
"SKU_38","2024-01-02","90","103.00","2"
"SKU_38","2024-01-03","96","100.67","3"
"SKU_38","2024-01-04","101","100.75","4"
"SKU_38","2024-01-05","99","100.40","5"
"SKU_38","2024-01-06","108","101.67","6"
"SKU_38","2024-01-07","114","103.43","7"
"SKU_38","2024-01-08","118","105.25","8"
"SKU_38","2024-01-09","97","104.33","9"
"SKU_38","2024-01-10","114","105.30","10"
"SKU_38","2024-01-11","107","105.45","11"
"SKU_38","2024-01-12","77","103.08","12"
"SKU_38","2024-01-13","114","103.92","13"
"SKU_38","2024-01-14","146","106.93","14"
"SKU_38","2024-01-15","102","106.60","15"
"SKU_38","2024-01-16","114","107.06","16"
"SKU_38","2024-01-17","98","106.53","17"
"SKU_38","2024-01-18","97","106.00","18"
"SKU_38","2024-01-19","100","105.68","19"
"SKU_38","2024-01-20","101","105.45","20"
"SKU_38","2024-01-21","115","105.90","21"
"SKU_38","2024-01-22","101","105.68","22"
"SKU_38","2024-01-23","120","106.30","23"
"SKU_38","2024-01-24","88","105.54","24"
"SKU_38","2024-01-25","113","105.84","25"
"SKU_38","2024-01-26","129","106.73","26"
"SKU_38","2024-01-27","105","106.67","27"
"SKU_38","2024-01-28","111","106.82","28"
"SKU_38","2024-01-29","132","107.69","29"
"SKU_38","2024-01-30","134","108.57","30"
"SKU_38","2024-01-31","112","108.43","30"
"SKU_38","2024-02-01","118","109.37","30"
"SKU_38","2024-02-02","115","110.00","30"
"SKU_38","2024-02-03","127","110.87","30"
"SKU_38","2024-02-04","132","111.97","30"
"SKU_38","2024-02-05","118","112.30","30"
"SKU_38","2024-02-06","142","113.23","30"
"SKU_38","2024-02-07","145","114.13","30"
"SKU_38","2024-02-08","129","115.20","30"
"SKU_38","2024-02-09","115","115.23","30"
"SKU_38","2024-02-10","146","116.53","30"
"SKU_38","2024-02-11","106","117.50","30"
"SKU_38","2024-02-12","146","118.57","30"
"SKU_38","2024-02-13","149","118.67","30"
"SKU_38","2024-02-14","150","120.27","30"
"SKU_38","2024-02-15","146","121.33","30"
"SKU_38","2024-02-16","131","122.43","30"
"SKU_38","2024-02-17","149","124.17","30"
"SKU_38","2024-02-18","142","125.57","30"
"SKU_38","2024-02-19","156","127.40","30"
"SKU_38","2024-02-20","138","128.17","30"
"SKU_38","2024-02-21","147","129.70","30"
"SKU_38","2024-02-22","142","130.43","30"
"SKU_38","2024-02-23","135","132.00","30"
"SKU_38","2024-02-24","171","133.93","30"
"SKU_38","2024-02-25","133","134.07","30"
"SKU_38","2024-02-26","168","136.17","30"
"SKU_38","2024-02-27","161","137.83","30"
"SKU_38","2024-02-28","161","138.80","30"
"SKU_38","2024-02-29","168","139.93","30"
"SKU_38","2024-03-01","146","141.07","30"
"SKU_38","2024-03-02","141","141.83","30"
"SKU_38","2024-03-03","146","142.87","30"
"SKU_38","2024-03-04","154","143.77","30"
"SKU_38","2024-03-05","144","144.17","30"
"SKU_38","2024-03-06","153","145.33","30"
"SKU_38","2024-03-07","162","146.00","30"
"SKU_38","2024-03-08","140","145.83","30"
"SKU_38","2024-03-09","153","146.63","30"
"SKU_38","2024-03-10","129","147.10","30"
"SKU_38","2024-03-11","137","146.80","30"
"SKU_38","2024-03-12","134","147.73","30"
"SKU_38","2024-03-13","140","147.53","30"
"SKU_38","2024-03-14","145","147.40","30"
"SKU_38","2024-03-15","143","147.17","30"
"SKU_38","2024-03-16","143","147.07","30"
"SKU_38","2024-03-17","176","148.57","30"
"SKU_38","2024-03-18","149","148.57","30"
"SKU_38","2024-03-19","161","149.20","30"
"SKU_38","2024-03-20","149","148.97","30"
"SKU_38","2024-03-21","153","149.47","30"
"SKU_38","2024-03-22","152","149.63","30"
"SKU_38","2024-03-23","159","150.20","30"
"SKU_38","2024-03-24","153","150.80","30"
"SKU_38","2024-03-25","149","150.07","30"
"SKU_38","2024-03-26","166","151.17","30"
"SKU_38","2024-03-27","135","150.07","30"
"SKU_38","2024-03-28","172","150.43","30"
"SKU_38","2024-03-29","136","149.60","30"
"SKU_38","2024-03-30","166","149.53","30"
"SKU_38","2024-03-31","144","149.47","30"
"SKU_38","2024-04-01","137","149.33","30"
"SKU_38","2024-04-02","141","149.17","30"
"SKU_38","2024-04-03","157","149.27","30"
"SKU_38","2024-04-04","162","149.87","30"
"SKU_38","2024-04-05","169","150.40","30"
"SKU_38","2024-04-06","148","149.93","30"
"SKU_38","2024-04-07","153","150.37","30"
"SKU_38","2024-04-08","144","150.07","30"
"SKU_38","2024-04-09","135","150.27","30"
"SKU_38","2024-04-10","160","151.03","30"
"SKU_38","2024-04-11","172","152.30","30"
"SKU_38","2024-04-12","133","152.07","30"
"SKU_38","2024-04-13","140","151.90","30"
"SKU_38","2024-04-14","148","152.07","30"
"SKU_38","2024-04-15","149","152.27","30"
"SKU_38","2024-04-16","177","152.30","30"
"SKU_38","2024-04-17","153","152.43","30"
"SKU_38","2024-04-18","143","151.83","30"
"SKU_38","2024-04-19","147","151.77","30"
"SKU_38","2024-04-20","192","153.07","30"
"SKU_38","2024-04-21","170","153.67","30"
"SKU_38","2024-04-22","154","153.50","30"
"SKU_38","2024-04-23","183","154.50","30"
"SKU_38","2024-04-24","142","154.27","30"
"SKU_38","2024-04-25","155","153.90","30"
"SKU_38","2024-04-26","158","154.67","30"
"SKU_38","2024-04-27","140","153.60","30"
"SKU_38","2024-04-28","146","153.93","30"
"SKU_38","2024-04-29","138","153.00","30"
"SKU_38","2024-04-30","152","153.27","30"
"SKU_38","2024-05-01","135","153.20","30"
"SKU_38","2024-05-02","150","153.50","30"
"SKU_38","2024-05-03","115","152.10","30"
"SKU_38","2024-05-04","138","151.30","30"
"SKU_38","2024-05-05","137","150.23","30"
"SKU_38","2024-05-06","162","150.70","30"
"SKU_38","2024-05-07","138","150.20","30"
"SKU_38","2024-05-08","140","150.07","30"
"SKU_38","2024-05-09","151","150.60","30"
"SKU_38","2024-05-10","146","150.13","30"
"SKU_38","2024-05-11","148","149.33","30"
"SKU_38","2024-05-12","148","149.83","30"
"SKU_38","2024-05-13","140","149.83","30"
"SKU_38","2024-05-14","132","149.30","30"
"SKU_38","2024-05-15","136","148.87","30"
"SKU_38","2024-05-16","128","147.23","30"
"SKU_38","2024-05-17","132","146.53","30"
"SKU_38","2024-05-18","138","146.37","30"
"SKU_38","2024-05-19","129","145.77","30"
"SKU_38","2024-05-20","150","144.37","30"
"SKU_38","2024-05-21","129","143.00","30"
"SKU_38","2024-05-22","131","142.23","30"
"SKU_38","2024-05-23","128","140.40","30"
"SKU_38","2024-05-24","134","140.13","30"
"SKU_38","2024-05-25","155","140.13","30"
"SKU_38","2024-05-26","132","139.27","30"
"SKU_38","2024-05-27","119","138.57","30"
"SKU_38","2024-05-28","162","139.10","30"
"SKU_38","2024-05-29","127","138.73","30"
"SKU_38","2024-05-30","128","137.93","30"
"SKU_38","2024-05-31","113","137.20","30"
"SKU_38","2024-06-01","118","136.13","30"
"SKU_38","2024-06-02","127","136.53","30"
"SKU_38","2024-06-03","113","135.70","30"
"SKU_38","2024-06-04","120","135.13","30"
"SKU_38","2024-06-05","123","133.83","30"
"SKU_38","2024-06-06","138","133.83","30"
"SKU_38","2024-06-07","103","132.60","30"
"SKU_38","2024-06-08","118","131.50","30"
"SKU_38","2024-06-09","127","130.87","30"
"SKU_38","2024-06-10","131","130.30","30"
"SKU_38","2024-06-11","128","129.63","30"
"SKU_38","2024-06-12","112","128.70","30"
"SKU_38","2024-06-13","106","127.83","30"
"SKU_38","2024-06-14","117","127.20","30"
"SKU_38","2024-06-15","88","125.87","30"
"SKU_38","2024-06-16","110","125.13","30"
"SKU_38","2024-06-17","118","124.47","30"
"SKU_38","2024-06-18","91","123.20","30"
"SKU_38","2024-06-19","81","120.90","30"
"SKU_38","2024-06-20","127","120.83","30"
"SKU_38","2024-06-21","122","120.53","30"
"SKU_38","2024-06-22","110","119.93","30"
"SKU_38","2024-06-23","106","119.00","30"
"SKU_38","2024-06-24","113","117.60","30"
"SKU_38","2024-06-25","125","117.37","30"
"SKU_38","2024-06-26","95","116.57","30"
"SKU_38","2024-06-27","87","114.07","30"
"SKU_38","2024-06-28","110","113.50","30"
"SKU_38","2024-06-29","111","112.93","30"
"SKU_38","2024-06-30","120","113.17","30"
"SKU_38","2024-07-01","95","112.40","30"
"SKU_38","2024-07-02","101","111.53","30"
"SKU_38","2024-07-03","90","110.77","30"
"SKU_38","2024-07-04","88","109.70","30"
"SKU_38","2024-07-05","97","108.83","30"
"SKU_38","2024-07-06","99","107.53","30"
"SKU_38","2024-07-07","93","107.20","30"
"SKU_38","2024-07-08","105","106.77","30"
"SKU_38","2024-07-09","74","105.00","30"
"SKU_38","2024-07-10","93","103.73","30"
"SKU_38","2024-07-11","99","102.77","30"
"SKU_38","2024-07-12","99","102.33","30"
"SKU_38","2024-07-13","95","101.97","30"
"SKU_38","2024-07-14","103","101.50","30"
"SKU_38","2024-07-15","99","101.87","30"
"SKU_38","2024-07-16","80","100.87","30"
"SKU_38","2024-07-17","80","99.60","30"
"SKU_38","2024-07-18","82","99.30","30"
"SKU_38","2024-07-19","104","100.07","30"
"SKU_38","2024-07-20","75","98.33","30"
"SKU_38","2024-07-21","86","97.13","30"
"SKU_38","2024-07-22","82","96.20","30"
"SKU_38","2024-07-23","101","96.03","30"
"SKU_38","2024-07-24","76","94.80","30"
"SKU_38","2024-07-25","64","92.77","30"
"SKU_38","2024-07-26","71","91.97","30"
"SKU_38","2024-07-27","66","91.27","30"
"SKU_38","2024-07-28","120","91.60","30"
"SKU_38","2024-07-29","69","90.20","30"
"SKU_38","2024-07-30","77","88.77","30"
"SKU_38","2024-07-31","63","87.70","30"
"SKU_38","2024-08-01","60","86.33","30"
"SKU_38","2024-08-02","86","86.20","30"
"SKU_38","2024-08-03","86","86.13","30"
"SKU_38","2024-08-04","75","85.40","30"
"SKU_38","2024-08-05","77","84.67","30"
"SKU_38","2024-08-06","84","84.37","30"
"SKU_38","2024-08-07","77","83.43","30"
"SKU_38","2024-08-08","61","83.00","30"
"SKU_38","2024-08-09","48","81.50","30"
"SKU_38","2024-08-10","71","80.57","30"
"SKU_38","2024-08-11","58","79.20","30"
"SKU_38","2024-08-12","81","78.73","30"
"SKU_38","2024-08-13","71","77.67","30"
"SKU_38","2024-08-14","73","76.80","30"
"SKU_38","2024-08-15","73","76.57","30"
"SKU_38","2024-08-16","59","75.87","30"
"SKU_38","2024-08-17","62","75.20","30"
"SKU_38","2024-08-18","56","73.60","30"
"SKU_38","2024-08-19","68","73.37","30"
"SKU_38","2024-08-20","52","72.23","30"
"SKU_38","2024-08-21","82","72.23","30"
"SKU_38","2024-08-22","69","71.17","30"
"SKU_38","2024-08-23","53","70.40","30"
"SKU_38","2024-08-24","60","70.27","30"
"SKU_38","2024-08-25","58","69.83","30"
"SKU_38","2024-08-26","43","69.07","30"
"SKU_38","2024-08-27","78","67.67","30"
"SKU_38","2024-08-28","54","67.17","30"
"SKU_38","2024-08-29","74","67.07","30"
"SKU_38","2024-08-30","45","66.47","30"
"SKU_38","2024-08-31","59","66.43","30"
"SKU_38","2024-09-01","43","65.00","30"
"SKU_38","2024-09-02","44","63.60","30"
"SKU_38","2024-09-03","54","62.90","30"
"SKU_38","2024-09-04","66","62.53","30"
"SKU_38","2024-09-05","68","62.00","30"
"SKU_38","2024-09-06","61","61.47","30"
"SKU_38","2024-09-07","49","61.07","30"
"SKU_38","2024-09-08","59","61.43","30"
"SKU_38","2024-09-09","56","60.93","30"
"SKU_38","2024-09-10","76","61.53","30"
"SKU_38","2024-09-11","41","60.20","30"
"SKU_38","2024-09-12","43","59.27","30"
"SKU_38","2024-09-13","45","58.33","30"
"SKU_38","2024-09-14","42","57.30","30"
"SKU_38","2024-09-15","26","56.20","30"
"SKU_38","2024-09-16","71","56.50","30"
"SKU_38","2024-09-17","38","55.90","30"
"SKU_38","2024-09-18","42","55.03","30"
"SKU_38","2024-09-19","50","54.97","30"
"SKU_38","2024-09-20","53","54.00","30"
"SKU_38","2024-09-21","39","53.00","30"
"SKU_38","2024-09-22","42","52.63","30"
"SKU_38","2024-09-23","49","52.27","30"
"SKU_38","2024-09-24","31","51.37","30"
"SKU_38","2024-09-25","44","51.40","30"
"SKU_38","2024-09-26","38","50.07","30"
"SKU_38","2024-09-27","48","49.87","30"
"SKU_38","2024-09-28","53","49.17","30"
"SKU_38","2024-09-29","54","49.47","30"
"SKU_38","2024-09-30","73","49.93","30"
"SKU_38","2024-10-01","36","49.70","30"
"SKU_38","2024-10-02","78","50.83","30"
"SKU_38","2024-10-03","45","50.53","30"
"SKU_38","2024-10-04","50","50.00","30"
"SKU_38","2024-10-05","38","49.00","30"
"SKU_38","2024-10-06","35","48.13","30"
"SKU_38","2024-10-07","47","48.07","30"
"SKU_38","2024-10-08","64","48.23","30"
"SKU_38","2024-10-09","62","48.43","30"
"SKU_38","2024-10-10","49","47.53","30"
"SKU_38","2024-10-11","41","47.53","30"
"SKU_38","2024-10-12","41","47.47","30"
"SKU_38","2024-10-13","27","46.87","30"
"SKU_38","2024-10-14","45","46.97","30"
"SKU_38","2024-10-15","53","47.87","30"
"SKU_38","2024-10-16","51","47.20","30"
"SKU_38","2024-10-17","64","48.07","30"
"SKU_38","2024-10-18","81","49.37","30"
"SKU_38","2024-10-19","60","49.70","30"
"SKU_38","2024-10-20","44","49.40","30"
"SKU_38","2024-10-21","42","49.50","30"
"SKU_38","2024-10-22","64","50.23","30"
"SKU_38","2024-10-23","65","50.77","30"
"SKU_38","2024-10-24","76","52.27","30"
"SKU_38","2024-10-25","57","52.70","30"
"SKU_38","2024-10-26","56","53.30","30"
"SKU_38","2024-10-27","52","53.43","30"
"SKU_38","2024-10-28","45","53.17","30"
"SKU_38","2024-10-29","56","53.23","30"
"SKU_38","2024-10-30","40","52.13","30"
"SKU_38","2024-10-31","68","53.20","30"
"SKU_38","2024-11-01","61","52.63","30"
"SKU_38","2024-11-02","54","52.93","30"
"SKU_38","2024-11-03","57","53.17","30"
"SKU_38","2024-11-04","71","54.27","30"
"SKU_38","2024-11-05","42","54.50","30"
"SKU_38","2024-11-06","51","54.63","30"
"SKU_38","2024-11-07","69","54.80","30"
"SKU_38","2024-11-08","58","54.67","30"
"SKU_38","2024-11-09","51","54.73","30"
"SKU_38","2024-11-10","73","55.80","30"
"SKU_38","2024-11-11","69","56.73","30"
"SKU_38","2024-11-12","63","57.93","30"
"SKU_38","2024-11-13","47","58.00","30"
"SKU_38","2024-11-14","54","58.03","30"
"SKU_38","2024-11-15","52","58.07","30"
"SKU_38","2024-11-16","42","57.33","30"
"SKU_38","2024-11-17","64","56.77","30"
"SKU_38","2024-11-18","50","56.43","30"
"SKU_38","2024-11-19","60","56.97","30"
"SKU_38","2024-11-20","83","58.33","30"
"SKU_38","2024-11-21","62","58.27","30"
"SKU_38","2024-11-22","77","58.67","30"
"SKU_38","2024-11-23","69","58.43","30"
"SKU_38","2024-11-24","62","58.60","30"
"SKU_38","2024-11-25","67","58.97","30"
"SKU_38","2024-11-26","70","59.57","30"
"SKU_38","2024-11-27","69","60.37","30"
"SKU_38","2024-11-28","74","60.97","30"
"SKU_38","2024-11-29","86","62.50","30"
"SKU_38","2024-11-30","67","62.47","30"
"SKU_38","2024-12-01","72","62.83","30"
"SKU_38","2024-12-02","75","63.53","30"
"SKU_38","2024-12-03","90","64.63","30"
"SKU_38","2024-12-04","93","65.37","30"
"SKU_38","2024-12-05","81","66.67","30"
"SKU_38","2024-12-06","78","67.57","30"
"SKU_38","2024-12-07","68","67.53","30"
"SKU_38","2024-12-08","78","68.20","30"
"SKU_38","2024-12-09","70","68.83","30"
"SKU_38","2024-12-10","87","69.30","30"
"SKU_38","2024-12-11","91","70.03","30"
"SKU_38","2024-12-12","87","70.83","30"
"SKU_38","2024-12-13","86","72.13","30"
"SKU_38","2024-12-14","99","73.63","30"
"SKU_38","2024-12-15","113","75.67","30"
"SKU_38","2024-12-16","82","77.00","30"
"SKU_38","2024-12-17","87","77.77","30"
"SKU_38","2024-12-18","82","78.83","30"
"SKU_38","2024-12-19","76","79.37","30"
"SKU_38","2024-12-20","75","79.10","30"
"SKU_38","2024-12-21","102","80.43","30"
"SKU_38","2024-12-22","99","81.17","30"
"SKU_38","2024-12-23","108","82.47","30"
"SKU_38","2024-12-24","102","83.80","30"
"SKU_38","2024-12-25","78","84.17","30"
"SKU_38","2024-12-26","76","84.37","30"
"SKU_38","2024-12-27","97","85.30","30"
"SKU_38","2024-12-28","99","86.13","30"
"SKU_38","2024-12-29","100","86.60","30"
"SKU_38","2024-12-30","96","87.57","30"
"SKU_39","2024-01-01","98","98.00","1"
"SKU_39","2024-01-02","107","102.50","2"
"SKU_39","2024-01-03","106","103.67","3"
"SKU_39","2024-01-04","105","104.00","4"
"SKU_39","2024-01-05","95","102.20","5"
"SKU_39","2024-01-06","100","101.83","6"
"SKU_39","2024-01-07","111","103.14","7"
"SKU_39","2024-01-08","104","103.25","8"
"SKU_39","2024-01-09","121","105.22","9"
"SKU_39","2024-01-10","99","104.60","10"
"SKU_39","2024-01-11","120","106.00","11"
"SKU_39","2024-01-12","105","105.92","12"
"SKU_39","2024-01-13","115","106.62","13"
"SKU_39","2024-01-14","124","107.86","14"
"SKU_39","2024-01-15","115","108.33","15"
"SKU_39","2024-01-16","106","108.19","16"
"SKU_39","2024-01-17","104","107.94","17"
"SKU_39","2024-01-18","85","106.67","18"
"SKU_39","2024-01-19","126","107.68","19"
"SKU_39","2024-01-20","119","108.25","20"
"SKU_39","2024-01-21","129","109.24","21"
"SKU_39","2024-01-22","149","111.05","22"
"SKU_39","2024-01-23","113","111.13","23"
"SKU_39","2024-01-24","129","111.88","24"
"SKU_39","2024-01-25","113","111.92","25"
"SKU_39","2024-01-26","100","111.46","26"
"SKU_39","2024-01-27","120","111.78","27"
"SKU_39","2024-01-28","118","112.00","28"
"SKU_39","2024-01-29","99","111.55","29"
"SKU_39","2024-01-30","108","111.43","30"
"SKU_39","2024-01-31","138","112.77","30"
"SKU_39","2024-02-01","115","113.03","30"
"SKU_39","2024-02-02","117","113.40","30"
"SKU_39","2024-02-03","128","114.17","30"
"SKU_39","2024-02-04","138","115.60","30"
"SKU_39","2024-02-05","124","116.40","30"
"SKU_39","2024-02-06","136","117.23","30"
"SKU_39","2024-02-07","139","118.40","30"
"SKU_39","2024-02-08","110","118.03","30"
"SKU_39","2024-02-09","127","118.97","30"
"SKU_39","2024-02-10","128","119.23","30"
"SKU_39","2024-02-11","153","120.83","30"
"SKU_39","2024-02-12","140","121.67","30"
"SKU_39","2024-02-13","139","122.17","30"
"SKU_39","2024-02-14","178","124.27","30"
"SKU_39","2024-02-15","133","125.17","30"
"SKU_39","2024-02-16","148","126.63","30"
"SKU_39","2024-02-17","120","127.80","30"
"SKU_39","2024-02-18","114","127.40","30"
"SKU_39","2024-02-19","151","128.47","30"
"SKU_39","2024-02-20","133","128.60","30"
"SKU_39","2024-02-21","151","128.67","30"
"SKU_39","2024-02-22","135","129.40","30"
"SKU_39","2024-02-23","143","129.87","30"
"SKU_39","2024-02-24","139","130.73","30"
"SKU_39","2024-02-25","161","132.77","30"
"SKU_39","2024-02-26","126","132.97","30"
"SKU_39","2024-02-27","140","133.70","30"
"SKU_39","2024-02-28","152","135.47","30"
"SKU_39","2024-02-29","148","136.80","30"
"SKU_39","2024-03-01","143","136.97","30"
"SKU_39","2024-03-02","142","137.87","30"
"SKU_39","2024-03-03","147","138.87","30"
"SKU_39","2024-03-04","152","139.67","30"
"SKU_39","2024-03-05","150","140.07","30"
"SKU_39","2024-03-06","129","140.23","30"
"SKU_39","2024-03-07","140","140.37","30"
"SKU_39","2024-03-08","134","140.20","30"
"SKU_39","2024-03-09","149","141.50","30"
"SKU_39","2024-03-10","144","142.07","30"
"SKU_39","2024-03-11","166","143.33","30"
"SKU_39","2024-03-12","143","143.00","30"
"SKU_39","2024-03-13","146","143.20","30"
"SKU_39","2024-03-14","152","143.63","30"
"SKU_39","2024-03-15","162","143.10","30"
"SKU_39","2024-03-16","159","143.97","30"
"SKU_39","2024-03-17","140","143.70","30"
"SKU_39","2024-03-18","154","144.83","30"
"SKU_39","2024-03-19","156","146.23","30"
"SKU_39","2024-03-20","145","146.03","30"
"SKU_39","2024-03-21","141","146.30","30"
"SKU_39","2024-03-22","160","146.60","30"
"SKU_39","2024-03-23","144","146.90","30"
"SKU_39","2024-03-24","134","146.60","30"
"SKU_39","2024-03-25","159","147.27","30"
"SKU_39","2024-03-26","172","147.63","30"
"SKU_39","2024-03-27","165","148.93","30"
"SKU_39","2024-03-28","155","149.43","30"
"SKU_39","2024-03-29","127","148.60","30"
"SKU_39","2024-03-30","155","148.83","30"
"SKU_39","2024-03-31","141","148.77","30"
"SKU_39","2024-04-01","146","148.90","30"
"SKU_39","2024-04-02","151","149.03","30"
"SKU_39","2024-04-03","127","148.20","30"
"SKU_39","2024-04-04","152","148.27","30"
"SKU_39","2024-04-05","138","148.57","30"
"SKU_39","2024-04-06","143","148.67","30"
"SKU_39","2024-04-07","154","149.33","30"
"SKU_39","2024-04-08","159","149.67","30"
"SKU_39","2024-04-09","138","149.47","30"
"SKU_39","2024-04-10","146","148.80","30"
"SKU_39","2024-04-11","146","148.90","30"
"SKU_39","2024-04-12","142","148.77","30"
"SKU_39","2024-04-13","153","148.80","30"
"SKU_39","2024-04-14","162","148.80","30"
"SKU_39","2024-04-15","170","149.17","30"
"SKU_39","2024-04-16","170","150.17","30"
"SKU_39","2024-04-17","132","149.43","30"
"SKU_39","2024-04-18","156","149.43","30"
"SKU_39","2024-04-19","153","149.70","30"
"SKU_39","2024-04-20","147","149.90","30"
"SKU_39","2024-04-21","148","149.50","30"
"SKU_39","2024-04-22","160","150.03","30"
"SKU_39","2024-04-23","152","150.63","30"
"SKU_39","2024-04-24","133","149.77","30"
"SKU_39","2024-04-25","147","148.93","30"
"SKU_39","2024-04-26","146","148.30","30"
"SKU_39","2024-04-27","154","148.27","30"
"SKU_39","2024-04-28","140","148.70","30"
"SKU_39","2024-04-29","144","148.33","30"
"SKU_39","2024-04-30","159","148.93","30"
"SKU_39","2024-05-01","150","149.07","30"
"SKU_39","2024-05-02","149","149.00","30"
"SKU_39","2024-05-03","146","149.63","30"
"SKU_39","2024-05-04","134","149.03","30"
"SKU_39","2024-05-05","135","148.93","30"
"SKU_39","2024-05-06","122","148.23","30"
"SKU_39","2024-05-07","143","147.87","30"
"SKU_39","2024-05-08","144","147.37","30"
"SKU_39","2024-05-09","134","147.23","30"
"SKU_39","2024-05-10","138","146.97","30"
"SKU_39","2024-05-11","145","146.93","30"
"SKU_39","2024-05-12","137","146.77","30"
"SKU_39","2024-05-13","125","145.83","30"
"SKU_39","2024-05-14","127","144.67","30"
"SKU_39","2024-05-15","122","143.07","30"
"SKU_39","2024-05-16","119","141.37","30"
"SKU_39","2024-05-17","141","141.67","30"
"SKU_39","2024-05-18","139","141.10","30"
"SKU_39","2024-05-19","135","140.50","30"
"SKU_39","2024-05-20","143","140.37","30"
"SKU_39","2024-05-21","136","139.97","30"
"SKU_39","2024-05-22","119","138.60","30"
"SKU_39","2024-05-23","148","138.47","30"
"SKU_39","2024-05-24","114","137.83","30"
"SKU_39","2024-05-25","129","137.23","30"
"SKU_39","2024-05-26","126","136.57","30"
"SKU_39","2024-05-27","109","135.07","30"
"SKU_39","2024-05-28","136","134.93","30"
"SKU_39","2024-05-29","132","134.53","30"
"SKU_39","2024-05-30","123","133.33","30"
"SKU_39","2024-05-31","129","132.63","30"
"SKU_39","2024-06-01","143","132.43","30"
"SKU_39","2024-06-02","142","132.30","30"
"SKU_39","2024-06-03","110","131.50","30"
"SKU_39","2024-06-04","129","131.30","30"
"SKU_39","2024-06-05","141","131.93","30"
"SKU_39","2024-06-06","136","131.70","30"
"SKU_39","2024-06-07","133","131.33","30"
"SKU_39","2024-06-08","110","130.53","30"
"SKU_39","2024-06-09","129","130.23","30"
"SKU_39","2024-06-10","106","128.93","30"
"SKU_39","2024-06-11","101","127.73","30"
"SKU_39","2024-06-12","108","127.17","30"
"SKU_39","2024-06-13","132","127.33","30"
"SKU_39","2024-06-14","141","127.97","30"
"SKU_39","2024-06-15","108","127.60","30"
"SKU_39","2024-06-16","115","126.73","30"
"SKU_39","2024-06-17","102","125.50","30"
"SKU_39","2024-06-18","128","125.27","30"
"SKU_39","2024-06-19","122","124.57","30"
"SKU_39","2024-06-20","126","124.23","30"
"SKU_39","2024-06-21","119","124.23","30"
"SKU_39","2024-06-22","79","121.93","30"
"SKU_39","2024-06-23","111","121.83","30"
"SKU_39","2024-06-24","103","120.97","30"
"SKU_39","2024-06-25","89","119.73","30"
"SKU_39","2024-06-26","96","119.30","30"
"SKU_39","2024-06-27","92","117.83","30"
"SKU_39","2024-06-28","88","116.37","30"
"SKU_39","2024-06-29","76","114.80","30"
"SKU_39","2024-06-30","116","114.37","30"
"SKU_39","2024-07-01","91","112.63","30"
"SKU_39","2024-07-02","91","110.93","30"
"SKU_39","2024-07-03","98","110.53","30"
"SKU_39","2024-07-04","84","109.03","30"
"SKU_39","2024-07-05","115","108.17","30"
"SKU_39","2024-07-06","91","106.67","30"
"SKU_39","2024-07-07","84","105.03","30"
"SKU_39","2024-07-08","79","104.00","30"
"SKU_39","2024-07-09","94","102.83","30"
"SKU_39","2024-07-10","83","102.07","30"
"SKU_39","2024-07-11","87","101.60","30"
"SKU_39","2024-07-12","87","100.90","30"
"SKU_39","2024-07-13","73","98.93","30"
"SKU_39","2024-07-14","105","97.73","30"
"SKU_39","2024-07-15","76","96.67","30"
"SKU_39","2024-07-16","91","95.87","30"
"SKU_39","2024-07-17","93","95.57","30"
"SKU_39","2024-07-18","90","94.30","30"
"SKU_39","2024-07-19","82","92.97","30"
"SKU_39","2024-07-20","96","91.97","30"
"SKU_39","2024-07-21","82","90.73","30"
"SKU_39","2024-07-22","87","91.00","30"
"SKU_39","2024-07-23","60","89.30","30"
"SKU_39","2024-07-24","89","88.83","30"
"SKU_39","2024-07-25","97","89.10","30"
"SKU_39","2024-07-26","83","88.67","30"
"SKU_39","2024-07-27","59","87.57","30"
"SKU_39","2024-07-28","66","86.83","30"
"SKU_39","2024-07-29","66","86.50","30"
"SKU_39","2024-07-30","92","85.70","30"
"SKU_39","2024-07-31","67","84.90","30"
"SKU_39","2024-08-01","75","84.37","30"
"SKU_39","2024-08-02","85","83.93","30"
"SKU_39","2024-08-03","76","83.67","30"
"SKU_39","2024-08-04","94","82.97","30"
"SKU_39","2024-08-05","58","81.87","30"
"SKU_39","2024-08-06","53","80.83","30"
"SKU_39","2024-08-07","61","80.23","30"
"SKU_39","2024-08-08","60","79.10","30"
"SKU_39","2024-08-09","79","78.97","30"
"SKU_39","2024-08-10","53","77.83","30"
"SKU_39","2024-08-11","79","77.57","30"
"SKU_39","2024-08-12","50","76.80","30"
"SKU_39","2024-08-13","80","75.97","30"
"SKU_39","2024-08-14","60","75.43","30"
"SKU_39","2024-08-15","64","74.53","30"
"SKU_39","2024-08-16","59","73.40","30"
"SKU_39","2024-08-17","66","72.60","30"
"SKU_39","2024-08-18","59","71.83","30"
"SKU_39","2024-08-19","52","70.37","30"
"SKU_39","2024-08-20","73","70.07","30"
"SKU_39","2024-08-21","79","69.80","30"
"SKU_39","2024-08-22","61","69.83","30"
"SKU_39","2024-08-23","58","68.80","30"
"SKU_39","2024-08-24","57","67.47","30"
"SKU_39","2024-08-25","63","66.80","30"
"SKU_39","2024-08-26","49","66.47","30"
"SKU_39","2024-08-27","64","66.40","30"
"SKU_39","2024-08-28","73","66.63","30"
"SKU_39","2024-08-29","47","65.13","30"
"SKU_39","2024-08-30","47","64.47","30"
"SKU_39","2024-08-31","52","63.70","30"
"SKU_39","2024-09-01","61","62.90","30"
"SKU_39","2024-09-02","54","62.17","30"
"SKU_39","2024-09-03","68","61.30","30"
"SKU_39","2024-09-04","64","61.50","30"
"SKU_39","2024-09-05","47","61.30","30"
"SKU_39","2024-09-06","67","61.50","30"
"SKU_39","2024-09-07","34","60.63","30"
"SKU_39","2024-09-08","64","60.13","30"
"SKU_39","2024-09-09","56","60.23","30"
"SKU_39","2024-09-10","38","58.87","30"
"SKU_39","2024-09-11","62","59.27","30"
"SKU_39","2024-09-12","42","58.00","30"
"SKU_39","2024-09-13","50","57.67","30"
"SKU_39","2024-09-14","47","57.10","30"
"SKU_39","2024-09-15","49","56.77","30"
"SKU_39","2024-09-16","51","56.27","30"
"SKU_39","2024-09-17","39","55.60","30"
"SKU_39","2024-09-18","56","55.73","30"
"SKU_39","2024-09-19","65","55.47","30"
"SKU_39","2024-09-20","41","54.20","30"
"SKU_39","2024-09-21","51","53.87","30"
"SKU_39","2024-09-22","49","53.57","30"
"SKU_39","2024-09-23","64","53.80","30"
"SKU_39","2024-09-24","90","54.70","30"
"SKU_39","2024-09-25","64","55.20","30"
"SKU_39","2024-09-26","60","55.07","30"
"SKU_39","2024-09-27","42","54.03","30"
"SKU_39","2024-09-28","50","54.13","30"
"SKU_39","2024-09-29","60","54.57","30"
"SKU_39","2024-09-30","51","54.53","30"
"SKU_39","2024-10-01","56","54.37","30"
"SKU_39","2024-10-02","40","53.90","30"
"SKU_39","2024-10-03","52","53.37","30"
"SKU_39","2024-10-04","46","52.77","30"
"SKU_39","2024-10-05","44","52.67","30"
"SKU_39","2024-10-06","70","52.77","30"
"SKU_39","2024-10-07","51","53.33","30"
"SKU_39","2024-10-08","73","53.63","30"
"SKU_39","2024-10-09","64","53.90","30"
"SKU_39","2024-10-10","41","54.00","30"
"SKU_39","2024-10-11","43","53.37","30"
"SKU_39","2024-10-12","43","53.40","30"
"SKU_39","2024-10-13","52","53.47","30"
"SKU_39","2024-10-14","49","53.53","30"
"SKU_39","2024-10-15","36","53.10","30"
"SKU_39","2024-10-16","43","52.83","30"
"SKU_39","2024-10-17","21","52.23","30"
"SKU_39","2024-10-18","48","51.97","30"
"SKU_39","2024-10-19","60","51.80","30"
"SKU_39","2024-10-20","41","51.80","30"
"SKU_39","2024-10-21","64","52.23","30"
"SKU_39","2024-10-22","33","51.70","30"
"SKU_39","2024-10-23","64","51.70","30"
"SKU_39","2024-10-24","48","50.30","30"
"SKU_39","2024-10-25","42","49.57","30"
"SKU_39","2024-10-26","60","49.57","30"
"SKU_39","2024-10-27","82","50.90","30"
"SKU_39","2024-10-28","87","52.13","30"
"SKU_39","2024-10-29","46","51.67","30"
"SKU_39","2024-10-30","53","51.73","30"
"SKU_39","2024-10-31","58","51.80","30"
"SKU_39","2024-11-01","61","52.50","30"
"SKU_39","2024-11-02","55","52.60","30"
"SKU_39","2024-11-03","55","52.90","30"
"SKU_39","2024-11-04","42","52.83","30"
"SKU_39","2024-11-05","61","52.53","30"
"SKU_39","2024-11-06","63","52.93","30"
"SKU_39","2024-11-07","51","52.20","30"
"SKU_39","2024-11-08","80","52.73","30"
"SKU_39","2024-11-09","64","53.50","30"
"SKU_39","2024-11-10","54","53.87","30"
"SKU_39","2024-11-11","74","54.90","30"
"SKU_39","2024-11-12","67","55.40","30"
"SKU_39","2024-11-13","65","55.93","30"
"SKU_39","2024-11-14","55","56.57","30"
"SKU_39","2024-11-15","84","57.93","30"
"SKU_39","2024-11-16","54","59.03","30"
"SKU_39","2024-11-17","54","59.23","30"
"SKU_39","2024-11-18","83","60.00","30"
"SKU_39","2024-11-19","63","60.73","30"
"SKU_39","2024-11-20","74","61.07","30"
"SKU_39","2024-11-21","69","62.27","30"
"SKU_39","2024-11-22","80","62.80","30"
"SKU_39","2024-11-23","72","63.60","30"
"SKU_39","2024-11-24","98","65.47","30"
"SKU_39","2024-11-25","59","65.43","30"
"SKU_39","2024-11-26","54","64.50","30"
"SKU_39","2024-11-27","63","63.70","30"
"SKU_39","2024-11-28","43","63.60","30"
"SKU_39","2024-11-29","72","64.23","30"
"SKU_39","2024-11-30","73","64.73","30"
"SKU_39","2024-12-01","72","65.10","30"
"SKU_39","2024-12-02","68","65.53","30"
"SKU_39","2024-12-03","95","66.87","30"
"SKU_39","2024-12-04","86","68.33","30"
"SKU_39","2024-12-05","84","69.10","30"
"SKU_39","2024-12-06","78","69.60","30"
"SKU_39","2024-12-07","74","70.37","30"
"SKU_39","2024-12-08","113","71.47","30"
"SKU_39","2024-12-09","93","72.43","30"
"SKU_39","2024-12-10","64","72.77","30"
"SKU_39","2024-12-11","80","72.97","30"
"SKU_39","2024-12-12","84","73.53","30"
"SKU_39","2024-12-13","118","75.30","30"
"SKU_39","2024-12-14","83","76.23","30"
"SKU_39","2024-12-15","89","76.40","30"
"SKU_39","2024-12-16","68","76.87","30"
"SKU_39","2024-12-17","76","77.60","30"
"SKU_39","2024-12-18","107","78.40","30"
"SKU_39","2024-12-19","104","79.77","30"
"SKU_39","2024-12-20","102","80.70","30"
"SKU_39","2024-12-21","100","81.73","30"
"SKU_39","2024-12-22","96","82.27","30"
"SKU_39","2024-12-23","88","82.80","30"
"SKU_39","2024-12-24","112","83.27","30"
"SKU_39","2024-12-25","83","84.07","30"
"SKU_39","2024-12-26","88","85.20","30"
"SKU_39","2024-12-27","114","86.90","30"
"SKU_39","2024-12-28","102","88.87","30"
"SKU_39","2024-12-29","70","88.80","30"
"SKU_39","2024-12-30","99","89.67","30"
"SKU_4","2024-01-01","109","109.00","1"
"SKU_4","2024-01-02","80","94.50","2"
"SKU_4","2024-01-03","121","103.33","3"
"SKU_4","2024-01-04","105","103.75","4"
"SKU_4","2024-01-05","110","105.00","5"
"SKU_4","2024-01-06","101","104.33","6"
"SKU_4","2024-01-07","117","106.14","7"
"SKU_4","2024-01-08","89","104.00","8"
"SKU_4","2024-01-09","119","105.67","9"
"SKU_4","2024-01-10","105","105.60","10"
"SKU_4","2024-01-11","102","105.27","11"
"SKU_4","2024-01-12","124","106.83","12"
"SKU_4","2024-01-13","120","107.85","13"
"SKU_4","2024-01-14","109","107.93","14"
"SKU_4","2024-01-15","108","107.93","15"
"SKU_4","2024-01-16","105","107.75","16"
"SKU_4","2024-01-17","106","107.65","17"
"SKU_4","2024-01-18","109","107.72","18"
"SKU_4","2024-01-19","117","108.21","19"
"SKU_4","2024-01-20","129","109.25","20"
"SKU_4","2024-01-21","116","109.57","21"
"SKU_4","2024-01-22","86","108.50","22"
"SKU_4","2024-01-23","134","109.61","23"
"SKU_4","2024-01-24","96","109.04","24"
"SKU_4","2024-01-25","136","110.12","25"
"SKU_4","2024-01-26","118","110.42","26"
"SKU_4","2024-01-27","115","110.59","27"
"SKU_4","2024-01-28","140","111.64","28"
"SKU_4","2024-01-29","119","111.90","29"
"SKU_4","2024-01-30","110","111.83","30"
"SKU_4","2024-01-31","105","111.70","30"
"SKU_4","2024-02-01","138","113.63","30"
"SKU_4","2024-02-02","143","114.37","30"
"SKU_4","2024-02-03","165","116.37","30"
"SKU_4","2024-02-04","144","117.50","30"
"SKU_4","2024-02-05","131","118.50","30"
"SKU_4","2024-02-06","125","118.77","30"
"SKU_4","2024-02-07","124","119.93","30"
"SKU_4","2024-02-08","135","120.47","30"
"SKU_4","2024-02-09","121","121.00","30"
"SKU_4","2024-02-10","141","122.30","30"
"SKU_4","2024-02-11","137","122.73","30"
"SKU_4","2024-02-12","123","122.83","30"
"SKU_4","2024-02-13","143","123.97","30"
"SKU_4","2024-02-14","150","125.37","30"
"SKU_4","2024-02-15","124","126.00","30"
"SKU_4","2024-02-16","114","126.27","30"
"SKU_4","2024-02-17","121","126.67","30"
"SKU_4","2024-02-18","139","127.40","30"
"SKU_4","2024-02-19","128","127.37","30"
"SKU_4","2024-02-20","150","128.50","30"
"SKU_4","2024-02-21","141","130.33","30"
"SKU_4","2024-02-22","131","130.23","30"
"SKU_4","2024-02-23","133","131.47","30"
"SKU_4","2024-02-24","132","131.33","30"
"SKU_4","2024-02-25","151","132.43","30"
"SKU_4","2024-02-26","146","133.47","30"
"SKU_4","2024-02-27","166","134.33","30"
"SKU_4","2024-02-28","166","135.90","30"
"SKU_4","2024-02-29","140","136.90","30"
"SKU_4","2024-03-01","139","138.03","30"
"SKU_4","2024-03-02","141","138.13","30"
"SKU_4","2024-03-03","152","138.43","30"
"SKU_4","2024-03-04","154","138.07","30"
"SKU_4","2024-03-05","148","138.20","30"
"SKU_4","2024-03-06","135","138.33","30"
"SKU_4","2024-03-07","166","139.70","30"
"SKU_4","2024-03-08","164","141.03","30"
"SKU_4","2024-03-09","133","140.97","30"
"SKU_4","2024-03-10","152","142.00","30"
"SKU_4","2024-03-11","156","142.50","30"
"SKU_4","2024-03-12","137","142.50","30"
"SKU_4","2024-03-13","149","143.37","30"
"SKU_4","2024-03-14","134","143.07","30"
"SKU_4","2024-03-15","185","144.23","30"
"SKU_4","2024-03-16","141","144.80","30"
"SKU_4","2024-03-17","152","146.07","30"
"SKU_4","2024-03-18","144","146.83","30"
"SKU_4","2024-03-19","140","146.87","30"
"SKU_4","2024-03-20","146","147.47","30"
"SKU_4","2024-03-21","151","147.50","30"
"SKU_4","2024-03-22","134","147.27","30"
"SKU_4","2024-03-23","140","147.57","30"
"SKU_4","2024-03-24","128","147.40","30"
"SKU_4","2024-03-25","161","148.37","30"
"SKU_4","2024-03-26","152","148.40","30"
"SKU_4","2024-03-27","163","148.97","30"
"SKU_4","2024-03-28","139","148.07","30"
"SKU_4","2024-03-29","148","147.47","30"
"SKU_4","2024-03-30","120","146.80","30"
"SKU_4","2024-03-31","164","147.63","30"
"SKU_4","2024-04-01","169","148.57","30"
"SKU_4","2024-04-02","150","148.50","30"
"SKU_4","2024-04-03","151","148.40","30"
"SKU_4","2024-04-04","142","148.20","30"
"SKU_4","2024-04-05","179","149.67","30"
"SKU_4","2024-04-06","168","149.73","30"
"SKU_4","2024-04-07","161","149.63","30"
"SKU_4","2024-04-08","143","149.97","30"
"SKU_4","2024-04-09","143","149.67","30"
"SKU_4","2024-04-10","150","149.47","30"
"SKU_4","2024-04-11","171","150.60","30"
"SKU_4","2024-04-12","174","151.43","30"
"SKU_4","2024-04-13","161","152.33","30"
"SKU_4","2024-04-14","141","150.87","30"
"SKU_4","2024-04-15","159","151.47","30"
"SKU_4","2024-04-16","152","151.47","30"
"SKU_4","2024-04-17","153","151.77","30"
"SKU_4","2024-04-18","133","151.53","30"
"SKU_4","2024-04-19","140","151.33","30"
"SKU_4","2024-04-20","161","151.67","30"
"SKU_4","2024-04-21","167","152.77","30"
"SKU_4","2024-04-22","136","152.63","30"
"SKU_4","2024-04-23","144","153.17","30"
"SKU_4","2024-04-24","151","152.83","30"
"SKU_4","2024-04-25","141","152.47","30"
"SKU_4","2024-04-26","150","152.03","30"
"SKU_4","2024-04-27","153","152.50","30"
"SKU_4","2024-04-28","145","152.40","30"
"SKU_4","2024-04-29","153","153.50","30"
"SKU_4","2024-04-30","161","153.40","30"
"SKU_4","2024-05-01","168","153.37","30"
"SKU_4","2024-05-02","140","153.03","30"
"SKU_4","2024-05-03","130","152.33","30"
"SKU_4","2024-05-04","159","152.90","30"
"SKU_4","2024-05-05","145","151.77","30"
"SKU_4","2024-05-06","115","150.00","30"
"SKU_4","2024-05-07","133","149.07","30"
"SKU_4","2024-05-08","135","148.80","30"
"SKU_4","2024-05-09","169","149.67","30"
"SKU_4","2024-05-10","126","148.87","30"
"SKU_4","2024-05-11","145","148.00","30"
"SKU_4","2024-05-12","149","147.17","30"
"SKU_4","2024-05-13","132","146.20","30"
"SKU_4","2024-05-14","132","145.90","30"
"SKU_4","2024-05-15","163","146.03","30"
"SKU_4","2024-05-16","139","145.60","30"
"SKU_4","2024-05-17","127","144.73","30"
"SKU_4","2024-05-18","126","144.50","30"
"SKU_4","2024-05-19","161","145.20","30"
"SKU_4","2024-05-20","137","144.40","30"
"SKU_4","2024-05-21","143","143.60","30"
"SKU_4","2024-05-22","125","143.23","30"
"SKU_4","2024-05-23","121","142.47","30"
"SKU_4","2024-05-24","145","142.27","30"
"SKU_4","2024-05-25","118","141.50","30"
"SKU_4","2024-05-26","130","140.83","30"
"SKU_4","2024-05-27","157","140.97","30"
"SKU_4","2024-05-28","121","140.17","30"
"SKU_4","2024-05-29","122","139.13","30"
"SKU_4","2024-05-30","136","138.30","30"
"SKU_4","2024-05-31","141","137.40","30"
"SKU_4","2024-06-01","101","136.10","30"
"SKU_4","2024-06-02","111","135.47","30"
"SKU_4","2024-06-03","103","133.60","30"
"SKU_4","2024-06-04","133","133.20","30"
"SKU_4","2024-06-05","121","133.40","30"
"SKU_4","2024-06-06","119","132.93","30"
"SKU_4","2024-06-07","116","132.30","30"
"SKU_4","2024-06-08","148","131.60","30"
"SKU_4","2024-06-09","124","131.53","30"
"SKU_4","2024-06-10","114","130.50","30"
"SKU_4","2024-06-11","121","129.57","30"
"SKU_4","2024-06-12","140","129.83","30"
"SKU_4","2024-06-13","108","129.03","30"
"SKU_4","2024-06-14","122","127.67","30"
"SKU_4","2024-06-15","105","126.53","30"
"SKU_4","2024-06-16","121","126.33","30"
"SKU_4","2024-06-17","120","126.13","30"
"SKU_4","2024-06-18","104","124.23","30"
"SKU_4","2024-06-19","97","122.90","30"
"SKU_4","2024-06-20","107","121.70","30"
"SKU_4","2024-06-21","94","120.67","30"
"SKU_4","2024-06-22","106","120.17","30"
"SKU_4","2024-06-23","96","118.53","30"
"SKU_4","2024-06-24","105","118.10","30"
"SKU_4","2024-06-25","119","117.73","30"
"SKU_4","2024-06-26","97","115.73","30"
"SKU_4","2024-06-27","131","116.07","30"
"SKU_4","2024-06-28","96","115.20","30"
"SKU_4","2024-06-29","97","113.90","30"
"SKU_4","2024-06-30","87","112.10","30"
"SKU_4","2024-07-01","105","112.23","30"
"SKU_4","2024-07-02","68","110.80","30"
"SKU_4","2024-07-03","114","111.17","30"
"SKU_4","2024-07-04","100","110.07","30"
"SKU_4","2024-07-05","94","109.17","30"
"SKU_4","2024-07-06","98","108.47","30"
"SKU_4","2024-07-07","104","108.07","30"
"SKU_4","2024-07-08","101","106.50","30"
"SKU_4","2024-07-09","83","105.13","30"
"SKU_4","2024-07-10","70","103.67","30"
"SKU_4","2024-07-11","85","102.47","30"
"SKU_4","2024-07-12","81","100.50","30"
"SKU_4","2024-07-13","83","99.67","30"
"SKU_4","2024-07-14","76","98.13","30"
"SKU_4","2024-07-15","76","97.17","30"
"SKU_4","2024-07-16","98","96.40","30"
"SKU_4","2024-07-17","106","95.93","30"
"SKU_4","2024-07-18","69","94.77","30"
"SKU_4","2024-07-19","77","94.10","30"
"SKU_4","2024-07-20","90","93.53","30"
"SKU_4","2024-07-21","93","93.50","30"
"SKU_4","2024-07-22","76","92.50","30"
"SKU_4","2024-07-23","111","93.00","30"
"SKU_4","2024-07-24","78","92.10","30"
"SKU_4","2024-07-25","76","90.67","30"
"SKU_4","2024-07-26","67","89.67","30"
"SKU_4","2024-07-27","79","87.93","30"
"SKU_4","2024-07-28","90","87.73","30"
"SKU_4","2024-07-29","64","86.63","30"
"SKU_4","2024-07-30","77","86.30","30"
"SKU_4","2024-07-31","96","86.00","30"
"SKU_4","2024-08-01","79","86.37","30"
"SKU_4","2024-08-02","91","85.60","30"
"SKU_4","2024-08-03","65","84.43","30"
"SKU_4","2024-08-04","97","84.53","30"
"SKU_4","2024-08-05","67","83.50","30"
"SKU_4","2024-08-06","82","82.77","30"
"SKU_4","2024-08-07","72","81.80","30"
"SKU_4","2024-08-08","70","81.37","30"
"SKU_4","2024-08-09","62","81.10","30"
"SKU_4","2024-08-10","75","80.77","30"
"SKU_4","2024-08-11","77","80.63","30"
"SKU_4","2024-08-12","72","80.27","30"
"SKU_4","2024-08-13","54","79.53","30"
"SKU_4","2024-08-14","59","78.97","30"
"SKU_4","2024-08-15","77","78.27","30"
"SKU_4","2024-08-16","62","76.80","30"
"SKU_4","2024-08-17","50","76.17","30"
"SKU_4","2024-08-18","56","75.47","30"
"SKU_4","2024-08-19","69","74.77","30"
"SKU_4","2024-08-20","50","73.33","30"
"SKU_4","2024-08-21","74","73.27","30"
"SKU_4","2024-08-22","78","72.17","30"
"SKU_4","2024-08-23","78","72.17","30"
"SKU_4","2024-08-24","48","71.23","30"
"SKU_4","2024-08-25","39","70.30","30"
"SKU_4","2024-08-26","62","69.73","30"
"SKU_4","2024-08-27","76","69.27","30"
"SKU_4","2024-08-28","45","68.63","30"
"SKU_4","2024-08-29","43","67.50","30"
"SKU_4","2024-08-30","62","66.37","30"
"SKU_4","2024-08-31","43","65.17","30"
"SKU_4","2024-09-01","48","63.73","30"
"SKU_4","2024-09-02","37","62.80","30"
"SKU_4","2024-09-03","67","61.80","30"
"SKU_4","2024-09-04","46","61.10","30"
"SKU_4","2024-09-05","56","60.23","30"
"SKU_4","2024-09-06","63","59.93","30"
"SKU_4","2024-09-07","35","58.77","30"
"SKU_4","2024-09-08","53","58.47","30"
"SKU_4","2024-09-09","57","57.87","30"
"SKU_4","2024-09-10","52","57.03","30"
"SKU_4","2024-09-11","56","56.50","30"
"SKU_4","2024-09-12","45","56.20","30"
"SKU_4","2024-09-13","65","56.40","30"
"SKU_4","2024-09-14","62","55.90","30"
"SKU_4","2024-09-15","52","55.57","30"
"SKU_4","2024-09-16","75","56.40","30"
"SKU_4","2024-09-17","57","56.43","30"
"SKU_4","2024-09-18","39","55.43","30"
"SKU_4","2024-09-19","51","55.47","30"
"SKU_4","2024-09-20","51","54.70","30"
"SKU_4","2024-09-21","51","53.80","30"
"SKU_4","2024-09-22","46","52.73","30"
"SKU_4","2024-09-23","42","52.53","30"
"SKU_4","2024-09-24","56","53.10","30"
"SKU_4","2024-09-25","34","52.17","30"
"SKU_4","2024-09-26","51","51.33","30"
"SKU_4","2024-09-27","51","51.53","30"
"SKU_4","2024-09-28","36","51.30","30"
"SKU_4","2024-09-29","51","50.93","30"
"SKU_4","2024-09-30","63","51.60","30"
"SKU_4","2024-10-01","48","51.60","30"
"SKU_4","2024-10-02","51","52.07","30"
"SKU_4","2024-10-03","40","51.17","30"
"SKU_4","2024-10-04","45","51.13","30"
"SKU_4","2024-10-05","49","50.90","30"
"SKU_4","2024-10-06","59","50.77","30"
"SKU_4","2024-10-07","26","50.47","30"
"SKU_4","2024-10-08","61","50.73","30"
"SKU_4","2024-10-09","79","51.47","30"
"SKU_4","2024-10-10","44","51.20","30"
"SKU_4","2024-10-11","65","51.50","30"
"SKU_4","2024-10-12","58","51.93","30"
"SKU_4","2024-10-13","57","51.67","30"
"SKU_4","2024-10-14","46","51.13","30"
"SKU_4","2024-10-15","47","50.97","30"
"SKU_4","2024-10-16","56","50.33","30"
"SKU_4","2024-10-17","80","51.10","30"
"SKU_4","2024-10-18","67","52.03","30"
"SKU_4","2024-10-19","59","52.30","30"
"SKU_4","2024-10-20","43","52.03","30"
"SKU_4","2024-10-21","41","51.70","30"
"SKU_4","2024-10-22","44","51.63","30"
"SKU_4","2024-10-23","53","52.00","30"
"SKU_4","2024-10-24","41","51.50","30"
"SKU_4","2024-10-25","35","51.53","30"
"SKU_4","2024-10-26","38","51.10","30"
"SKU_4","2024-10-27","60","51.40","30"
"SKU_4","2024-10-28","62","52.27","30"
"SKU_4","2024-10-29","65","52.73","30"
"SKU_4","2024-10-30","54","52.43","30"
"SKU_4","2024-10-31","60","52.83","30"
"SKU_4","2024-11-01","54","52.93","30"
"SKU_4","2024-11-02","54","53.40","30"
"SKU_4","2024-11-03","77","54.47","30"
"SKU_4","2024-11-04","56","54.70","30"
"SKU_4","2024-11-05","57","54.63","30"
"SKU_4","2024-11-06","43","55.20","30"
"SKU_4","2024-11-07","63","55.27","30"
"SKU_4","2024-11-08","53","54.40","30"
"SKU_4","2024-11-09","67","55.17","30"
"SKU_4","2024-11-10","39","54.30","30"
"SKU_4","2024-11-11","58","54.30","30"
"SKU_4","2024-11-12","65","54.57","30"
"SKU_4","2024-11-13","56","54.90","30"
"SKU_4","2024-11-14","69","55.63","30"
"SKU_4","2024-11-15","62","55.83","30"
"SKU_4","2024-11-16","71","55.53","30"
"SKU_4","2024-11-17","62","55.37","30"
"SKU_4","2024-11-18","80","56.07","30"
"SKU_4","2024-11-19","50","56.30","30"
"SKU_4","2024-11-20","63","57.03","30"
"SKU_4","2024-11-21","74","58.03","30"
"SKU_4","2024-11-22","85","59.10","30"
"SKU_4","2024-11-23","53","59.50","30"
"SKU_4","2024-11-24","91","61.37","30"
"SKU_4","2024-11-25","81","62.80","30"
"SKU_4","2024-11-26","57","62.70","30"
"SKU_4","2024-11-27","82","63.37","30"
"SKU_4","2024-11-28","66","63.40","30"
"SKU_4","2024-11-29","77","64.17","30"
"SKU_4","2024-11-30","89","65.13","30"
"SKU_4","2024-12-01","75","65.83","30"
"SKU_4","2024-12-02","77","66.60","30"
"SKU_4","2024-12-03","75","66.53","30"
"SKU_4","2024-12-04","95","67.83","30"
"SKU_4","2024-12-05","78","68.53","30"
"SKU_4","2024-12-06","94","70.23","30"
"SKU_4","2024-12-07","84","70.93","30"
"SKU_4","2024-12-08","69","71.47","30"
"SKU_4","2024-12-09","87","72.13","30"
"SKU_4","2024-12-10","70","73.17","30"
"SKU_4","2024-12-11","84","74.03","30"
"SKU_4","2024-12-12","82","74.60","30"
"SKU_4","2024-12-13","92","75.80","30"
"SKU_4","2024-12-14","65","75.67","30"
"SKU_4","2024-12-15","97","76.83","30"
"SKU_4","2024-12-16","102","77.87","30"
"SKU_4","2024-12-17","97","79.03","30"
"SKU_4","2024-12-18","72","78.77","30"
"SKU_4","2024-12-19","88","80.03","30"
"SKU_4","2024-12-20","88","80.87","30"
"SKU_4","2024-12-21","115","82.23","30"
"SKU_4","2024-12-22","101","82.77","30"
"SKU_4","2024-12-23","101","84.37","30"
"SKU_4","2024-12-24","82","84.07","30"
"SKU_4","2024-12-25","95","84.53","30"
"SKU_4","2024-12-26","101","86.00","30"
"SKU_4","2024-12-27","108","86.87","30"
"SKU_4","2024-12-28","104","88.13","30"
"SKU_4","2024-12-29","85","88.40","30"
"SKU_4","2024-12-30","109","89.07","30"
"SKU_40","2024-01-01","104","104.00","1"
"SKU_40","2024-01-02","109","106.50","2"
"SKU_40","2024-01-03","125","112.67","3"
"SKU_40","2024-01-04","114","113.00","4"
"SKU_40","2024-01-05","98","110.00","5"
"SKU_40","2024-01-06","88","106.33","6"
"SKU_40","2024-01-07","101","105.57","7"
"SKU_40","2024-01-08","100","104.88","8"
"SKU_40","2024-01-09","104","104.78","9"
"SKU_40","2024-01-10","123","106.60","10"
"SKU_40","2024-01-11","107","106.64","11"
"SKU_40","2024-01-12","97","105.83","12"
"SKU_40","2024-01-13","107","105.92","13"
"SKU_40","2024-01-14","106","105.93","14"
"SKU_40","2024-01-15","113","106.40","15"
"SKU_40","2024-01-16","119","107.19","16"
"SKU_40","2024-01-17","92","106.29","17"
"SKU_40","2024-01-18","133","107.78","18"
"SKU_40","2024-01-19","92","106.95","19"
"SKU_40","2024-01-20","142","108.70","20"
"SKU_40","2024-01-21","121","109.29","21"
"SKU_40","2024-01-22","115","109.55","22"
"SKU_40","2024-01-23","117","109.87","23"
"SKU_40","2024-01-24","114","110.04","24"
"SKU_40","2024-01-25","131","110.88","25"
"SKU_40","2024-01-26","116","111.08","26"
"SKU_40","2024-01-27","120","111.41","27"
"SKU_40","2024-01-28","117","111.61","28"
"SKU_40","2024-01-29","129","112.21","29"
"SKU_40","2024-01-30","148","113.40","30"
"SKU_40","2024-01-31","135","114.43","30"
"SKU_40","2024-02-01","108","114.40","30"
"SKU_40","2024-02-02","134","114.70","30"
"SKU_40","2024-02-03","117","114.80","30"
"SKU_40","2024-02-04","100","114.87","30"
"SKU_40","2024-02-05","139","116.57","30"
"SKU_40","2024-02-06","114","117.00","30"
"SKU_40","2024-02-07","119","117.63","30"
"SKU_40","2024-02-08","118","118.10","30"
"SKU_40","2024-02-09","149","118.97","30"
"SKU_40","2024-02-10","127","119.63","30"
"SKU_40","2024-02-11","121","120.43","30"
"SKU_40","2024-02-12","155","122.03","30"
"SKU_40","2024-02-13","128","122.77","30"
"SKU_40","2024-02-14","130","123.33","30"
"SKU_40","2024-02-15","143","124.13","30"
"SKU_40","2024-02-16","144","125.87","30"
"SKU_40","2024-02-17","132","125.83","30"
"SKU_40","2024-02-18","149","127.73","30"
"SKU_40","2024-02-19","146","127.87","30"
"SKU_40","2024-02-20","120","127.83","30"
"SKU_40","2024-02-21","159","129.30","30"
"SKU_40","2024-02-22","127","129.63","30"
"SKU_40","2024-02-23","151","130.87","30"
"SKU_40","2024-02-24","132","130.90","30"
"SKU_40","2024-02-25","133","131.47","30"
"SKU_40","2024-02-26","166","133.00","30"
"SKU_40","2024-02-27","133","133.53","30"
"SKU_40","2024-02-28","150","134.23","30"
"SKU_40","2024-02-29","144","134.10","30"
"SKU_40","2024-03-01","129","133.90","30"
"SKU_40","2024-03-02","118","134.23","30"
"SKU_40","2024-03-03","135","134.27","30"
"SKU_40","2024-03-04","140","135.03","30"
"SKU_40","2024-03-05","157","136.93","30"
"SKU_40","2024-03-06","173","138.07","30"
"SKU_40","2024-03-07","147","139.17","30"
"SKU_40","2024-03-08","138","139.80","30"
"SKU_40","2024-03-09","151","140.90","30"
"SKU_40","2024-03-10","145","140.77","30"
"SKU_40","2024-03-11","167","142.10","30"
"SKU_40","2024-03-12","145","142.90","30"
"SKU_40","2024-03-13","135","142.23","30"
"SKU_40","2024-03-14","129","142.27","30"
"SKU_40","2024-03-15","147","142.83","30"
"SKU_40","2024-03-16","147","142.97","30"
"SKU_40","2024-03-17","165","143.67","30"
"SKU_40","2024-03-18","159","144.57","30"
"SKU_40","2024-03-19","165","145.10","30"
"SKU_40","2024-03-20","167","145.80","30"
"SKU_40","2024-03-21","161","147.17","30"
"SKU_40","2024-03-22","143","146.63","30"
"SKU_40","2024-03-23","163","147.83","30"
"SKU_40","2024-03-24","159","148.10","30"
"SKU_40","2024-03-25","149","148.67","30"
"SKU_40","2024-03-26","156","149.43","30"
"SKU_40","2024-03-27","174","149.70","30"
"SKU_40","2024-03-28","167","150.83","30"
"SKU_40","2024-03-29","162","151.23","30"
"SKU_40","2024-03-30","149","151.40","30"
"SKU_40","2024-03-31","144","151.90","30"
"SKU_40","2024-04-01","174","153.77","30"
"SKU_40","2024-04-02","151","154.30","30"
"SKU_40","2024-04-03","157","154.87","30"
"SKU_40","2024-04-04","162","155.03","30"
"SKU_40","2024-04-05","162","154.67","30"
"SKU_40","2024-04-06","144","154.57","30"
"SKU_40","2024-04-07","139","154.60","30"
"SKU_40","2024-04-08","153","154.67","30"
"SKU_40","2024-04-09","128","154.10","30"
"SKU_40","2024-04-10","150","153.53","30"
"SKU_40","2024-04-11","142","153.43","30"
"SKU_40","2024-04-12","141","153.63","30"
"SKU_40","2024-04-13","147","154.23","30"
"SKU_40","2024-04-14","143","154.10","30"
"SKU_40","2024-04-15","147","154.10","30"
"SKU_40","2024-04-16","135","153.10","30"
"SKU_40","2024-04-17","149","152.77","30"
"SKU_40","2024-04-18","144","152.07","30"
"SKU_40","2024-04-19","153","151.60","30"
"SKU_40","2024-04-20","139","150.87","30"
"SKU_40","2024-04-21","156","151.30","30"
"SKU_40","2024-04-22","140","150.53","30"
"SKU_40","2024-04-23","136","149.77","30"
"SKU_40","2024-04-24","141","149.50","30"
"SKU_40","2024-04-25","168","149.90","30"
"SKU_40","2024-04-26","154","149.23","30"
"SKU_40","2024-04-27","138","148.27","30"
"SKU_40","2024-04-28","136","147.40","30"
"SKU_40","2024-04-29","118","146.37","30"
"SKU_40","2024-04-30","135","146.07","30"
"SKU_40","2024-05-01","174","146.07","30"
"SKU_40","2024-05-02","134","145.50","30"
"SKU_40","2024-05-03","160","145.60","30"
"SKU_40","2024-05-04","157","145.43","30"
"SKU_40","2024-05-05","151","145.07","30"
"SKU_40","2024-05-06","154","145.40","30"
"SKU_40","2024-05-07","130","145.10","30"
"SKU_40","2024-05-08","146","144.87","30"
"SKU_40","2024-05-09","139","145.23","30"
"SKU_40","2024-05-10","121","144.27","30"
"SKU_40","2024-05-11","135","144.03","30"
"SKU_40","2024-05-12","127","143.57","30"
"SKU_40","2024-05-13","137","143.23","30"
"SKU_40","2024-05-14","144","143.27","30"
"SKU_40","2024-05-15","151","143.40","30"
"SKU_40","2024-05-16","129","143.20","30"
"SKU_40","2024-05-17","140","142.90","30"
"SKU_40","2024-05-18","131","142.47","30"
"SKU_40","2024-05-19","118","141.30","30"
"SKU_40","2024-05-20","142","141.40","30"
"SKU_40","2024-05-21","124","140.33","30"
"SKU_40","2024-05-22","97","138.90","30"
"SKU_40","2024-05-23","121","138.40","30"
"SKU_40","2024-05-24","131","138.07","30"
"SKU_40","2024-05-25","142","137.20","30"
"SKU_40","2024-05-26","128","136.33","30"
"SKU_40","2024-05-27","132","136.13","30"
"SKU_40","2024-05-28","136","136.13","30"
"SKU_40","2024-05-29","132","136.60","30"
"SKU_40","2024-05-30","132","136.50","30"
"SKU_40","2024-05-31","125","134.87","30"
"SKU_40","2024-06-01","133","134.83","30"
"SKU_40","2024-06-02","112","133.23","30"
"SKU_40","2024-06-03","127","132.23","30"
"SKU_40","2024-06-04","152","132.27","30"
"SKU_40","2024-06-05","115","130.97","30"
"SKU_40","2024-06-06","125","130.80","30"
"SKU_40","2024-06-07","127","130.17","30"
"SKU_40","2024-06-08","121","129.57","30"
"SKU_40","2024-06-09","108","129.13","30"
"SKU_40","2024-06-10","111","128.33","30"
"SKU_40","2024-06-11","107","127.67","30"
"SKU_40","2024-06-12","109","126.73","30"
"SKU_40","2024-06-13","138","126.53","30"
"SKU_40","2024-06-14","111","125.20","30"
"SKU_40","2024-06-15","121","124.93","30"
"SKU_40","2024-06-16","125","124.43","30"
"SKU_40","2024-06-17","114","123.87","30"
"SKU_40","2024-06-18","91","122.97","30"
"SKU_40","2024-06-19","132","122.63","30"
"SKU_40","2024-06-20","110","122.17","30"
"SKU_40","2024-06-21","103","122.37","30"
"SKU_40","2024-06-22","103","121.77","30"
"SKU_40","2024-06-23","105","120.90","30"
"SKU_40","2024-06-24","85","119.00","30"
"SKU_40","2024-06-25","81","117.43","30"
"SKU_40","2024-06-26","113","116.80","30"
"SKU_40","2024-06-27","121","116.30","30"
"SKU_40","2024-06-28","96","115.10","30"
"SKU_40","2024-06-29","112","114.43","30"
"SKU_40","2024-06-30","104","113.73","30"
"SKU_40","2024-07-01","100","112.63","30"
"SKU_40","2024-07-02","100","112.23","30"
"SKU_40","2024-07-03","107","111.57","30"
"SKU_40","2024-07-04","106","110.03","30"
"SKU_40","2024-07-05","80","108.87","30"
"SKU_40","2024-07-06","104","108.17","30"
"SKU_40","2024-07-07","95","107.10","30"
"SKU_40","2024-07-08","108","106.67","30"
"SKU_40","2024-07-09","88","106.00","30"
"SKU_40","2024-07-10","118","106.23","30"
"SKU_40","2024-07-11","85","105.50","30"
"SKU_40","2024-07-12","82","104.60","30"
"SKU_40","2024-07-13","96","103.20","30"
"SKU_40","2024-07-14","93","102.60","30"
"SKU_40","2024-07-15","99","101.87","30"
"SKU_40","2024-07-16","85","100.53","30"
"SKU_40","2024-07-17","76","99.27","30"
"SKU_40","2024-07-18","69","98.53","30"
"SKU_40","2024-07-19","86","97.00","30"
"SKU_40","2024-07-20","77","95.90","30"
"SKU_40","2024-07-21","88","95.40","30"
"SKU_40","2024-07-22","64","94.10","30"
"SKU_40","2024-07-23","73","93.03","30"
"SKU_40","2024-07-24","118","94.13","30"
"SKU_40","2024-07-25","77","94.00","30"
"SKU_40","2024-07-26","66","92.43","30"
"SKU_40","2024-07-27","63","90.50","30"
"SKU_40","2024-07-28","89","90.27","30"
"SKU_40","2024-07-29","57","88.43","30"
"SKU_40","2024-07-30","87","87.87","30"
"SKU_40","2024-07-31","85","87.37","30"
"SKU_40","2024-08-01","81","86.73","30"
"SKU_40","2024-08-02","70","85.50","30"
"SKU_40","2024-08-03","79","84.60","30"
"SKU_40","2024-08-04","73","84.37","30"
"SKU_40","2024-08-05","66","83.10","30"
"SKU_40","2024-08-06","73","82.37","30"
"SKU_40","2024-08-07","56","80.63","30"
"SKU_40","2024-08-08","72","80.10","30"
"SKU_40","2024-08-09","88","79.10","30"
"SKU_40","2024-08-10","62","78.33","30"
"SKU_40","2024-08-11","58","77.53","30"
"SKU_40","2024-08-12","65","76.50","30"
"SKU_40","2024-08-13","80","76.07","30"
"SKU_40","2024-08-14","40","74.10","30"
"SKU_40","2024-08-15","49","72.90","30"
"SKU_40","2024-08-16","62","72.43","30"
"SKU_40","2024-08-17","60","72.13","30"
"SKU_40","2024-08-18","76","71.80","30"
"SKU_40","2024-08-19","66","71.43","30"
"SKU_40","2024-08-20","53","70.27","30"
"SKU_40","2024-08-21","66","70.33","30"
"SKU_40","2024-08-22","64","70.03","30"
"SKU_40","2024-08-23","84","68.90","30"
"SKU_40","2024-08-24","55","68.17","30"
"SKU_40","2024-08-25","69","68.27","30"
"SKU_40","2024-08-26","58","68.10","30"
"SKU_40","2024-08-27","55","66.97","30"
"SKU_40","2024-08-28","76","67.60","30"
"SKU_40","2024-08-29","49","66.33","30"
"SKU_40","2024-08-30","60","65.50","30"
"SKU_40","2024-08-31","57","64.70","30"
"SKU_40","2024-09-01","60","64.37","30"
"SKU_40","2024-09-02","57","63.63","30"
"SKU_40","2024-09-03","53","62.97","30"
"SKU_40","2024-09-04","52","62.50","30"
"SKU_40","2024-09-05","57","61.97","30"
"SKU_40","2024-09-06","38","61.37","30"
"SKU_40","2024-09-07","61","61.00","30"
"SKU_40","2024-09-08","68","60.33","30"
"SKU_40","2024-09-09","65","60.43","30"
"SKU_40","2024-09-10","38","59.77","30"
"SKU_40","2024-09-11","37","58.83","30"
"SKU_40","2024-09-12","47","57.73","30"
"SKU_40","2024-09-13","63","58.50","30"
"SKU_40","2024-09-14","35","58.03","30"
"SKU_40","2024-09-15","34","57.10","30"
"SKU_40","2024-09-16","54","56.90","30"
"SKU_40","2024-09-17","52","56.10","30"
"SKU_40","2024-09-18","50","55.57","30"
"SKU_40","2024-09-19","40","55.13","30"
"SKU_40","2024-09-20","47","54.50","30"
"SKU_40","2024-09-21","46","53.90","30"
"SKU_40","2024-09-22","65","53.27","30"
"SKU_40","2024-09-23","35","52.60","30"
"SKU_40","2024-09-24","62","52.37","30"
"SKU_40","2024-09-25","60","52.43","30"
"SKU_40","2024-09-26","30","51.60","30"
"SKU_40","2024-09-27","44","50.53","30"
"SKU_40","2024-09-28","31","49.93","30"
"SKU_40","2024-09-29","60","49.93","30"
"SKU_40","2024-09-30","44","49.50","30"
"SKU_40","2024-10-01","48","49.10","30"
"SKU_40","2024-10-02","40","48.53","30"
"SKU_40","2024-10-03","46","48.30","30"
"SKU_40","2024-10-04","42","47.97","30"
"SKU_40","2024-10-05","56","47.93","30"
"SKU_40","2024-10-06","41","48.03","30"
"SKU_40","2024-10-07","65","48.17","30"
"SKU_40","2024-10-08","46","47.43","30"
"SKU_40","2024-10-09","62","47.33","30"
"SKU_40","2024-10-10","63","48.17","30"
"SKU_40","2024-10-11","43","48.37","30"
"SKU_40","2024-10-12","43","48.23","30"
"SKU_40","2024-10-13","68","48.40","30"
"SKU_40","2024-10-14","55","49.07","30"
"SKU_40","2024-10-15","51","49.63","30"
"SKU_40","2024-10-16","40","49.17","30"
"SKU_40","2024-10-17","45","48.93","30"
"SKU_40","2024-10-18","52","49.00","30"
"SKU_40","2024-10-19","49","49.30","30"
"SKU_40","2024-10-20","53","49.50","30"
"SKU_40","2024-10-21","36","49.17","30"
"SKU_40","2024-10-22","54","48.80","30"
"SKU_40","2024-10-23","70","49.97","30"
"SKU_40","2024-10-24","33","49.00","30"
"SKU_40","2024-10-25","49","48.63","30"
"SKU_40","2024-10-26","29","48.60","30"
"SKU_40","2024-10-27","46","48.67","30"
"SKU_40","2024-10-28","42","49.03","30"
"SKU_40","2024-10-29","46","48.57","30"
"SKU_40","2024-10-30","60","49.10","30"
"SKU_40","2024-10-31","42","48.90","30"
"SKU_40","2024-11-01","30","48.57","30"
"SKU_40","2024-11-02","60","49.03","30"
"SKU_40","2024-11-03","51","49.33","30"
"SKU_40","2024-11-04","59","49.43","30"
"SKU_40","2024-11-05","61","50.10","30"
"SKU_40","2024-11-06","62","50.00","30"
"SKU_40","2024-11-07","69","50.77","30"
"SKU_40","2024-11-08","74","51.17","30"
"SKU_40","2024-11-09","60","51.07","30"
"SKU_40","2024-11-10","51","51.33","30"
"SKU_40","2024-11-11","60","51.90","30"
"SKU_40","2024-11-12","58","51.57","30"
"SKU_40","2024-11-13","65","51.90","30"
"SKU_40","2024-11-14","52","51.93","30"
"SKU_40","2024-11-15","57","52.50","30"
"SKU_40","2024-11-16","72","53.40","30"
"SKU_40","2024-11-17","65","53.83","30"
"SKU_40","2024-11-18","61","54.23","30"
"SKU_40","2024-11-19","66","54.67","30"
"SKU_40","2024-11-20","69","55.77","30"
"SKU_40","2024-11-21","78","56.57","30"
"SKU_40","2024-11-22","47","55.80","30"
"SKU_40","2024-11-23","66","56.90","30"
"SKU_40","2024-11-24","60","57.27","30"
"SKU_40","2024-11-25","64","58.43","30"
"SKU_40","2024-11-26","72","59.30","30"
"SKU_40","2024-11-27","68","60.17","30"
"SKU_40","2024-11-28","72","61.03","30"
"SKU_40","2024-11-29","88","61.97","30"
"SKU_40","2024-11-30","69","62.87","30"
"SKU_40","2024-12-01","79","64.50","30"
"SKU_40","2024-12-02","93","65.60","30"
"SKU_40","2024-12-03","76","66.43","30"
"SKU_40","2024-12-04","94","67.60","30"
"SKU_40","2024-12-05","74","68.03","30"
"SKU_40","2024-12-06","79","68.60","30"
"SKU_40","2024-12-07","73","68.73","30"
"SKU_40","2024-12-08","70","68.60","30"
"SKU_40","2024-12-09","101","69.97","30"
"SKU_40","2024-12-10","85","71.10","30"
"SKU_40","2024-12-11","119","73.07","30"
"SKU_40","2024-12-12","85","73.97","30"
"SKU_40","2024-12-13","84","74.60","30"
"SKU_40","2024-12-14","76","75.40","30"
"SKU_40","2024-12-15","72","75.90","30"
"SKU_40","2024-12-16","73","75.93","30"
"SKU_40","2024-12-17","80","76.43","30"
"SKU_40","2024-12-18","87","77.30","30"
"SKU_40","2024-12-19","80","77.77","30"
"SKU_40","2024-12-20","90","78.47","30"
"SKU_40","2024-12-21","83","78.63","30"
"SKU_40","2024-12-22","95","80.23","30"
"SKU_40","2024-12-23","90","81.03","30"
"SKU_40","2024-12-24","91","82.07","30"
"SKU_40","2024-12-25","104","83.40","30"
"SKU_40","2024-12-26","93","84.10","30"
"SKU_40","2024-12-27","109","85.47","30"
"SKU_40","2024-12-28","120","87.07","30"
"SKU_40","2024-12-29","112","87.87","30"
"SKU_40","2024-12-30","122","89.63","30"
"SKU_41","2024-01-01","93","93.00","1"
"SKU_41","2024-01-02","92","92.50","2"
"SKU_41","2024-01-03","105","96.67","3"
"SKU_41","2024-01-04","81","92.75","4"
"SKU_41","2024-01-05","113","96.80","5"
"SKU_41","2024-01-06","107","98.50","6"
"SKU_41","2024-01-07","107","99.71","7"
"SKU_41","2024-01-08","112","101.25","8"
"SKU_41","2024-01-09","97","100.78","9"
"SKU_41","2024-01-10","117","102.40","10"
"SKU_41","2024-01-11","107","102.82","11"
"SKU_41","2024-01-12","129","105.00","12"
"SKU_41","2024-01-13","101","104.69","13"
"SKU_41","2024-01-14","128","106.36","14"
"SKU_41","2024-01-15","120","107.27","15"
"SKU_41","2024-01-16","129","108.63","16"
"SKU_41","2024-01-17","125","109.59","17"
"SKU_41","2024-01-18","126","110.50","18"
"SKU_41","2024-01-19","101","110.00","19"
"SKU_41","2024-01-20","114","110.20","20"
"SKU_41","2024-01-21","128","111.05","21"
"SKU_41","2024-01-22","119","111.41","22"
"SKU_41","2024-01-23","121","111.83","23"
"SKU_41","2024-01-24","129","112.54","24"
"SKU_41","2024-01-25","127","113.12","25"
"SKU_41","2024-01-26","124","113.54","26"
"SKU_41","2024-01-27","134","114.30","27"
"SKU_41","2024-01-28","155","115.75","28"
"SKU_41","2024-01-29","137","116.48","29"
"SKU_41","2024-01-30","124","116.73","30"
"SKU_41","2024-01-31","143","118.40","30"
"SKU_41","2024-02-01","128","119.60","30"
"SKU_41","2024-02-02","115","119.93","30"
"SKU_41","2024-02-03","130","121.57","30"
"SKU_41","2024-02-04","155","122.97","30"
"SKU_41","2024-02-05","121","123.43","30"
"SKU_41","2024-02-06","101","123.23","30"
"SKU_41","2024-02-07","115","123.33","30"
"SKU_41","2024-02-08","135","124.60","30"
"SKU_41","2024-02-09","134","125.17","30"
"SKU_41","2024-02-10","113","125.37","30"
"SKU_41","2024-02-11","125","125.23","30"
"SKU_41","2024-02-12","136","126.40","30"
"SKU_41","2024-02-13","124","126.27","30"
"SKU_41","2024-02-14","150","127.27","30"
"SKU_41","2024-02-15","134","127.43","30"
"SKU_41","2024-02-16","139","127.90","30"
"SKU_41","2024-02-17","155","128.87","30"
"SKU_41","2024-02-18","117","129.40","30"
"SKU_41","2024-02-19","133","130.03","30"
"SKU_41","2024-02-20","133","130.20","30"
"SKU_41","2024-02-21","150","131.23","30"
"SKU_41","2024-02-22","130","131.53","30"
"SKU_41","2024-02-23","151","132.27","30"
"SKU_41","2024-02-24","165","133.53","30"
"SKU_41","2024-02-25","145","134.23","30"
"SKU_41","2024-02-26","123","133.87","30"
"SKU_41","2024-02-27","142","133.43","30"
"SKU_41","2024-02-28","135","133.37","30"
"SKU_41","2024-02-29","139","133.87","30"
"SKU_41","2024-03-01","158","134.37","30"
"SKU_41","2024-03-02","156","135.30","30"
"SKU_41","2024-03-03","129","135.77","30"
"SKU_41","2024-03-04","144","136.23","30"
"SKU_41","2024-03-05","135","135.57","30"
"SKU_41","2024-03-06","145","136.37","30"
"SKU_41","2024-03-07","125","137.17","30"
"SKU_41","2024-03-08","156","138.53","30"
"SKU_41","2024-03-09","145","138.87","30"
"SKU_41","2024-03-10","146","139.27","30"
"SKU_41","2024-03-11","137","140.07","30"
"SKU_41","2024-03-12","153","141.00","30"
"SKU_41","2024-03-13","144","141.27","30"
"SKU_41","2024-03-14","153","142.23","30"
"SKU_41","2024-03-15","154","142.37","30"
"SKU_41","2024-03-16","153","143.00","30"
"SKU_41","2024-03-17","174","144.17","30"
"SKU_41","2024-03-18","143","143.77","30"
"SKU_41","2024-03-19","162","145.27","30"
"SKU_41","2024-03-20","134","145.30","30"
"SKU_41","2024-03-21","194","147.33","30"
"SKU_41","2024-03-22","145","147.17","30"
"SKU_41","2024-03-23","134","147.30","30"
"SKU_41","2024-03-24","134","146.73","30"
"SKU_41","2024-03-25","155","146.40","30"
"SKU_41","2024-03-26","146","146.43","30"
"SKU_41","2024-03-27","138","146.93","30"
"SKU_41","2024-03-28","170","147.87","30"
"SKU_41","2024-03-29","147","148.27","30"
"SKU_41","2024-03-30","142","148.37","30"
"SKU_41","2024-03-31","154","148.23","30"
"SKU_41","2024-04-01","159","148.33","30"
"SKU_41","2024-04-02","139","148.67","30"
"SKU_41","2024-04-03","146","148.73","30"
"SKU_41","2024-04-04","146","149.10","30"
"SKU_41","2024-04-05","158","149.53","30"
"SKU_41","2024-04-06","147","150.27","30"
"SKU_41","2024-04-07","139","149.70","30"
"SKU_41","2024-04-08","147","149.77","30"
"SKU_41","2024-04-09","146","149.77","30"
"SKU_41","2024-04-10","144","150.00","30"
"SKU_41","2024-04-11","171","150.60","30"
"SKU_41","2024-04-12","138","150.40","30"
"SKU_41","2024-04-13","144","150.10","30"
"SKU_41","2024-04-14","157","150.20","30"
"SKU_41","2024-04-15","148","150.03","30"
"SKU_41","2024-04-16","126","148.43","30"
"SKU_41","2024-04-17","153","148.77","30"
"SKU_41","2024-04-18","148","148.30","30"
"SKU_41","2024-04-19","147","148.73","30"
"SKU_41","2024-04-20","135","146.77","30"
"SKU_41","2024-04-21","156","147.13","30"
"SKU_41","2024-04-22","151","147.70","30"
"SKU_41","2024-04-23","154","148.37","30"
"SKU_41","2024-04-24","156","148.40","30"
"SKU_41","2024-04-25","142","148.27","30"
"SKU_41","2024-04-26","168","149.27","30"
"SKU_41","2024-04-27","137","148.17","30"
"SKU_41","2024-04-28","160","148.60","30"
"SKU_41","2024-04-29","151","148.90","30"
"SKU_41","2024-04-30","136","148.30","30"
"SKU_41","2024-05-01","163","148.43","30"
"SKU_41","2024-05-02","139","148.43","30"
"SKU_41","2024-05-03","134","148.03","30"
"SKU_41","2024-05-04","137","147.73","30"
"SKU_41","2024-05-05","128","146.73","30"
"SKU_41","2024-05-06","149","146.80","30"
"SKU_41","2024-05-07","138","146.77","30"
"SKU_41","2024-05-08","132","146.27","30"
"SKU_41","2024-05-09","162","146.80","30"
"SKU_41","2024-05-10","168","147.60","30"
"SKU_41","2024-05-11","161","147.27","30"
"SKU_41","2024-05-12","125","146.83","30"
"SKU_41","2024-05-13","106","145.57","30"
"SKU_41","2024-05-14","155","145.50","30"
"SKU_41","2024-05-15","149","145.53","30"
"SKU_41","2024-05-16","135","145.83","30"
"SKU_41","2024-05-17","144","145.53","30"
"SKU_41","2024-05-18","140","145.27","30"
"SKU_41","2024-05-19","131","144.73","30"
"SKU_41","2024-05-20","147","145.13","30"
"SKU_41","2024-05-21","138","144.53","30"
"SKU_41","2024-05-22","129","143.80","30"
"SKU_41","2024-05-23","131","143.03","30"
"SKU_41","2024-05-24","142","142.57","30"
"SKU_41","2024-05-25","140","142.50","30"
"SKU_41","2024-05-26","132","141.30","30"
"SKU_41","2024-05-27","126","140.93","30"
"SKU_41","2024-05-28","125","139.77","30"
"SKU_41","2024-05-29","130","139.07","30"
"SKU_41","2024-05-30","120","138.53","30"
"SKU_41","2024-05-31","148","138.03","30"
"SKU_41","2024-06-01","131","137.77","30"
"SKU_41","2024-06-02","132","137.70","30"
"SKU_41","2024-06-03","117","137.03","30"
"SKU_41","2024-06-04","141","137.47","30"
"SKU_41","2024-06-05","116","136.37","30"
"SKU_41","2024-06-06","147","136.67","30"
"SKU_41","2024-06-07","118","136.20","30"
"SKU_41","2024-06-08","121","134.83","30"
"SKU_41","2024-06-09","104","132.70","30"
"SKU_41","2024-06-10","138","131.93","30"
"SKU_41","2024-06-11","123","131.87","30"
"SKU_41","2024-06-12","124","132.47","30"
"SKU_41","2024-06-13","131","131.67","30"
"SKU_41","2024-06-14","107","130.27","30"
"SKU_41","2024-06-15","115","129.60","30"
"SKU_41","2024-06-16","118","128.73","30"
"SKU_41","2024-06-17","98","127.33","30"
"SKU_41","2024-06-18","107","126.53","30"
"SKU_41","2024-06-19","120","125.63","30"
"SKU_41","2024-06-20","112","124.77","30"
"SKU_41","2024-06-21","110","124.13","30"
"SKU_41","2024-06-22","113","123.53","30"
"SKU_41","2024-06-23","109","122.43","30"
"SKU_41","2024-06-24","112","121.50","30"
"SKU_41","2024-06-25","79","119.73","30"
"SKU_41","2024-06-26","114","119.33","30"
"SKU_41","2024-06-27","95","118.33","30"
"SKU_41","2024-06-28","118","117.93","30"
"SKU_41","2024-06-29","92","117.00","30"
"SKU_41","2024-06-30","94","115.20","30"
"SKU_41","2024-07-01","105","114.33","30"
"SKU_41","2024-07-02","130","114.27","30"
"SKU_41","2024-07-03","94","113.50","30"
"SKU_41","2024-07-04","106","112.33","30"
"SKU_41","2024-07-05","102","111.87","30"
"SKU_41","2024-07-06","111","110.67","30"
"SKU_41","2024-07-07","92","109.80","30"
"SKU_41","2024-07-08","101","109.13","30"
"SKU_41","2024-07-09","85","108.50","30"
"SKU_41","2024-07-10","109","107.53","30"
"SKU_41","2024-07-11","83","106.20","30"
"SKU_41","2024-07-12","98","105.33","30"
"SKU_41","2024-07-13","92","104.03","30"
"SKU_41","2024-07-14","87","103.37","30"
"SKU_41","2024-07-15","95","102.70","30"
"SKU_41","2024-07-16","76","101.30","30"
"SKU_41","2024-07-17","67","100.27","30"
"SKU_41","2024-07-18","88","99.63","30"
"SKU_41","2024-07-19","76","98.17","30"
"SKU_41","2024-07-20","98","97.70","30"
"SKU_41","2024-07-21","75","96.53","30"
"SKU_41","2024-07-22","72","95.17","30"
"SKU_41","2024-07-23","87","94.43","30"
"SKU_41","2024-07-24","99","94.00","30"
"SKU_41","2024-07-25","64","93.50","30"
"SKU_41","2024-07-26","72","92.10","30"
"SKU_41","2024-07-27","59","90.90","30"
"SKU_41","2024-07-28","68","89.23","30"
"SKU_41","2024-07-29","76","88.70","30"
"SKU_41","2024-07-30","71","87.93","30"
"SKU_41","2024-07-31","73","86.87","30"
"SKU_41","2024-08-01","66","84.73","30"
"SKU_41","2024-08-02","68","83.87","30"
"SKU_41","2024-08-03","65","82.50","30"
"SKU_41","2024-08-04","79","81.73","30"
"SKU_41","2024-08-05","79","80.67","30"
"SKU_41","2024-08-06","79","80.23","30"
"SKU_41","2024-08-07","57","78.77","30"
"SKU_41","2024-08-08","59","77.90","30"
"SKU_41","2024-08-09","60","76.27","30"
"SKU_41","2024-08-10","78","76.10","30"
"SKU_41","2024-08-11","80","75.50","30"
"SKU_41","2024-08-12","59","74.40","30"
"SKU_41","2024-08-13","52","73.23","30"
"SKU_41","2024-08-14","50","71.73","30"
"SKU_41","2024-08-15","68","71.47","30"
"SKU_41","2024-08-16","68","71.50","30"
"SKU_41","2024-08-17","88","71.50","30"
"SKU_41","2024-08-18","44","70.43","30"
"SKU_41","2024-08-19","68","69.43","30"
"SKU_41","2024-08-20","66","69.13","30"
"SKU_41","2024-08-21","47","68.30","30"
"SKU_41","2024-08-22","51","67.10","30"
"SKU_41","2024-08-23","74","66.27","30"
"SKU_41","2024-08-24","57","66.03","30"
"SKU_41","2024-08-25","46","65.17","30"
"SKU_41","2024-08-26","46","64.73","30"
"SKU_41","2024-08-27","52","64.20","30"
"SKU_41","2024-08-28","41","63.03","30"
"SKU_41","2024-08-29","60","62.67","30"
"SKU_41","2024-08-30","66","62.43","30"
"SKU_41","2024-08-31","55","62.07","30"
"SKU_41","2024-09-01","59","61.77","30"
"SKU_41","2024-09-02","45","61.10","30"
"SKU_41","2024-09-03","42","59.87","30"
"SKU_41","2024-09-04","39","58.53","30"
"SKU_41","2024-09-05","64","58.03","30"
"SKU_41","2024-09-06","39","57.43","30"
"SKU_41","2024-09-07","45","56.97","30"
"SKU_41","2024-09-08","76","57.50","30"
"SKU_41","2024-09-09","51","56.60","30"
"SKU_41","2024-09-10","66","56.13","30"
"SKU_41","2024-09-11","73","56.60","30"
"SKU_41","2024-09-12","68","57.13","30"
"SKU_41","2024-09-13","46","57.00","30"
"SKU_41","2024-09-14","33","55.83","30"
"SKU_41","2024-09-15","34","54.70","30"
"SKU_41","2024-09-16","48","53.37","30"
"SKU_41","2024-09-17","29","52.87","30"
"SKU_41","2024-09-18","62","52.67","30"
"SKU_41","2024-09-19","56","52.33","30"
"SKU_41","2024-09-20","52","52.50","30"
"SKU_41","2024-09-21","47","52.37","30"
"SKU_41","2024-09-22","72","52.30","30"
"SKU_41","2024-09-23","32","51.47","30"
"SKU_41","2024-09-24","57","51.83","30"
"SKU_41","2024-09-25","56","52.17","30"
"SKU_41","2024-09-26","62","52.50","30"
"SKU_41","2024-09-27","47","52.70","30"
"SKU_41","2024-09-28","41","52.07","30"
"SKU_41","2024-09-29","58","51.80","30"
"SKU_41","2024-09-30","39","51.27","30"
"SKU_41","2024-10-01","40","50.63","30"
"SKU_41","2024-10-02","49","50.77","30"
"SKU_41","2024-10-03","50","51.03","30"
"SKU_41","2024-10-04","60","51.73","30"
"SKU_41","2024-10-05","57","51.50","30"
"SKU_41","2024-10-06","47","51.77","30"
"SKU_41","2024-10-07","57","52.17","30"
"SKU_41","2024-10-08","46","51.17","30"
"SKU_41","2024-10-09","42","50.87","30"
"SKU_41","2024-10-10","57","50.57","30"
"SKU_41","2024-10-11","40","49.47","30"
"SKU_41","2024-10-12","32","48.27","30"
"SKU_41","2024-10-13","46","48.27","30"
"SKU_41","2024-10-14","68","49.43","30"
"SKU_41","2024-10-15","60","50.30","30"
"SKU_41","2024-10-16","51","50.40","30"
"SKU_41","2024-10-17","52","51.17","30"
"SKU_41","2024-10-18","52","50.83","30"
"SKU_41","2024-10-19","47","50.53","30"
"SKU_41","2024-10-20","45","50.30","30"
"SKU_41","2024-10-21","68","51.00","30"
"SKU_41","2024-10-22","35","49.77","30"
"SKU_41","2024-10-23","49","50.33","30"
"SKU_41","2024-10-24","61","50.47","30"
"SKU_41","2024-10-25","46","50.13","30"
"SKU_41","2024-10-26","50","49.73","30"
"SKU_41","2024-10-27","39","49.47","30"
"SKU_41","2024-10-28","68","50.37","30"
"SKU_41","2024-10-29","42","49.83","30"
"SKU_41","2024-10-30","46","50.07","30"
"SKU_41","2024-10-31","42","50.13","30"
"SKU_41","2024-11-01","51","50.20","30"
"SKU_41","2024-11-02","63","50.63","30"
"SKU_41","2024-11-03","52","50.37","30"
"SKU_41","2024-11-04","42","49.87","30"
"SKU_41","2024-11-05","58","50.23","30"
"SKU_41","2024-11-06","26","49.20","30"
"SKU_41","2024-11-07","38","48.93","30"
"SKU_41","2024-11-08","64","49.67","30"
"SKU_41","2024-11-09","55","49.60","30"
"SKU_41","2024-11-10","72","50.67","30"
"SKU_41","2024-11-11","72","52.00","30"
"SKU_41","2024-11-12","64","52.60","30"
"SKU_41","2024-11-13","80","53.00","30"
"SKU_41","2024-11-14","78","53.60","30"
"SKU_41","2024-11-15","82","54.63","30"
"SKU_41","2024-11-16","59","54.87","30"
"SKU_41","2024-11-17","57","55.03","30"
"SKU_41","2024-11-18","80","56.13","30"
"SKU_41","2024-11-19","53","56.40","30"
"SKU_41","2024-11-20","61","56.17","30"
"SKU_41","2024-11-21","87","57.90","30"
"SKU_41","2024-11-22","49","57.90","30"
"SKU_41","2024-11-23","62","57.93","30"
"SKU_41","2024-11-24","56","58.27","30"
"SKU_41","2024-11-25","65","58.77","30"
"SKU_41","2024-11-26","84","60.27","30"
"SKU_41","2024-11-27","79","60.63","30"
"SKU_41","2024-11-28","51","60.93","30"
"SKU_41","2024-11-29","72","61.80","30"
"SKU_41","2024-11-30","60","62.40","30"
"SKU_41","2024-12-01","55","62.53","30"
"SKU_41","2024-12-02","50","62.10","30"
"SKU_41","2024-12-03","93","63.47","30"
"SKU_41","2024-12-04","79","64.70","30"
"SKU_41","2024-12-05","78","65.37","30"
"SKU_41","2024-12-06","84","67.30","30"
"SKU_41","2024-12-07","82","68.77","30"
"SKU_41","2024-12-08","92","69.70","30"
"SKU_41","2024-12-09","84","70.67","30"
"SKU_41","2024-12-10","79","70.90","30"
"SKU_41","2024-12-11","81","71.20","30"
"SKU_41","2024-12-12","84","71.87","30"
"SKU_41","2024-12-13","95","72.37","30"
"SKU_41","2024-12-14","74","72.23","30"
"SKU_41","2024-12-15","100","72.83","30"
"SKU_41","2024-12-16","70","73.20","30"
"SKU_41","2024-12-17","79","73.93","30"
"SKU_41","2024-12-18","89","74.23","30"
"SKU_41","2024-12-19","79","75.10","30"
"SKU_41","2024-12-20","77","75.63","30"
"SKU_41","2024-12-21","99","76.03","30"
"SKU_41","2024-12-22","95","77.57","30"
"SKU_41","2024-12-23","93","78.60","30"
"SKU_41","2024-12-24","91","79.77","30"
"SKU_41","2024-12-25","108","81.20","30"
"SKU_41","2024-12-26","93","81.50","30"
"SKU_41","2024-12-27","110","82.53","30"
"SKU_41","2024-12-28","99","84.13","30"
"SKU_41","2024-12-29","123","85.83","30"
"SKU_41","2024-12-30","92","86.90","30"
"SKU_42","2024-01-01","86","86.00","1"
"SKU_42","2024-01-02","93","89.50","2"
"SKU_42","2024-01-03","97","92.00","3"
"SKU_42","2024-01-04","113","97.25","4"
"SKU_42","2024-01-05","106","99.00","5"
"SKU_42","2024-01-06","109","100.67","6"
"SKU_42","2024-01-07","98","100.29","7"
"SKU_42","2024-01-08","100","100.25","8"
"SKU_42","2024-01-09","109","101.22","9"
"SKU_42","2024-01-10","117","102.80","10"
"SKU_42","2024-01-11","111","103.55","11"
"SKU_42","2024-01-12","105","103.67","12"
"SKU_42","2024-01-13","104","103.69","13"
"SKU_42","2024-01-14","109","104.07","14"
"SKU_42","2024-01-15","145","106.80","15"
"SKU_42","2024-01-16","151","109.56","16"
"SKU_42","2024-01-17","102","109.12","17"
"SKU_42","2024-01-18","115","109.44","18"
"SKU_42","2024-01-19","111","109.53","19"
"SKU_42","2024-01-20","116","109.85","20"
"SKU_42","2024-01-21","108","109.76","21"
"SKU_42","2024-01-22","120","110.23","22"
"SKU_42","2024-01-23","119","110.61","23"
"SKU_42","2024-01-24","114","110.75","24"
"SKU_42","2024-01-25","121","111.16","25"
"SKU_42","2024-01-26","130","111.88","26"
"SKU_42","2024-01-27","123","112.30","27"
"SKU_42","2024-01-28","125","112.75","28"
"SKU_42","2024-01-29","124","113.14","29"
"SKU_42","2024-01-30","129","113.67","30"
"SKU_42","2024-01-31","116","114.67","30"
"SKU_42","2024-02-01","128","115.83","30"
"SKU_42","2024-02-02","126","116.80","30"
"SKU_42","2024-02-03","139","117.67","30"
"SKU_42","2024-02-04","126","118.33","30"
"SKU_42","2024-02-05","126","118.90","30"
"SKU_42","2024-02-06","144","120.43","30"
"SKU_42","2024-02-07","135","121.60","30"
"SKU_42","2024-02-08","112","121.70","30"
"SKU_42","2024-02-09","116","121.67","30"
"SKU_42","2024-02-10","134","122.43","30"
"SKU_42","2024-02-11","136","123.47","30"
"SKU_42","2024-02-12","137","124.57","30"
"SKU_42","2024-02-13","138","125.53","30"
"SKU_42","2024-02-14","148","125.63","30"
"SKU_42","2024-02-15","128","124.87","30"
"SKU_42","2024-02-16","131","125.83","30"
"SKU_42","2024-02-17","137","126.57","30"
"SKU_42","2024-02-18","127","127.10","30"
"SKU_42","2024-02-19","139","127.87","30"
"SKU_42","2024-02-20","126","128.47","30"
"SKU_42","2024-02-21","157","129.70","30"
"SKU_42","2024-02-22","155","130.90","30"
"SKU_42","2024-02-23","138","131.70","30"
"SKU_42","2024-02-24","154","132.80","30"
"SKU_42","2024-02-25","132","132.87","30"
"SKU_42","2024-02-26","139","133.40","30"
"SKU_42","2024-02-27","140","133.90","30"
"SKU_42","2024-02-28","155","134.93","30"
"SKU_42","2024-02-29","133","135.07","30"
"SKU_42","2024-03-01","139","135.83","30"
"SKU_42","2024-03-02","158","136.83","30"
"SKU_42","2024-03-03","138","137.23","30"
"SKU_42","2024-03-04","145","137.43","30"
"SKU_42","2024-03-05","187","139.47","30"
"SKU_42","2024-03-06","164","140.73","30"
"SKU_42","2024-03-07","144","140.73","30"
"SKU_42","2024-03-08","161","141.60","30"
"SKU_42","2024-03-09","147","142.77","30"
"SKU_42","2024-03-10","151","143.93","30"
"SKU_42","2024-03-11","147","144.37","30"
"SKU_42","2024-03-12","143","144.60","30"
"SKU_42","2024-03-13","150","145.03","30"
"SKU_42","2024-03-14","146","145.30","30"
"SKU_42","2024-03-15","165","145.87","30"
"SKU_42","2024-03-16","131","145.97","30"
"SKU_42","2024-03-17","151","146.63","30"
"SKU_42","2024-03-18","141","146.77","30"
"SKU_42","2024-03-19","155","147.70","30"
"SKU_42","2024-03-20","166","148.60","30"
"SKU_42","2024-03-21","175","150.23","30"
"SKU_42","2024-03-22","131","149.37","30"
"SKU_42","2024-03-23","157","149.43","30"
"SKU_42","2024-03-24","157","150.07","30"
"SKU_42","2024-03-25","174","150.73","30"
"SKU_42","2024-03-26","153","151.43","30"
"SKU_42","2024-03-27","149","151.77","30"
"SKU_42","2024-03-28","164","152.57","30"
"SKU_42","2024-03-29","174","153.20","30"
"SKU_42","2024-03-30","135","153.27","30"
"SKU_42","2024-03-31","145","153.47","30"
"SKU_42","2024-04-01","152","153.27","30"
"SKU_42","2024-04-02","144","153.47","30"
"SKU_42","2024-04-03","139","153.27","30"
"SKU_42","2024-04-04","151","152.07","30"
"SKU_42","2024-04-05","148","151.53","30"
"SKU_42","2024-04-06","172","152.47","30"
"SKU_42","2024-04-07","150","152.10","30"
"SKU_42","2024-04-08","165","152.70","30"
"SKU_42","2024-04-09","144","152.47","30"
"SKU_42","2024-04-10","161","152.93","30"
"SKU_42","2024-04-11","149","153.13","30"
"SKU_42","2024-04-12","159","153.43","30"
"SKU_42","2024-04-13","167","154.13","30"
"SKU_42","2024-04-14","134","153.10","30"
"SKU_42","2024-04-15","157","153.97","30"
"SKU_42","2024-04-16","147","153.83","30"
"SKU_42","2024-04-17","144","153.93","30"
"SKU_42","2024-04-18","148","153.70","30"
"SKU_42","2024-04-19","129","152.47","30"
"SKU_42","2024-04-20","122","150.70","30"
"SKU_42","2024-04-21","139","150.97","30"
"SKU_42","2024-04-22","137","150.30","30"
"SKU_42","2024-04-23","131","149.43","30"
"SKU_42","2024-04-24","160","148.97","30"
"SKU_42","2024-04-25","142","148.60","30"
"SKU_42","2024-04-26","134","148.10","30"
"SKU_42","2024-04-27","144","147.43","30"
"SKU_42","2024-04-28","152","146.70","30"
"SKU_42","2024-04-29","122","146.27","30"
"SKU_42","2024-04-30","133","145.87","30"
"SKU_42","2024-05-01","162","146.20","30"
"SKU_42","2024-05-02","130","145.73","30"
"SKU_42","2024-05-03","136","145.63","30"
"SKU_42","2024-05-04","165","146.10","30"
"SKU_42","2024-05-05","147","146.07","30"
"SKU_42","2024-05-06","154","145.47","30"
"SKU_42","2024-05-07","137","145.03","30"
"SKU_42","2024-05-08","144","144.33","30"
"SKU_42","2024-05-09","136","144.07","30"
"SKU_42","2024-05-10","136","143.23","30"
"SKU_42","2024-05-11","141","142.97","30"
"SKU_42","2024-05-12","132","142.07","30"
"SKU_42","2024-05-13","125","140.67","30"
"SKU_42","2024-05-14","128","140.47","30"
"SKU_42","2024-05-15","144","140.03","30"
"SKU_42","2024-05-16","126","139.33","30"
"SKU_42","2024-05-17","135","139.03","30"
"SKU_42","2024-05-18","139","138.73","30"
"SKU_42","2024-05-19","108","138.03","30"
"SKU_42","2024-05-20","132","138.37","30"
"SKU_42","2024-05-21","111","137.43","30"
"SKU_42","2024-05-22","138","137.47","30"
"SKU_42","2024-05-23","157","138.33","30"
"SKU_42","2024-05-24","156","138.20","30"
"SKU_42","2024-05-25","119","137.43","30"
"SKU_42","2024-05-26","115","136.80","30"
"SKU_42","2024-05-27","114","135.80","30"
"SKU_42","2024-05-28","124","134.87","30"
"SKU_42","2024-05-29","113","134.57","30"
"SKU_42","2024-05-30","147","135.03","30"
"SKU_42","2024-05-31","129","133.93","30"
"SKU_42","2024-06-01","148","134.53","30"
"SKU_42","2024-06-02","109","133.63","30"
"SKU_42","2024-06-03","136","132.67","30"
"SKU_42","2024-06-04","128","132.03","30"
"SKU_42","2024-06-05","109","130.53","30"
"SKU_42","2024-06-06","106","129.50","30"
"SKU_42","2024-06-07","139","129.33","30"
"SKU_42","2024-06-08","124","128.93","30"
"SKU_42","2024-06-09","106","127.93","30"
"SKU_42","2024-06-10","130","127.57","30"
"SKU_42","2024-06-11","93","126.27","30"
"SKU_42","2024-06-12","115","125.93","30"
"SKU_42","2024-06-13","107","125.23","30"
"SKU_42","2024-06-14","127","124.67","30"
"SKU_42","2024-06-15","95","123.63","30"
"SKU_42","2024-06-16","121","123.17","30"
"SKU_42","2024-06-17","113","122.30","30"
"SKU_42","2024-06-18","122","122.77","30"
"SKU_42","2024-06-19","129","122.67","30"
"SKU_42","2024-06-20","106","122.50","30"
"SKU_42","2024-06-21","115","121.73","30"
"SKU_42","2024-06-22","105","120.00","30"
"SKU_42","2024-06-23","103","118.23","30"
"SKU_42","2024-06-24","89","117.23","30"
"SKU_42","2024-06-25","118","117.33","30"
"SKU_42","2024-06-26","111","117.23","30"
"SKU_42","2024-06-27","99","116.40","30"
"SKU_42","2024-06-28","110","116.30","30"
"SKU_42","2024-06-29","84","114.20","30"
"SKU_42","2024-06-30","79","112.53","30"
"SKU_42","2024-07-01","106","111.13","30"
"SKU_42","2024-07-02","112","111.23","30"
"SKU_42","2024-07-03","116","110.57","30"
"SKU_42","2024-07-04","99","109.60","30"
"SKU_42","2024-07-05","85","108.80","30"
"SKU_42","2024-07-06","86","108.13","30"
"SKU_42","2024-07-07","91","106.53","30"
"SKU_42","2024-07-08","90","105.40","30"
"SKU_42","2024-07-09","99","105.17","30"
"SKU_42","2024-07-10","78","103.43","30"
"SKU_42","2024-07-11","96","103.53","30"
"SKU_42","2024-07-12","93","102.80","30"
"SKU_42","2024-07-13","80","101.90","30"
"SKU_42","2024-07-14","75","100.17","30"
"SKU_42","2024-07-15","78","99.60","30"
"SKU_42","2024-07-16","108","99.17","30"
"SKU_42","2024-07-17","70","97.73","30"
"SKU_42","2024-07-18","84","96.47","30"
"SKU_42","2024-07-19","86","95.03","30"
"SKU_42","2024-07-20","80","94.17","30"
"SKU_42","2024-07-21","109","93.97","30"
"SKU_42","2024-07-22","92","93.53","30"
"SKU_42","2024-07-23","69","92.40","30"
"SKU_42","2024-07-24","79","92.07","30"
"SKU_42","2024-07-25","97","91.37","30"
"SKU_42","2024-07-26","63","89.77","30"
"SKU_42","2024-07-27","94","89.60","30"
"SKU_42","2024-07-28","68","88.20","30"
"SKU_42","2024-07-29","83","88.17","30"
"SKU_42","2024-07-30","72","87.93","30"
"SKU_42","2024-07-31","71","86.77","30"
"SKU_42","2024-08-01","84","85.83","30"
"SKU_42","2024-08-02","67","84.20","30"
"SKU_42","2024-08-03","84","83.70","30"
"SKU_42","2024-08-04","67","83.10","30"
"SKU_42","2024-08-05","83","83.00","30"
"SKU_42","2024-08-06","104","83.43","30"
"SKU_42","2024-08-07","49","82.07","30"
"SKU_42","2024-08-08","84","81.57","30"
"SKU_42","2024-08-09","57","80.87","30"
"SKU_42","2024-08-10","67","79.90","30"
"SKU_42","2024-08-11","64","78.93","30"
"SKU_42","2024-08-12","36","77.47","30"
"SKU_42","2024-08-13","72","77.37","30"
"SKU_42","2024-08-14","66","76.97","30"
"SKU_42","2024-08-15","46","74.90","30"
"SKU_42","2024-08-16","68","74.83","30"
"SKU_42","2024-08-17","49","73.67","30"
"SKU_42","2024-08-18","73","73.23","30"
"SKU_42","2024-08-19","54","72.37","30"
"SKU_42","2024-08-20","68","71.00","30"
"SKU_42","2024-08-21","63","70.03","30"
"SKU_42","2024-08-22","72","70.13","30"
"SKU_42","2024-08-23","50","69.17","30"
"SKU_42","2024-08-24","70","68.27","30"
"SKU_42","2024-08-25","48","67.77","30"
"SKU_42","2024-08-26","64","66.77","30"
"SKU_42","2024-08-27","56","66.37","30"
"SKU_42","2024-08-28","47","65.17","30"
"SKU_42","2024-08-29","53","64.53","30"
"SKU_42","2024-08-30","64","64.30","30"
"SKU_42","2024-08-31","47","63.07","30"
"SKU_42","2024-09-01","67","63.07","30"
"SKU_42","2024-09-02","50","61.93","30"
"SKU_42","2024-09-03","49","61.33","30"
"SKU_42","2024-09-04","61","60.60","30"
"SKU_42","2024-09-05","45","58.63","30"
"SKU_42","2024-09-06","71","59.37","30"
"SKU_42","2024-09-07","57","58.47","30"
"SKU_42","2024-09-08","61","58.60","30"
"SKU_42","2024-09-09","50","58.03","30"
"SKU_42","2024-09-10","34","57.03","30"
"SKU_42","2024-09-11","52","57.57","30"
"SKU_42","2024-09-12","41","56.53","30"
"SKU_42","2024-09-13","29","55.30","30"
"SKU_42","2024-09-14","49","55.40","30"
"SKU_42","2024-09-15","71","55.50","30"
"SKU_42","2024-09-16","44","55.33","30"
"SKU_42","2024-09-17","55","54.73","30"
"SKU_42","2024-09-18","39","54.23","30"
"SKU_42","2024-09-19","62","54.03","30"
"SKU_42","2024-09-20","37","53.17","30"
"SKU_42","2024-09-21","48","52.37","30"
"SKU_42","2024-09-22","46","52.23","30"
"SKU_42","2024-09-23","62","51.97","30"
"SKU_42","2024-09-24","51","52.07","30"
"SKU_42","2024-09-25","51","51.63","30"
"SKU_42","2024-09-26","64","51.90","30"
"SKU_42","2024-09-27","29","51.30","30"
"SKU_42","2024-09-28","49","51.17","30"
"SKU_42","2024-09-29","57","50.93","30"
"SKU_42","2024-09-30","46","50.90","30"
"SKU_42","2024-10-01","45","50.17","30"
"SKU_42","2024-10-02","38","49.77","30"
"SKU_42","2024-10-03","50","49.80","30"
"SKU_42","2024-10-04","47","49.33","30"
"SKU_42","2024-10-05","49","49.47","30"
"SKU_42","2024-10-06","56","48.97","30"
"SKU_42","2024-10-07","59","49.03","30"
"SKU_42","2024-10-08","64","49.13","30"
"SKU_42","2024-10-09","39","48.77","30"
"SKU_42","2024-10-10","61","49.67","30"
"SKU_42","2024-10-11","38","49.20","30"
"SKU_42","2024-10-12","70","50.17","30"
"SKU_42","2024-10-13","48","50.80","30"
"SKU_42","2024-10-14","63","51.27","30"
"SKU_42","2024-10-15","71","51.27","30"
"SKU_42","2024-10-16","57","51.70","30"
"SKU_42","2024-10-17","48","51.47","30"
"SKU_42","2024-10-18","79","52.80","30"
"SKU_42","2024-10-19","63","52.83","30"
"SKU_42","2024-10-20","33","52.70","30"
"SKU_42","2024-10-21","63","53.20","30"
"SKU_42","2024-10-22","45","53.17","30"
"SKU_42","2024-10-23","48","52.70","30"
"SKU_42","2024-10-24","63","53.10","30"
"SKU_42","2024-10-25","59","53.37","30"
"SKU_42","2024-10-26","41","52.60","30"
"SKU_42","2024-10-27","36","52.83","30"
"SKU_42","2024-10-28","28","52.13","30"
"SKU_42","2024-10-29","28","51.17","30"
"SKU_42","2024-10-30","60","51.63","30"
"SKU_42","2024-10-31","51","51.83","30"
"SKU_42","2024-11-01","51","52.27","30"
"SKU_42","2024-11-02","58","52.53","30"
"SKU_42","2024-11-03","58","52.90","30"
"SKU_42","2024-11-04","44","52.73","30"
"SKU_42","2024-11-05","78","53.47","30"
"SKU_42","2024-11-06","63","53.60","30"
"SKU_42","2024-11-07","62","53.53","30"
"SKU_42","2024-11-08","64","54.37","30"
"SKU_42","2024-11-09","58","54.27","30"
"SKU_42","2024-11-10","54","54.80","30"
"SKU_42","2024-11-11","55","54.30","30"
"SKU_42","2024-11-12","72","55.10","30"
"SKU_42","2024-11-13","65","55.17","30"
"SKU_42","2024-11-14","100","56.13","30"
"SKU_42","2024-11-15","78","56.83","30"
"SKU_42","2024-11-16","78","57.83","30"
"SKU_42","2024-11-17","74","57.67","30"
"SKU_42","2024-11-18","65","57.73","30"
"SKU_42","2024-11-19","56","58.50","30"
"SKU_42","2024-11-20","74","58.87","30"
"SKU_42","2024-11-21","83","60.13","30"
"SKU_42","2024-11-22","53","60.30","30"
"SKU_42","2024-11-23","49","59.83","30"
"SKU_42","2024-11-24","67","60.10","30"
"SKU_42","2024-11-25","69","61.03","30"
"SKU_42","2024-11-26","72","62.23","30"
"SKU_42","2024-11-27","95","64.47","30"
"SKU_42","2024-11-28","41","64.90","30"
"SKU_42","2024-11-29","67","65.13","30"
"SKU_42","2024-11-30","87","66.33","30"
"SKU_42","2024-12-01","78","67.23","30"
"SKU_42","2024-12-02","83","68.07","30"
"SKU_42","2024-12-03","87","69.03","30"
"SKU_42","2024-12-04","67","69.80","30"
"SKU_42","2024-12-05","79","69.83","30"
"SKU_42","2024-12-06","91","70.77","30"
"SKU_42","2024-12-07","82","71.43","30"
"SKU_42","2024-12-08","111","73.00","30"
"SKU_42","2024-12-09","77","73.63","30"
"SKU_42","2024-12-10","71","74.20","30"
"SKU_42","2024-12-11","73","74.80","30"
"SKU_42","2024-12-12","93","75.50","30"
"SKU_42","2024-12-13","87","76.23","30"
"SKU_42","2024-12-14","105","76.40","30"
"SKU_42","2024-12-15","91","76.83","30"
"SKU_42","2024-12-16","113","78.00","30"
"SKU_42","2024-12-17","94","78.67","30"
"SKU_42","2024-12-18","91","79.53","30"
"SKU_42","2024-12-19","97","80.90","30"
"SKU_42","2024-12-20","96","81.63","30"
"SKU_42","2024-12-21","95","82.03","30"
"SKU_42","2024-12-22","94","83.40","30"
"SKU_42","2024-12-23","97","85.00","30"
"SKU_42","2024-12-24","106","86.30","30"
"SKU_42","2024-12-25","105","87.50","30"
"SKU_42","2024-12-26","102","88.50","30"
"SKU_42","2024-12-27","85","88.17","30"
"SKU_42","2024-12-28","74","89.27","30"
"SKU_42","2024-12-29","90","90.03","30"
"SKU_42","2024-12-30","84","89.93","30"
"SKU_43","2024-01-01","87","87.00","1"
"SKU_43","2024-01-02","96","91.50","2"
"SKU_43","2024-01-03","96","93.00","3"
"SKU_43","2024-01-04","87","91.50","4"
"SKU_43","2024-01-05","99","93.00","5"
"SKU_43","2024-01-06","113","96.33","6"
"SKU_43","2024-01-07","92","95.71","7"
"SKU_43","2024-01-08","126","99.50","8"
"SKU_43","2024-01-09","120","101.78","9"
"SKU_43","2024-01-10","128","104.40","10"
"SKU_43","2024-01-11","101","104.09","11"
"SKU_43","2024-01-12","112","104.75","12"
"SKU_43","2024-01-13","110","105.15","13"
"SKU_43","2024-01-14","112","105.64","14"
"SKU_43","2024-01-15","111","106.00","15"
"SKU_43","2024-01-16","100","105.63","16"
"SKU_43","2024-01-17","118","106.35","17"
"SKU_43","2024-01-18","129","107.61","18"
"SKU_43","2024-01-19","126","108.58","19"
"SKU_43","2024-01-20","91","107.70","20"
"SKU_43","2024-01-21","109","107.76","21"
"SKU_43","2024-01-22","133","108.91","22"
"SKU_43","2024-01-23","117","109.26","23"
"SKU_43","2024-01-24","124","109.88","24"
"SKU_43","2024-01-25","112","109.96","25"
"SKU_43","2024-01-26","106","109.81","26"
"SKU_43","2024-01-27","120","110.19","27"
"SKU_43","2024-01-28","116","110.39","28"
"SKU_43","2024-01-29","119","110.69","29"
"SKU_43","2024-01-30","135","111.50","30"
"SKU_43","2024-01-31","126","112.80","30"
"SKU_43","2024-02-01","132","114.00","30"
"SKU_43","2024-02-02","114","114.60","30"
"SKU_43","2024-02-03","156","116.90","30"
"SKU_43","2024-02-04","116","117.47","30"
"SKU_43","2024-02-05","127","117.93","30"
"SKU_43","2024-02-06","135","119.37","30"
"SKU_43","2024-02-07","130","119.50","30"
"SKU_43","2024-02-08","143","120.27","30"
"SKU_43","2024-02-09","142","120.73","30"
"SKU_43","2024-02-10","132","121.77","30"
"SKU_43","2024-02-11","164","123.50","30"
"SKU_43","2024-02-12","134","124.30","30"
"SKU_43","2024-02-13","117","124.47","30"
"SKU_43","2024-02-14","130","125.10","30"
"SKU_43","2024-02-15","126","125.97","30"
"SKU_43","2024-02-16","137","126.60","30"
"SKU_43","2024-02-17","122","126.37","30"
"SKU_43","2024-02-18","152","127.23","30"
"SKU_43","2024-02-19","145","129.03","30"
"SKU_43","2024-02-20","143","130.17","30"
"SKU_43","2024-02-21","135","130.23","30"
"SKU_43","2024-02-22","136","130.87","30"
"SKU_43","2024-02-23","142","131.47","30"
"SKU_43","2024-02-24","130","132.07","30"
"SKU_43","2024-02-25","149","133.50","30"
"SKU_43","2024-02-26","130","133.83","30"
"SKU_43","2024-02-27","141","134.67","30"
"SKU_43","2024-02-28","131","135.07","30"
"SKU_43","2024-02-29","153","135.67","30"
"SKU_43","2024-03-01","169","137.10","30"
"SKU_43","2024-03-02","148","137.63","30"
"SKU_43","2024-03-03","158","139.10","30"
"SKU_43","2024-03-04","161","139.27","30"
"SKU_43","2024-03-05","142","140.13","30"
"SKU_43","2024-03-06","131","140.27","30"
"SKU_43","2024-03-07","130","140.10","30"
"SKU_43","2024-03-08","177","141.67","30"
"SKU_43","2024-03-09","148","141.83","30"
"SKU_43","2024-03-10","134","141.57","30"
"SKU_43","2024-03-11","154","142.30","30"
"SKU_43","2024-03-12","123","140.93","30"
"SKU_43","2024-03-13","147","141.37","30"
"SKU_43","2024-03-14","156","142.67","30"
"SKU_43","2024-03-15","175","144.17","30"
"SKU_43","2024-03-16","163","145.40","30"
"SKU_43","2024-03-17","130","145.17","30"
"SKU_43","2024-03-18","145","145.93","30"
"SKU_43","2024-03-19","159","146.17","30"
"SKU_43","2024-03-20","153","146.43","30"
"SKU_43","2024-03-21","155","146.83","30"
"SKU_43","2024-03-22","174","148.13","30"
"SKU_43","2024-03-23","174","149.40","30"
"SKU_43","2024-03-24","179","150.63","30"
"SKU_43","2024-03-25","143","151.07","30"
"SKU_43","2024-03-26","192","152.50","30"
"SKU_43","2024-03-27","177","154.07","30"
"SKU_43","2024-03-28","136","153.90","30"
"SKU_43","2024-03-29","144","154.33","30"
"SKU_43","2024-03-30","167","154.80","30"
"SKU_43","2024-03-31","135","153.67","30"
"SKU_43","2024-04-01","176","154.60","30"
"SKU_43","2024-04-02","135","153.83","30"
"SKU_43","2024-04-03","155","153.63","30"
"SKU_43","2024-04-04","137","153.47","30"
"SKU_43","2024-04-05","144","153.90","30"
"SKU_43","2024-04-06","135","154.07","30"
"SKU_43","2024-04-07","143","152.93","30"
"SKU_43","2024-04-08","142","152.73","30"
"SKU_43","2024-04-09","167","153.83","30"
"SKU_43","2024-04-10","154","153.83","30"
"SKU_43","2024-04-11","145","154.57","30"
"SKU_43","2024-04-12","166","155.20","30"
"SKU_43","2024-04-13","171","155.70","30"
"SKU_43","2024-04-14","138","154.47","30"
"SKU_43","2024-04-15","167","154.60","30"
"SKU_43","2024-04-16","142","155.00","30"
"SKU_43","2024-04-17","121","154.20","30"
"SKU_43","2024-04-18","150","153.90","30"
"SKU_43","2024-04-19","140","153.47","30"
"SKU_43","2024-04-20","138","152.90","30"
"SKU_43","2024-04-21","154","152.23","30"
"SKU_43","2024-04-22","141","151.13","30"
"SKU_43","2024-04-23","154","150.30","30"
"SKU_43","2024-04-24","153","150.63","30"
"SKU_43","2024-04-25","129","148.53","30"
"SKU_43","2024-04-26","143","147.40","30"
"SKU_43","2024-04-27","156","148.07","30"
"SKU_43","2024-04-28","139","147.90","30"
"SKU_43","2024-04-29","141","147.03","30"
"SKU_43","2024-04-30","168","148.13","30"
"SKU_43","2024-05-01","138","146.87","30"
"SKU_43","2024-05-02","144","147.17","30"
"SKU_43","2024-05-03","137","146.57","30"
"SKU_43","2024-05-04","146","146.87","30"
"SKU_43","2024-05-05","135","146.57","30"
"SKU_43","2024-05-06","128","146.33","30"
"SKU_43","2024-05-07","153","146.67","30"
"SKU_43","2024-05-08","143","146.70","30"
"SKU_43","2024-05-09","150","146.13","30"
"SKU_43","2024-05-10","126","145.20","30"
"SKU_43","2024-05-11","132","144.77","30"
"SKU_43","2024-05-12","145","144.07","30"
"SKU_43","2024-05-13","136","142.90","30"
"SKU_43","2024-05-14","148","143.23","30"
"SKU_43","2024-05-15","121","141.70","30"
"SKU_43","2024-05-16","138","141.57","30"
"SKU_43","2024-05-17","131","141.90","30"
"SKU_43","2024-05-18","135","141.40","30"
"SKU_43","2024-05-19","136","141.27","30"
"SKU_43","2024-05-20","127","140.90","30"
"SKU_43","2024-05-21","113","139.53","30"
"SKU_43","2024-05-22","153","139.93","30"
"SKU_43","2024-05-23","137","139.37","30"
"SKU_43","2024-05-24","101","137.63","30"
"SKU_43","2024-05-25","138","137.93","30"
"SKU_43","2024-05-26","106","136.70","30"
"SKU_43","2024-05-27","123","135.60","30"
"SKU_43","2024-05-28","127","135.20","30"
"SKU_43","2024-05-29","154","135.63","30"
"SKU_43","2024-05-30","90","133.03","30"
"SKU_43","2024-05-31","112","132.17","30"
"SKU_43","2024-06-01","152","132.43","30"
"SKU_43","2024-06-02","127","132.10","30"
"SKU_43","2024-06-03","128","131.50","30"
"SKU_43","2024-06-04","124","131.13","30"
"SKU_43","2024-06-05","138","131.47","30"
"SKU_43","2024-06-06","121","130.40","30"
"SKU_43","2024-06-07","117","129.53","30"
"SKU_43","2024-06-08","121","128.57","30"
"SKU_43","2024-06-09","142","129.10","30"
"SKU_43","2024-06-10","145","129.53","30"
"SKU_43","2024-06-11","109","128.33","30"
"SKU_43","2024-06-12","89","126.77","30"
"SKU_43","2024-06-13","113","125.60","30"
"SKU_43","2024-06-14","111","125.27","30"
"SKU_43","2024-06-15","121","124.70","30"
"SKU_43","2024-06-16","116","124.20","30"
"SKU_43","2024-06-17","98","122.97","30"
"SKU_43","2024-06-18","109","122.07","30"
"SKU_43","2024-06-19","119","121.80","30"
"SKU_43","2024-06-20","110","121.70","30"
"SKU_43","2024-06-21","114","120.40","30"
"SKU_43","2024-06-22","119","119.80","30"
"SKU_43","2024-06-23","87","119.33","30"
"SKU_43","2024-06-24","101","118.10","30"
"SKU_43","2024-06-25","92","117.63","30"
"SKU_43","2024-06-26","81","116.23","30"
"SKU_43","2024-06-27","115","115.83","30"
"SKU_43","2024-06-28","115","114.53","30"
"SKU_43","2024-06-29","107","115.10","30"
"SKU_43","2024-06-30","100","114.70","30"
"SKU_43","2024-07-01","96","112.83","30"
"SKU_43","2024-07-02","91","111.63","30"
"SKU_43","2024-07-03","117","111.27","30"
"SKU_43","2024-07-04","105","110.63","30"
"SKU_43","2024-07-05","85","108.87","30"
"SKU_43","2024-07-06","106","108.37","30"
"SKU_43","2024-07-07","107","108.03","30"
"SKU_43","2024-07-08","84","106.80","30"
"SKU_43","2024-07-09","98","105.33","30"
"SKU_43","2024-07-10","87","103.40","30"
"SKU_43","2024-07-11","72","102.17","30"
"SKU_43","2024-07-12","78","101.80","30"
"SKU_43","2024-07-13","94","101.17","30"
"SKU_43","2024-07-14","76","100.00","30"
"SKU_43","2024-07-15","74","98.43","30"
"SKU_43","2024-07-16","95","97.73","30"
"SKU_43","2024-07-17","89","97.43","30"
"SKU_43","2024-07-18","90","96.80","30"
"SKU_43","2024-07-19","74","95.30","30"
"SKU_43","2024-07-20","81","94.33","30"
"SKU_43","2024-07-21","89","93.50","30"
"SKU_43","2024-07-22","76","92.07","30"
"SKU_43","2024-07-23","87","92.07","30"
"SKU_43","2024-07-24","75","91.20","30"
"SKU_43","2024-07-25","84","90.93","30"
"SKU_43","2024-07-26","60","90.23","30"
"SKU_43","2024-07-27","65","88.57","30"
"SKU_43","2024-07-28","80","87.40","30"
"SKU_43","2024-07-29","86","86.70","30"
"SKU_43","2024-07-30","87","86.27","30"
"SKU_43","2024-07-31","84","85.87","30"
"SKU_43","2024-08-01","62","84.90","30"
"SKU_43","2024-08-02","85","83.83","30"
"SKU_43","2024-08-03","92","83.40","30"
"SKU_43","2024-08-04","86","83.43","30"
"SKU_43","2024-08-05","54","81.70","30"
"SKU_43","2024-08-06","73","80.57","30"
"SKU_43","2024-08-07","56","79.63","30"
"SKU_43","2024-08-08","58","78.30","30"
"SKU_43","2024-08-09","44","76.87","30"
"SKU_43","2024-08-10","59","76.43","30"
"SKU_43","2024-08-11","50","75.50","30"
"SKU_43","2024-08-12","54","74.17","30"
"SKU_43","2024-08-13","57","73.53","30"
"SKU_43","2024-08-14","73","73.50","30"
"SKU_43","2024-08-15","71","72.70","30"
"SKU_43","2024-08-16","57","71.63","30"
"SKU_43","2024-08-17","59","70.60","30"
"SKU_43","2024-08-18","70","70.47","30"
"SKU_43","2024-08-19","61","69.80","30"
"SKU_43","2024-08-20","70","69.17","30"
"SKU_43","2024-08-21","41","68.00","30"
"SKU_43","2024-08-22","57","67.00","30"
"SKU_43","2024-08-23","53","66.27","30"
"SKU_43","2024-08-24","63","65.57","30"
"SKU_43","2024-08-25","60","65.57","30"
"SKU_43","2024-08-26","57","65.30","30"
"SKU_43","2024-08-27","67","64.87","30"
"SKU_43","2024-08-28","51","63.70","30"
"SKU_43","2024-08-29","55","62.63","30"
"SKU_43","2024-08-30","62","61.90","30"
"SKU_43","2024-08-31","59","61.80","30"
"SKU_43","2024-09-01","37","60.20","30"
"SKU_43","2024-09-02","52","58.87","30"
"SKU_43","2024-09-03","41","57.37","30"
"SKU_43","2024-09-04","77","58.13","30"
"SKU_43","2024-09-05","32","56.77","30"
"SKU_43","2024-09-06","51","56.60","30"
"SKU_43","2024-09-07","38","55.93","30"
"SKU_43","2024-09-08","67","56.70","30"
"SKU_43","2024-09-09","57","56.63","30"
"SKU_43","2024-09-10","55","56.80","30"
"SKU_43","2024-09-11","51","56.70","30"
"SKU_43","2024-09-12","40","56.13","30"
"SKU_43","2024-09-13","48","55.30","30"
"SKU_43","2024-09-14","52","54.67","30"
"SKU_43","2024-09-15","58","54.70","30"
"SKU_43","2024-09-16","68","55.00","30"
"SKU_43","2024-09-17","62","54.73","30"
"SKU_43","2024-09-18","44","54.17","30"
"SKU_43","2024-09-19","41","53.20","30"
"SKU_43","2024-09-20","39","53.13","30"
"SKU_43","2024-09-21","57","53.13","30"
"SKU_43","2024-09-22","60","53.37","30"
"SKU_43","2024-09-23","26","52.13","30"
"SKU_43","2024-09-24","52","51.87","30"
"SKU_43","2024-09-25","62","52.03","30"
"SKU_43","2024-09-26","49","51.43","30"
"SKU_43","2024-09-27","63","51.83","30"
"SKU_43","2024-09-28","57","51.90","30"
"SKU_43","2024-09-29","48","51.43","30"
"SKU_43","2024-09-30","68","51.73","30"
"SKU_43","2024-10-01","47","52.07","30"
"SKU_43","2024-10-02","73","52.77","30"
"SKU_43","2024-10-03","46","52.93","30"
"SKU_43","2024-10-04","54","52.17","30"
"SKU_43","2024-10-05","69","53.40","30"
"SKU_43","2024-10-06","43","53.13","30"
"SKU_43","2024-10-07","59","53.83","30"
"SKU_43","2024-10-08","57","53.50","30"
"SKU_43","2024-10-09","66","53.80","30"
"SKU_43","2024-10-10","53","53.73","30"
"SKU_43","2024-10-11","47","53.60","30"
"SKU_43","2024-10-12","43","53.70","30"
"SKU_43","2024-10-13","55","53.93","30"
"SKU_43","2024-10-14","63","54.30","30"
"SKU_43","2024-10-15","56","54.23","30"
"SKU_43","2024-10-16","42","53.37","30"
"SKU_43","2024-10-17","41","52.67","30"
"SKU_43","2024-10-18","39","52.50","30"
"SKU_43","2024-10-19","65","53.30","30"
"SKU_43","2024-10-20","37","53.23","30"
"SKU_43","2024-10-21","54","53.13","30"
"SKU_43","2024-10-22","32","52.20","30"
"SKU_43","2024-10-23","40","52.67","30"
"SKU_43","2024-10-24","50","52.60","30"
"SKU_43","2024-10-25","41","51.90","30"
"SKU_43","2024-10-26","52","52.00","30"
"SKU_43","2024-10-27","54","51.70","30"
"SKU_43","2024-10-28","58","51.73","30"
"SKU_43","2024-10-29","49","51.77","30"
"SKU_43","2024-10-30","55","51.33","30"
"SKU_43","2024-10-31","44","51.23","30"
"SKU_43","2024-11-01","65","50.97","30"
"SKU_43","2024-11-02","62","51.50","30"
"SKU_43","2024-11-03","58","51.63","30"
"SKU_43","2024-11-04","62","51.40","30"
"SKU_43","2024-11-05","80","52.63","30"
"SKU_43","2024-11-06","47","52.23","30"
"SKU_43","2024-11-07","60","52.33","30"
"SKU_43","2024-11-08","53","51.90","30"
"SKU_43","2024-11-09","64","52.27","30"
"SKU_43","2024-11-10","62","52.77","30"
"SKU_43","2024-11-11","50","53.00","30"
"SKU_43","2024-11-12","60","53.17","30"
"SKU_43","2024-11-13","55","52.90","30"
"SKU_43","2024-11-14","45","52.53","30"
"SKU_43","2024-11-15","60","53.13","30"
"SKU_43","2024-11-16","90","54.77","30"
"SKU_43","2024-11-17","81","56.17","30"
"SKU_43","2024-11-18","86","56.87","30"
"SKU_43","2024-11-19","69","57.93","30"
"SKU_43","2024-11-20","70","58.47","30"
"SKU_43","2024-11-21","80","60.07","30"
"SKU_43","2024-11-22","60","60.73","30"
"SKU_43","2024-11-23","70","61.40","30"
"SKU_43","2024-11-24","83","62.80","30"
"SKU_43","2024-11-25","75","63.57","30"
"SKU_43","2024-11-26","49","63.40","30"
"SKU_43","2024-11-27","75","63.97","30"
"SKU_43","2024-11-28","68","64.60","30"
"SKU_43","2024-11-29","81","65.47","30"
"SKU_43","2024-11-30","76","66.53","30"
"SKU_43","2024-12-01","63","66.47","30"
"SKU_43","2024-12-02","63","66.50","30"
"SKU_43","2024-12-03","90","67.57","30"
"SKU_43","2024-12-04","95","68.67","30"
"SKU_43","2024-12-05","88","68.93","30"
"SKU_43","2024-12-06","87","70.27","30"
"SKU_43","2024-12-07","105","71.77","30"
"SKU_43","2024-12-08","73","72.43","30"
"SKU_43","2024-12-09","76","72.83","30"
"SKU_43","2024-12-10","87","73.67","30"
"SKU_43","2024-12-11","76","74.53","30"
"SKU_43","2024-12-12","87","75.43","30"
"SKU_43","2024-12-13","103","77.03","30"
"SKU_43","2024-12-14","88","78.47","30"
"SKU_43","2024-12-15","102","79.87","30"
"SKU_43","2024-12-16","77","79.43","30"
"SKU_43","2024-12-17","75","79.23","30"
"SKU_43","2024-12-18","103","79.80","30"
"SKU_43","2024-12-19","98","80.77","30"
"SKU_43","2024-12-20","84","81.23","30"
"SKU_43","2024-12-21","82","81.30","30"
"SKU_43","2024-12-22","92","82.37","30"
"SKU_43","2024-12-23","101","83.40","30"
"SKU_43","2024-12-24","79","83.27","30"
"SKU_43","2024-12-25","107","84.33","30"
"SKU_43","2024-12-26","84","85.50","30"
"SKU_43","2024-12-27","104","86.47","30"
"SKU_43","2024-12-28","93","87.30","30"
"SKU_43","2024-12-29","87","87.50","30"
"SKU_43","2024-12-30","84","87.77","30"
"SKU_44","2024-01-01","104","104.00","1"
"SKU_44","2024-01-02","103","103.50","2"
"SKU_44","2024-01-03","118","108.33","3"
"SKU_44","2024-01-04","110","108.75","4"
"SKU_44","2024-01-05","104","107.80","5"
"SKU_44","2024-01-06","89","104.67","6"
"SKU_44","2024-01-07","124","107.43","7"
"SKU_44","2024-01-08","113","108.13","8"
"SKU_44","2024-01-09","108","108.11","9"
"SKU_44","2024-01-10","114","108.70","10"
"SKU_44","2024-01-11","132","110.82","11"
"SKU_44","2024-01-12","125","112.00","12"
"SKU_44","2024-01-13","118","112.46","13"
"SKU_44","2024-01-14","108","112.14","14"
"SKU_44","2024-01-15","90","110.67","15"
"SKU_44","2024-01-16","113","110.81","16"
"SKU_44","2024-01-17","105","110.47","17"
"SKU_44","2024-01-18","116","110.78","18"
"SKU_44","2024-01-19","119","111.21","19"
"SKU_44","2024-01-20","134","112.35","20"
"SKU_44","2024-01-21","120","112.71","21"
"SKU_44","2024-01-22","131","113.55","22"
"SKU_44","2024-01-23","125","114.04","23"
"SKU_44","2024-01-24","130","114.71","24"
"SKU_44","2024-01-25","106","114.36","25"
"SKU_44","2024-01-26","127","114.85","26"
"SKU_44","2024-01-27","107","114.56","27"
"SKU_44","2024-01-28","117","114.64","28"
"SKU_44","2024-01-29","138","115.45","29"
"SKU_44","2024-01-30","124","115.73","30"
"SKU_44","2024-01-31","128","116.53","30"
"SKU_44","2024-02-01","127","117.33","30"
"SKU_44","2024-02-02","105","116.90","30"
"SKU_44","2024-02-03","144","118.03","30"
"SKU_44","2024-02-04","121","118.60","30"
"SKU_44","2024-02-05","108","119.23","30"
"SKU_44","2024-02-06","100","118.43","30"
"SKU_44","2024-02-07","144","119.47","30"
"SKU_44","2024-02-08","137","120.43","30"
"SKU_44","2024-02-09","121","120.67","30"
"SKU_44","2024-02-10","114","120.07","30"
"SKU_44","2024-02-11","134","120.37","30"
"SKU_44","2024-02-12","143","121.20","30"
"SKU_44","2024-02-13","151","122.63","30"
"SKU_44","2024-02-14","140","124.30","30"
"SKU_44","2024-02-15","164","126.00","30"
"SKU_44","2024-02-16","133","126.93","30"
"SKU_44","2024-02-17","163","128.50","30"
"SKU_44","2024-02-18","152","129.60","30"
"SKU_44","2024-02-19","129","129.43","30"
"SKU_44","2024-02-20","129","129.73","30"
"SKU_44","2024-02-21","137","129.93","30"
"SKU_44","2024-02-22","150","130.77","30"
"SKU_44","2024-02-23","141","131.13","30"
"SKU_44","2024-02-24","115","131.43","30"
"SKU_44","2024-02-25","173","132.97","30"
"SKU_44","2024-02-26","134","133.87","30"
"SKU_44","2024-02-27","124","134.10","30"
"SKU_44","2024-02-28","156","134.70","30"
"SKU_44","2024-02-29","141","135.27","30"
"SKU_44","2024-03-01","140","135.67","30"
"SKU_44","2024-03-02","154","136.57","30"
"SKU_44","2024-03-03","141","137.77","30"
"SKU_44","2024-03-04","157","138.20","30"
"SKU_44","2024-03-05","148","139.10","30"
"SKU_44","2024-03-06","136","140.03","30"
"SKU_44","2024-03-07","139","141.33","30"
"SKU_44","2024-03-08","161","141.90","30"
"SKU_44","2024-03-09","158","142.60","30"
"SKU_44","2024-03-10","144","143.37","30"
"SKU_44","2024-03-11","140","144.23","30"
"SKU_44","2024-03-12","158","145.03","30"
"SKU_44","2024-03-13","130","144.60","30"
"SKU_44","2024-03-14","129","143.87","30"
"SKU_44","2024-03-15","148","144.13","30"
"SKU_44","2024-03-16","169","144.30","30"
"SKU_44","2024-03-17","163","145.30","30"
"SKU_44","2024-03-18","139","144.50","30"
"SKU_44","2024-03-19","151","144.47","30"
"SKU_44","2024-03-20","128","144.43","30"
"SKU_44","2024-03-21","152","145.20","30"
"SKU_44","2024-03-22","133","145.07","30"
"SKU_44","2024-03-23","152","145.13","30"
"SKU_44","2024-03-24","148","145.37","30"
"SKU_44","2024-03-25","180","147.53","30"
"SKU_44","2024-03-26","148","146.70","30"
"SKU_44","2024-03-27","147","147.13","30"
"SKU_44","2024-03-28","160","148.33","30"
"SKU_44","2024-03-29","158","148.40","30"
"SKU_44","2024-03-30","159","149.00","30"
"SKU_44","2024-03-31","144","149.13","30"
"SKU_44","2024-04-01","154","149.13","30"
"SKU_44","2024-04-02","161","149.80","30"
"SKU_44","2024-04-03","147","149.47","30"
"SKU_44","2024-04-04","177","150.43","30"
"SKU_44","2024-04-05","164","151.37","30"
"SKU_44","2024-04-06","160","152.07","30"
"SKU_44","2024-04-07","152","151.77","30"
"SKU_44","2024-04-08","130","150.83","30"
"SKU_44","2024-04-09","133","150.47","30"
"SKU_44","2024-04-10","139","150.43","30"
"SKU_44","2024-04-11","141","149.87","30"
"SKU_44","2024-04-12","144","150.33","30"
"SKU_44","2024-04-13","146","150.90","30"
"SKU_44","2024-04-14","152","151.03","30"
"SKU_44","2024-04-15","143","150.17","30"
"SKU_44","2024-04-16","154","149.87","30"
"SKU_44","2024-04-17","157","150.47","30"
"SKU_44","2024-04-18","178","151.37","30"
"SKU_44","2024-04-19","148","152.03","30"
"SKU_44","2024-04-20","132","151.37","30"
"SKU_44","2024-04-21","149","151.90","30"
"SKU_44","2024-04-22","161","152.20","30"
"SKU_44","2024-04-23","142","152.00","30"
"SKU_44","2024-04-24","157","151.23","30"
"SKU_44","2024-04-25","137","150.87","30"
"SKU_44","2024-04-26","144","150.77","30"
"SKU_44","2024-04-27","144","150.23","30"
"SKU_44","2024-04-28","153","150.07","30"
"SKU_44","2024-04-29","128","149.03","30"
"SKU_44","2024-04-30","162","149.63","30"
"SKU_44","2024-05-01","132","148.90","30"
"SKU_44","2024-05-02","167","149.10","30"
"SKU_44","2024-05-03","123","148.30","30"
"SKU_44","2024-05-04","145","147.23","30"
"SKU_44","2024-05-05","143","146.53","30"
"SKU_44","2024-05-06","131","145.57","30"
"SKU_44","2024-05-07","151","145.53","30"
"SKU_44","2024-05-08","134","145.67","30"
"SKU_44","2024-05-09","120","145.23","30"
"SKU_44","2024-05-10","143","145.37","30"
"SKU_44","2024-05-11","143","145.43","30"
"SKU_44","2024-05-12","143","145.40","30"
"SKU_44","2024-05-13","136","145.07","30"
"SKU_44","2024-05-14","126","144.20","30"
"SKU_44","2024-05-15","147","144.33","30"
"SKU_44","2024-05-16","128","143.47","30"
"SKU_44","2024-05-17","128","142.50","30"
"SKU_44","2024-05-18","127","140.80","30"
"SKU_44","2024-05-19","160","141.20","30"
"SKU_44","2024-05-20","138","141.40","30"
"SKU_44","2024-05-21","152","141.50","30"
"SKU_44","2024-05-22","120","140.13","30"
"SKU_44","2024-05-23","126","139.60","30"
"SKU_44","2024-05-24","131","138.73","30"
"SKU_44","2024-05-25","130","138.50","30"
"SKU_44","2024-05-26","144","138.50","30"
"SKU_44","2024-05-27","146","138.57","30"
"SKU_44","2024-05-28","132","137.87","30"
"SKU_44","2024-05-29","137","138.17","30"
"SKU_44","2024-05-30","123","136.87","30"
"SKU_44","2024-05-31","129","136.77","30"
"SKU_44","2024-06-01","133","135.63","30"
"SKU_44","2024-06-02","123","135.63","30"
"SKU_44","2024-06-03","134","135.27","30"
"SKU_44","2024-06-04","113","134.27","30"
"SKU_44","2024-06-05","124","134.03","30"
"SKU_44","2024-06-06","115","132.83","30"
"SKU_44","2024-06-07","138","132.97","30"
"SKU_44","2024-06-08","137","133.53","30"
"SKU_44","2024-06-09","112","132.50","30"
"SKU_44","2024-06-10","117","131.63","30"
"SKU_44","2024-06-11","127","131.10","30"
"SKU_44","2024-06-12","125","130.73","30"
"SKU_44","2024-06-13","120","130.53","30"
"SKU_44","2024-06-14","106","129.17","30"
"SKU_44","2024-06-15","114","128.70","30"
"SKU_44","2024-06-16","117","128.33","30"
"SKU_44","2024-06-17","90","127.10","30"
"SKU_44","2024-06-18","100","125.10","30"
"SKU_44","2024-06-19","103","123.93","30"
"SKU_44","2024-06-20","117","122.77","30"
"SKU_44","2024-06-21","123","122.87","30"
"SKU_44","2024-06-22","105","122.17","30"
"SKU_44","2024-06-23","105","121.30","30"
"SKU_44","2024-06-24","99","120.27","30"
"SKU_44","2024-06-25","103","118.90","30"
"SKU_44","2024-06-26","95","117.20","30"
"SKU_44","2024-06-27","113","116.57","30"
"SKU_44","2024-06-28","99","115.30","30"
"SKU_44","2024-06-29","112","114.93","30"
"SKU_44","2024-06-30","101","114.00","30"
"SKU_44","2024-07-01","118","113.50","30"
"SKU_44","2024-07-02","112","113.13","30"
"SKU_44","2024-07-03","88","111.60","30"
"SKU_44","2024-07-04","117","111.73","30"
"SKU_44","2024-07-05","108","111.20","30"
"SKU_44","2024-07-06","90","110.37","30"
"SKU_44","2024-07-07","97","109.00","30"
"SKU_44","2024-07-08","67","106.67","30"
"SKU_44","2024-07-09","91","105.97","30"
"SKU_44","2024-07-10","101","105.43","30"
"SKU_44","2024-07-11","106","104.73","30"
"SKU_44","2024-07-12","89","103.53","30"
"SKU_44","2024-07-13","116","103.40","30"
"SKU_44","2024-07-14","108","103.47","30"
"SKU_44","2024-07-15","98","102.93","30"
"SKU_44","2024-07-16","81","101.73","30"
"SKU_44","2024-07-17","95","101.90","30"
"SKU_44","2024-07-18","112","102.30","30"
"SKU_44","2024-07-19","79","101.50","30"
"SKU_44","2024-07-20","77","100.17","30"
"SKU_44","2024-07-21","89","99.03","30"
"SKU_44","2024-07-22","86","98.40","30"
"SKU_44","2024-07-23","84","97.70","30"
"SKU_44","2024-07-24","88","97.33","30"
"SKU_44","2024-07-25","84","96.70","30"
"SKU_44","2024-07-26","72","95.93","30"
"SKU_44","2024-07-27","76","94.70","30"
"SKU_44","2024-07-28","80","94.07","30"
"SKU_44","2024-07-29","70","92.67","30"
"SKU_44","2024-07-30","89","92.27","30"
"SKU_44","2024-07-31","72","90.73","30"
"SKU_44","2024-08-01","55","88.83","30"
"SKU_44","2024-08-02","72","88.30","30"
"SKU_44","2024-08-03","73","86.83","30"
"SKU_44","2024-08-04","74","85.70","30"
"SKU_44","2024-08-05","70","85.03","30"
"SKU_44","2024-08-06","60","83.80","30"
"SKU_44","2024-08-07","73","84.00","30"
"SKU_44","2024-08-08","60","82.97","30"
"SKU_44","2024-08-09","73","82.03","30"
"SKU_44","2024-08-10","54","80.30","30"
"SKU_44","2024-08-11","61","79.37","30"
"SKU_44","2024-08-12","87","78.40","30"
"SKU_44","2024-08-13","51","76.50","30"
"SKU_44","2024-08-14","32","74.30","30"
"SKU_44","2024-08-15","45","73.10","30"
"SKU_44","2024-08-16","50","71.60","30"
"SKU_44","2024-08-17","78","70.47","30"
"SKU_44","2024-08-18","49","69.47","30"
"SKU_44","2024-08-19","85","69.73","30"
"SKU_44","2024-08-20","52","68.50","30"
"SKU_44","2024-08-21","60","67.63","30"
"SKU_44","2024-08-22","67","67.07","30"
"SKU_44","2024-08-23","66","66.33","30"
"SKU_44","2024-08-24","44","65.00","30"
"SKU_44","2024-08-25","49","64.23","30"
"SKU_44","2024-08-26","63","63.80","30"
"SKU_44","2024-08-27","43","62.57","30"
"SKU_44","2024-08-28","52","61.97","30"
"SKU_44","2024-08-29","30","60.00","30"
"SKU_44","2024-08-30","38","58.87","30"
"SKU_44","2024-08-31","63","59.13","30"
"SKU_44","2024-09-01","27","57.63","30"
"SKU_44","2024-09-02","46","56.73","30"
"SKU_44","2024-09-03","61","56.30","30"
"SKU_44","2024-09-04","54","55.77","30"
"SKU_44","2024-09-05","52","55.50","30"
"SKU_44","2024-09-06","48","54.67","30"
"SKU_44","2024-09-07","70","55.00","30"
"SKU_44","2024-09-08","58","54.50","30"
"SKU_44","2024-09-09","47","54.27","30"
"SKU_44","2024-09-10","51","53.93","30"
"SKU_44","2024-09-11","47","52.60","30"
"SKU_44","2024-09-12","51","52.60","30"
"SKU_44","2024-09-13","70","53.87","30"
"SKU_44","2024-09-14","44","53.83","30"
"SKU_44","2024-09-15","58","54.10","30"
"SKU_44","2024-09-16","67","53.73","30"
"SKU_44","2024-09-17","69","54.40","30"
"SKU_44","2024-09-18","43","53.00","30"
"SKU_44","2024-09-19","65","53.43","30"
"SKU_44","2024-09-20","39","52.73","30"
"SKU_44","2024-09-21","46","52.03","30"
"SKU_44","2024-09-22","18","50.43","30"
"SKU_44","2024-09-23","49","50.60","30"
"SKU_44","2024-09-24","64","51.10","30"
"SKU_44","2024-09-25","49","50.63","30"
"SKU_44","2024-09-26","52","50.93","30"
"SKU_44","2024-09-27","32","50.27","30"
"SKU_44","2024-09-28","41","50.63","30"
"SKU_44","2024-09-29","54","51.17","30"
"SKU_44","2024-09-30","44","50.53","30"
"SKU_44","2024-10-01","54","51.43","30"
"SKU_44","2024-10-02","41","51.27","30"
"SKU_44","2024-10-03","37","50.47","30"
"SKU_44","2024-10-04","43","50.10","30"
"SKU_44","2024-10-05","58","50.30","30"
"SKU_44","2024-10-06","54","50.50","30"
"SKU_44","2024-10-07","62","50.23","30"
"SKU_44","2024-10-08","50","49.97","30"
"SKU_44","2024-10-09","31","49.43","30"
"SKU_44","2024-10-10","62","49.80","30"
"SKU_44","2024-10-11","57","50.13","30"
"SKU_44","2024-10-12","51","50.13","30"
"SKU_44","2024-10-13","50","49.47","30"
"SKU_44","2024-10-14","54","49.80","30"
"SKU_44","2024-10-15","62","49.93","30"
"SKU_44","2024-10-16","39","49.00","30"
"SKU_44","2024-10-17","55","48.53","30"
"SKU_44","2024-10-18","50","48.77","30"
"SKU_44","2024-10-19","25","47.43","30"
"SKU_44","2024-10-20","63","48.23","30"
"SKU_44","2024-10-21","37","47.93","30"
"SKU_44","2024-10-22","53","49.10","30"
"SKU_44","2024-10-23","40","48.80","30"
"SKU_44","2024-10-24","40","48.00","30"
"SKU_44","2024-10-25","53","48.13","30"
"SKU_44","2024-10-26","70","48.73","30"
"SKU_44","2024-10-27","60","49.67","30"
"SKU_44","2024-10-28","40","49.63","30"
"SKU_44","2024-10-29","71","50.20","30"
"SKU_44","2024-10-30","62","50.80","30"
"SKU_44","2024-10-31","71","51.37","30"
"SKU_44","2024-11-01","77","52.57","30"
"SKU_44","2024-11-02","76","53.87","30"
"SKU_44","2024-11-03","73","54.87","30"
"SKU_44","2024-11-04","58","54.87","30"
"SKU_44","2024-11-05","40","54.40","30"
"SKU_44","2024-11-06","76","54.87","30"
"SKU_44","2024-11-07","67","55.43","30"
"SKU_44","2024-11-08","74","56.87","30"
"SKU_44","2024-11-09","54","56.60","30"
"SKU_44","2024-11-10","60","56.70","30"
"SKU_44","2024-11-11","61","57.03","30"
"SKU_44","2024-11-12","61","57.40","30"
"SKU_44","2024-11-13","56","57.47","30"
"SKU_44","2024-11-14","53","57.17","30"
"SKU_44","2024-11-15","67","58.10","30"
"SKU_44","2024-11-16","72","58.67","30"
"SKU_44","2024-11-17","53","58.77","30"
"SKU_44","2024-11-18","83","60.70","30"
"SKU_44","2024-11-19","64","60.73","30"
"SKU_44","2024-11-20","55","61.33","30"
"SKU_44","2024-11-21","51","61.27","30"
"SKU_44","2024-11-22","74","62.40","30"
"SKU_44","2024-11-23","83","63.83","30"
"SKU_44","2024-11-24","70","64.40","30"
"SKU_44","2024-11-25","61","64.10","30"
"SKU_44","2024-11-26","70","64.43","30"
"SKU_44","2024-11-27","83","65.87","30"
"SKU_44","2024-11-28","55","65.33","30"
"SKU_44","2024-11-29","66","65.47","30"
"SKU_44","2024-11-30","66","65.30","30"
"SKU_44","2024-12-01","80","65.40","30"
"SKU_44","2024-12-02","95","66.03","30"
"SKU_44","2024-12-03","92","66.67","30"
"SKU_44","2024-12-04","60","66.73","30"
"SKU_44","2024-12-05","74","67.87","30"
"SKU_44","2024-12-06","77","67.90","30"
"SKU_44","2024-12-07","88","68.60","30"
"SKU_44","2024-12-08","91","69.17","30"
"SKU_44","2024-12-09","83","70.13","30"
"SKU_44","2024-12-10","74","70.60","30"
"SKU_44","2024-12-11","73","71.00","30"
"SKU_44","2024-12-12","67","71.20","30"
"SKU_44","2024-12-13","79","71.97","30"
"SKU_44","2024-12-14","74","72.67","30"
"SKU_44","2024-12-15","102","73.83","30"
"SKU_44","2024-12-16","76","73.97","30"
"SKU_44","2024-12-17","91","75.23","30"
"SKU_44","2024-12-18","83","75.23","30"
"SKU_44","2024-12-19","81","75.80","30"
"SKU_44","2024-12-20","77","76.53","30"
"SKU_44","2024-12-21","84","77.63","30"
"SKU_44","2024-12-22","107","78.73","30"
"SKU_44","2024-12-23","123","80.07","30"
"SKU_44","2024-12-24","90","80.73","30"
"SKU_44","2024-12-25","113","82.47","30"
"SKU_44","2024-12-26","86","83.00","30"
"SKU_44","2024-12-27","120","84.23","30"
"SKU_44","2024-12-28","107","85.97","30"
"SKU_44","2024-12-29","106","87.30","30"
"SKU_44","2024-12-30","103","88.53","30"
"SKU_45","2024-01-01","89","89.00","1"
"SKU_45","2024-01-02","90","89.50","2"
"SKU_45","2024-01-03","125","101.33","3"
"SKU_45","2024-01-04","105","102.25","4"
"SKU_45","2024-01-05","125","106.80","5"
"SKU_45","2024-01-06","117","108.50","6"
"SKU_45","2024-01-07","108","108.43","7"
"SKU_45","2024-01-08","120","109.88","8"
"SKU_45","2024-01-09","113","110.22","9"
"SKU_45","2024-01-10","109","110.10","10"
"SKU_45","2024-01-11","94","108.64","11"
"SKU_45","2024-01-12","123","109.83","12"
"SKU_45","2024-01-13","113","110.08","13"
"SKU_45","2024-01-14","114","110.36","14"
"SKU_45","2024-01-15","137","112.13","15"
"SKU_45","2024-01-16","114","112.25","16"
"SKU_45","2024-01-17","109","112.06","17"
"SKU_45","2024-01-18","117","112.33","18"
"SKU_45","2024-01-19","122","112.84","19"
"SKU_45","2024-01-20","106","112.50","20"
"SKU_45","2024-01-21","120","112.86","21"
"SKU_45","2024-01-22","115","112.95","22"
"SKU_45","2024-01-23","118","113.17","23"
"SKU_45","2024-01-24","121","113.50","24"
"SKU_45","2024-01-25","117","113.64","25"
"SKU_45","2024-01-26","120","113.88","26"
"SKU_45","2024-01-27","119","114.07","27"
"SKU_45","2024-01-28","140","115.00","28"
"SKU_45","2024-01-29","129","115.48","29"
"SKU_45","2024-01-30","122","115.70","30"
"SKU_45","2024-01-31","116","116.60","30"
"SKU_45","2024-02-01","122","117.67","30"
"SKU_45","2024-02-02","127","117.73","30"
"SKU_45","2024-02-03","111","117.93","30"
"SKU_45","2024-02-04","125","117.93","30"
"SKU_45","2024-02-05","124","118.17","30"
"SKU_45","2024-02-06","116","118.43","30"
"SKU_45","2024-02-07","130","118.77","30"
"SKU_45","2024-02-08","117","118.90","30"
"SKU_45","2024-02-09","140","119.93","30"
"SKU_45","2024-02-10","130","121.13","30"
"SKU_45","2024-02-11","153","122.13","30"
"SKU_45","2024-02-12","143","123.13","30"
"SKU_45","2024-02-13","133","123.77","30"
"SKU_45","2024-02-14","133","123.63","30"
"SKU_45","2024-02-15","116","123.70","30"
"SKU_45","2024-02-16","125","124.23","30"
"SKU_45","2024-02-17","148","125.27","30"
"SKU_45","2024-02-18","140","125.87","30"
"SKU_45","2024-02-19","137","126.90","30"
"SKU_45","2024-02-20","146","127.77","30"
"SKU_45","2024-02-21","163","129.37","30"
"SKU_45","2024-02-22","155","130.60","30"
"SKU_45","2024-02-23","126","130.77","30"
"SKU_45","2024-02-24","139","131.50","30"
"SKU_45","2024-02-25","146","132.37","30"
"SKU_45","2024-02-26","128","132.67","30"
"SKU_45","2024-02-27","144","132.80","30"
"SKU_45","2024-02-28","125","132.67","30"
"SKU_45","2024-02-29","186","134.80","30"
"SKU_45","2024-03-01","133","135.37","30"
"SKU_45","2024-03-02","150","136.30","30"
"SKU_45","2024-03-03","166","137.60","30"
"SKU_45","2024-03-04","151","138.93","30"
"SKU_45","2024-03-05","156","139.97","30"
"SKU_45","2024-03-06","136","140.37","30"
"SKU_45","2024-03-07","138","141.10","30"
"SKU_45","2024-03-08","132","141.17","30"
"SKU_45","2024-03-09","143","142.03","30"
"SKU_45","2024-03-10","150","142.37","30"
"SKU_45","2024-03-11","154","143.17","30"
"SKU_45","2024-03-12","149","143.03","30"
"SKU_45","2024-03-13","145","143.10","30"
"SKU_45","2024-03-14","147","143.57","30"
"SKU_45","2024-03-15","142","143.87","30"
"SKU_45","2024-03-16","122","144.07","30"
"SKU_45","2024-03-17","147","144.80","30"
"SKU_45","2024-03-18","167","145.43","30"
"SKU_45","2024-03-19","153","145.87","30"
"SKU_45","2024-03-20","154","146.43","30"
"SKU_45","2024-03-21","156","146.77","30"
"SKU_45","2024-03-22","167","146.90","30"
"SKU_45","2024-03-23","137","146.30","30"
"SKU_45","2024-03-24","148","147.03","30"
"SKU_45","2024-03-25","139","147.03","30"
"SKU_45","2024-03-26","149","147.13","30"
"SKU_45","2024-03-27","159","148.17","30"
"SKU_45","2024-03-28","141","148.07","30"
"SKU_45","2024-03-29","147","148.80","30"
"SKU_45","2024-03-30","152","147.67","30"
"SKU_45","2024-03-31","170","148.90","30"
"SKU_45","2024-04-01","146","148.77","30"
"SKU_45","2024-04-02","135","147.73","30"
"SKU_45","2024-04-03","145","147.53","30"
"SKU_45","2024-04-04","145","147.17","30"
"SKU_45","2024-04-05","150","147.63","30"
"SKU_45","2024-04-06","139","147.67","30"
"SKU_45","2024-04-07","135","147.77","30"
"SKU_45","2024-04-08","169","148.63","30"
"SKU_45","2024-04-09","138","148.23","30"
"SKU_45","2024-04-10","174","148.90","30"
"SKU_45","2024-04-11","144","148.73","30"
"SKU_45","2024-04-12","130","148.23","30"
"SKU_45","2024-04-13","138","147.93","30"
"SKU_45","2024-04-14","148","148.13","30"
"SKU_45","2024-04-15","151","149.10","30"
"SKU_45","2024-04-16","180","150.20","30"
"SKU_45","2024-04-17","156","149.83","30"
"SKU_45","2024-04-18","157","149.97","30"
"SKU_45","2024-04-19","150","149.83","30"
"SKU_45","2024-04-20","157","149.87","30"
"SKU_45","2024-04-21","155","149.47","30"
"SKU_45","2024-04-22","152","149.97","30"
"SKU_45","2024-04-23","137","149.60","30"
"SKU_45","2024-04-24","146","149.83","30"
"SKU_45","2024-04-25","147","149.77","30"
"SKU_45","2024-04-26","140","149.13","30"
"SKU_45","2024-04-27","157","149.67","30"
"SKU_45","2024-04-28","143","149.53","30"
"SKU_45","2024-04-29","130","148.80","30"
"SKU_45","2024-04-30","118","147.07","30"
"SKU_45","2024-05-01","124","146.33","30"
"SKU_45","2024-05-02","139","146.47","30"
"SKU_45","2024-05-03","148","146.57","30"
"SKU_45","2024-05-04","140","146.40","30"
"SKU_45","2024-05-05","146","146.27","30"
"SKU_45","2024-05-06","109","145.27","30"
"SKU_45","2024-05-07","131","145.13","30"
"SKU_45","2024-05-08","117","143.40","30"
"SKU_45","2024-05-09","150","143.80","30"
"SKU_45","2024-05-10","123","142.10","30"
"SKU_45","2024-05-11","137","141.87","30"
"SKU_45","2024-05-12","152","142.60","30"
"SKU_45","2024-05-13","125","142.17","30"
"SKU_45","2024-05-14","137","141.80","30"
"SKU_45","2024-05-15","128","141.03","30"
"SKU_45","2024-05-16","120","139.03","30"
"SKU_45","2024-05-17","121","137.87","30"
"SKU_45","2024-05-18","107","136.20","30"
"SKU_45","2024-05-19","131","135.57","30"
"SKU_45","2024-05-20","120","134.33","30"
"SKU_45","2024-05-21","145","134.00","30"
"SKU_45","2024-05-22","150","133.93","30"
"SKU_45","2024-05-23","127","133.60","30"
"SKU_45","2024-05-24","118","132.67","30"
"SKU_45","2024-05-25","132","132.17","30"
"SKU_45","2024-05-26","124","131.63","30"
"SKU_45","2024-05-27","131","130.77","30"
"SKU_45","2024-05-28","133","130.43","30"
"SKU_45","2024-05-29","121","130.13","30"
"SKU_45","2024-05-30","133","130.63","30"
"SKU_45","2024-05-31","126","130.70","30"
"SKU_45","2024-06-01","130","130.40","30"
"SKU_45","2024-06-02","154","130.60","30"
"SKU_45","2024-06-03","117","129.83","30"
"SKU_45","2024-06-04","118","128.90","30"
"SKU_45","2024-06-05","114","129.07","30"
"SKU_45","2024-06-06","126","128.90","30"
"SKU_45","2024-06-07","133","129.43","30"
"SKU_45","2024-06-08","123","128.53","30"
"SKU_45","2024-06-09","124","128.57","30"
"SKU_45","2024-06-10","99","127.30","30"
"SKU_45","2024-06-11","136","126.77","30"
"SKU_45","2024-06-12","87","125.50","30"
"SKU_45","2024-06-13","108","124.53","30"
"SKU_45","2024-06-14","105","123.77","30"
"SKU_45","2024-06-15","121","123.80","30"
"SKU_45","2024-06-16","110","123.43","30"
"SKU_45","2024-06-17","101","123.23","30"
"SKU_45","2024-06-18","92","121.93","30"
"SKU_45","2024-06-19","102","121.33","30"
"SKU_45","2024-06-20","103","119.93","30"
"SKU_45","2024-06-21","137","119.50","30"
"SKU_45","2024-06-22","96","118.47","30"
"SKU_45","2024-06-23","104","118.00","30"
"SKU_45","2024-06-24","116","117.47","30"
"SKU_45","2024-06-25","102","116.73","30"
"SKU_45","2024-06-26","87","115.27","30"
"SKU_45","2024-06-27","100","114.17","30"
"SKU_45","2024-06-28","92","113.20","30"
"SKU_45","2024-06-29","109","112.40","30"
"SKU_45","2024-06-30","99","111.50","30"
"SKU_45","2024-07-01","106","110.70","30"
"SKU_45","2024-07-02","90","108.57","30"
"SKU_45","2024-07-03","71","107.03","30"
"SKU_45","2024-07-04","90","106.10","30"
"SKU_45","2024-07-05","103","105.73","30"
"SKU_45","2024-07-06","80","104.20","30"
"SKU_45","2024-07-07","99","103.07","30"
"SKU_45","2024-07-08","85","101.80","30"
"SKU_45","2024-07-09","105","101.17","30"
"SKU_45","2024-07-10","93","100.97","30"
"SKU_45","2024-07-11","76","98.97","30"
"SKU_45","2024-07-12","86","98.93","30"
"SKU_45","2024-07-13","73","97.77","30"
"SKU_45","2024-07-14","105","97.77","30"
"SKU_45","2024-07-15","98","97.00","30"
"SKU_45","2024-07-16","99","96.63","30"
"SKU_45","2024-07-17","104","96.73","30"
"SKU_45","2024-07-18","96","96.87","30"
"SKU_45","2024-07-19","99","96.77","30"
"SKU_45","2024-07-20","83","96.10","30"
"SKU_45","2024-07-21","87","94.43","30"
"SKU_45","2024-07-22","91","94.27","30"
"SKU_45","2024-07-23","88","93.73","30"
"SKU_45","2024-07-24","86","92.73","30"
"SKU_45","2024-07-25","85","92.17","30"
"SKU_45","2024-07-26","96","92.47","30"
"SKU_45","2024-07-27","69","91.43","30"
"SKU_45","2024-07-28","84","91.17","30"
"SKU_45","2024-07-29","76","90.07","30"
"SKU_45","2024-07-30","100","90.10","30"
"SKU_45","2024-07-31","85","89.40","30"
"SKU_45","2024-08-01","78","89.00","30"
"SKU_45","2024-08-02","69","88.93","30"
"SKU_45","2024-08-03","80","88.60","30"
"SKU_45","2024-08-04","71","87.53","30"
"SKU_45","2024-08-05","52","86.60","30"
"SKU_45","2024-08-06","67","85.53","30"
"SKU_45","2024-08-07","55","84.53","30"
"SKU_45","2024-08-08","73","83.47","30"
"SKU_45","2024-08-09","56","82.23","30"
"SKU_45","2024-08-10","52","81.43","30"
"SKU_45","2024-08-11","80","81.23","30"
"SKU_45","2024-08-12","55","80.63","30"
"SKU_45","2024-08-13","64","79.27","30"
"SKU_45","2024-08-14","87","78.90","30"
"SKU_45","2024-08-15","65","77.77","30"
"SKU_45","2024-08-16","60","76.30","30"
"SKU_45","2024-08-17","59","75.07","30"
"SKU_45","2024-08-18","43","73.20","30"
"SKU_45","2024-08-19","56","72.30","30"
"SKU_45","2024-08-20","69","71.70","30"
"SKU_45","2024-08-21","60","70.67","30"
"SKU_45","2024-08-22","61","69.77","30"
"SKU_45","2024-08-23","64","69.03","30"
"SKU_45","2024-08-24","37","67.43","30"
"SKU_45","2024-08-25","50","65.90","30"
"SKU_45","2024-08-26","43","65.03","30"
"SKU_45","2024-08-27","52","63.97","30"
"SKU_45","2024-08-28","57","63.33","30"
"SKU_45","2024-08-29","53","61.77","30"
"SKU_45","2024-08-30","38","60.20","30"
"SKU_45","2024-08-31","60","59.60","30"
"SKU_45","2024-09-01","59","59.27","30"
"SKU_45","2024-09-02","54","58.40","30"
"SKU_45","2024-09-03","59","58.00","30"
"SKU_45","2024-09-04","71","58.63","30"
"SKU_45","2024-09-05","52","58.13","30"
"SKU_45","2024-09-06","62","58.37","30"
"SKU_45","2024-09-07","57","57.83","30"
"SKU_45","2024-09-08","52","57.70","30"
"SKU_45","2024-09-09","69","58.27","30"
"SKU_45","2024-09-10","51","57.30","30"
"SKU_45","2024-09-11","54","57.27","30"
"SKU_45","2024-09-12","53","56.90","30"
"SKU_45","2024-09-13","41","55.37","30"
"SKU_45","2024-09-14","47","54.77","30"
"SKU_45","2024-09-15","59","54.73","30"
"SKU_45","2024-09-16","45","54.27","30"
"SKU_45","2024-09-17","52","54.57","30"
"SKU_45","2024-09-18","43","54.13","30"
"SKU_45","2024-09-19","47","53.40","30"
"SKU_45","2024-09-20","50","53.07","30"
"SKU_45","2024-09-21","57","52.93","30"
"SKU_45","2024-09-22","77","53.37","30"
"SKU_45","2024-09-23","50","53.80","30"
"SKU_45","2024-09-24","58","54.07","30"
"SKU_45","2024-09-25","28","53.57","30"
"SKU_45","2024-09-26","40","53.17","30"
"SKU_45","2024-09-27","42","52.67","30"
"SKU_45","2024-09-28","59","52.87","30"
"SKU_45","2024-09-29","63","53.70","30"
"SKU_45","2024-09-30","45","53.20","30"
"SKU_45","2024-10-01","64","53.37","30"
"SKU_45","2024-10-02","25","52.40","30"
"SKU_45","2024-10-03","38","51.70","30"
"SKU_45","2024-10-04","45","50.83","30"
"SKU_45","2024-10-05","45","50.60","30"
"SKU_45","2024-10-06","55","50.37","30"
"SKU_45","2024-10-07","54","50.27","30"
"SKU_45","2024-10-08","52","50.27","30"
"SKU_45","2024-10-09","42","49.37","30"
"SKU_45","2024-10-10","53","49.43","30"
"SKU_45","2024-10-11","49","49.27","30"
"SKU_45","2024-10-12","48","49.10","30"
"SKU_45","2024-10-13","73","50.17","30"
"SKU_45","2024-10-14","59","50.57","30"
"SKU_45","2024-10-15","33","49.70","30"
"SKU_45","2024-10-16","49","49.83","30"
"SKU_45","2024-10-17","59","50.07","30"
"SKU_45","2024-10-18","43","50.07","30"
"SKU_45","2024-10-19","58","50.43","30"
"SKU_45","2024-10-20","52","50.50","30"
"SKU_45","2024-10-21","47","50.17","30"
"SKU_45","2024-10-22","46","49.13","30"
"SKU_45","2024-10-23","50","49.13","30"
"SKU_45","2024-10-24","90","50.20","30"
"SKU_45","2024-10-25","51","50.97","30"
"SKU_45","2024-10-26","56","51.50","30"
"SKU_45","2024-10-27","59","52.07","30"
"SKU_45","2024-10-28","50","51.77","30"
"SKU_45","2024-10-29","66","51.87","30"
"SKU_45","2024-10-30","38","51.63","30"
"SKU_45","2024-10-31","73","51.93","30"
"SKU_45","2024-11-01","41","52.47","30"
"SKU_45","2024-11-02","35","52.37","30"
"SKU_45","2024-11-03","47","52.43","30"
"SKU_45","2024-11-04","70","53.27","30"
"SKU_45","2024-11-05","41","52.80","30"
"SKU_45","2024-11-06","53","52.77","30"
"SKU_45","2024-11-07","65","53.20","30"
"SKU_45","2024-11-08","71","54.17","30"
"SKU_45","2024-11-09","46","53.93","30"
"SKU_45","2024-11-10","51","54.00","30"
"SKU_45","2024-11-11","64","54.53","30"
"SKU_45","2024-11-12","80","54.77","30"
"SKU_45","2024-11-13","55","54.63","30"
"SKU_45","2024-11-14","86","56.40","30"
"SKU_45","2024-11-15","65","56.93","30"
"SKU_45","2024-11-16","78","57.57","30"
"SKU_45","2024-11-17","61","58.17","30"
"SKU_45","2024-11-18","80","58.90","30"
"SKU_45","2024-11-19","84","59.97","30"
"SKU_45","2024-11-20","63","60.50","30"
"SKU_45","2024-11-21","56","60.83","30"
"SKU_45","2024-11-22","66","61.37","30"
"SKU_45","2024-11-23","83","61.13","30"
"SKU_45","2024-11-24","101","62.80","30"
"SKU_45","2024-11-25","68","63.20","30"
"SKU_45","2024-11-26","90","64.23","30"
"SKU_45","2024-11-27","62","64.63","30"
"SKU_45","2024-11-28","68","64.70","30"
"SKU_45","2024-11-29","79","66.07","30"
"SKU_45","2024-11-30","78","66.23","30"
"SKU_45","2024-12-01","80","67.53","30"
"SKU_45","2024-12-02","67","68.60","30"
"SKU_45","2024-12-03","74","69.50","30"
"SKU_45","2024-12-04","78","69.77","30"
"SKU_45","2024-12-05","72","70.80","30"
"SKU_45","2024-12-06","83","71.80","30"
"SKU_45","2024-12-07","73","72.07","30"
"SKU_45","2024-12-08","97","72.93","30"
"SKU_45","2024-12-09","72","73.80","30"
"SKU_45","2024-12-10","88","75.03","30"
"SKU_45","2024-12-11","78","75.50","30"
"SKU_45","2024-12-12","83","75.60","30"
"SKU_45","2024-12-13","87","76.67","30"
"SKU_45","2024-12-14","81","76.50","30"
"SKU_45","2024-12-15","99","77.63","30"
"SKU_45","2024-12-16","86","77.90","30"
"SKU_45","2024-12-17","79","78.50","30"
"SKU_45","2024-12-18","85","78.67","30"
"SKU_45","2024-12-19","104","79.33","30"
"SKU_45","2024-12-20","73","79.67","30"
"SKU_45","2024-12-21","83","80.57","30"
"SKU_45","2024-12-22","101","81.73","30"
"SKU_45","2024-12-23","77","81.53","30"
"SKU_45","2024-12-24","92","81.23","30"
"SKU_45","2024-12-25","97","82.20","30"
"SKU_45","2024-12-26","114","83.00","30"
"SKU_45","2024-12-27","66","83.13","30"
"SKU_45","2024-12-28","107","84.43","30"
"SKU_45","2024-12-29","101","85.17","30"
"SKU_45","2024-12-30","94","85.70","30"
"SKU_46","2024-01-01","99","99.00","1"
"SKU_46","2024-01-02","97","98.00","2"
"SKU_46","2024-01-03","73","89.67","3"
"SKU_46","2024-01-04","97","91.50","4"
"SKU_46","2024-01-05","118","96.80","5"
"SKU_46","2024-01-06","105","98.17","6"
"SKU_46","2024-01-07","85","96.29","7"
"SKU_46","2024-01-08","105","97.38","8"
"SKU_46","2024-01-09","104","98.11","9"
"SKU_46","2024-01-10","100","98.30","10"
"SKU_46","2024-01-11","104","98.82","11"
"SKU_46","2024-01-12","100","98.92","12"
"SKU_46","2024-01-13","111","99.85","13"
"SKU_46","2024-01-14","95","99.50","14"
"SKU_46","2024-01-15","99","99.47","15"
"SKU_46","2024-01-16","110","100.13","16"
"SKU_46","2024-01-17","105","100.41","17"
"SKU_46","2024-01-18","96","100.17","18"
"SKU_46","2024-01-19","117","101.05","19"
"SKU_46","2024-01-20","120","102.00","20"
"SKU_46","2024-01-21","146","104.10","21"
"SKU_46","2024-01-22","100","103.91","22"
"SKU_46","2024-01-23","126","104.87","23"
"SKU_46","2024-01-24","137","106.21","24"
"SKU_46","2024-01-25","111","106.40","25"
"SKU_46","2024-01-26","133","107.42","26"
"SKU_46","2024-01-27","132","108.33","27"
"SKU_46","2024-01-28","120","108.75","28"
"SKU_46","2024-01-29","163","110.62","29"
"SKU_46","2024-01-30","122","111.00","30"
"SKU_46","2024-01-31","114","111.50","30"
"SKU_46","2024-02-01","128","112.53","30"
"SKU_46","2024-02-02","115","113.93","30"
"SKU_46","2024-02-03","139","115.33","30"
"SKU_46","2024-02-04","124","115.53","30"
"SKU_46","2024-02-05","130","116.37","30"
"SKU_46","2024-02-06","122","117.60","30"
"SKU_46","2024-02-07","158","119.37","30"
"SKU_46","2024-02-08","129","120.20","30"
"SKU_46","2024-02-09","126","121.07","30"
"SKU_46","2024-02-10","140","122.27","30"
"SKU_46","2024-02-11","122","123.00","30"
"SKU_46","2024-02-12","132","123.70","30"
"SKU_46","2024-02-13","123","124.63","30"
"SKU_46","2024-02-14","130","125.67","30"
"SKU_46","2024-02-15","146","126.87","30"
"SKU_46","2024-02-16","122","127.43","30"
"SKU_46","2024-02-17","127","128.47","30"
"SKU_46","2024-02-18","145","129.40","30"
"SKU_46","2024-02-19","142","130.13","30"
"SKU_46","2024-02-20","146","130.13","30"
"SKU_46","2024-02-21","144","131.60","30"
"SKU_46","2024-02-22","156","132.60","30"
"SKU_46","2024-02-23","134","132.50","30"
"SKU_46","2024-02-24","134","133.27","30"
"SKU_46","2024-02-25","165","134.33","30"
"SKU_46","2024-02-26","121","133.97","30"
"SKU_46","2024-02-27","144","134.77","30"
"SKU_46","2024-02-28","148","134.27","30"
"SKU_46","2024-02-29","153","135.30","30"
"SKU_46","2024-03-01","117","135.40","30"
"SKU_46","2024-03-02","151","136.17","30"
"SKU_46","2024-03-03","158","137.60","30"
"SKU_46","2024-03-04","149","137.93","30"
"SKU_46","2024-03-05","153","138.90","30"
"SKU_46","2024-03-06","138","139.17","30"
"SKU_46","2024-03-07","156","140.30","30"
"SKU_46","2024-03-08","129","139.33","30"
"SKU_46","2024-03-09","148","139.97","30"
"SKU_46","2024-03-10","158","141.03","30"
"SKU_46","2024-03-11","134","140.83","30"
"SKU_46","2024-03-12","137","141.33","30"
"SKU_46","2024-03-13","169","142.57","30"
"SKU_46","2024-03-14","155","143.63","30"
"SKU_46","2024-03-15","143","144.07","30"
"SKU_46","2024-03-16","161","144.57","30"
"SKU_46","2024-03-17","137","145.07","30"
"SKU_46","2024-03-18","161","146.20","30"
"SKU_46","2024-03-19","138","145.97","30"
"SKU_46","2024-03-20","144","146.03","30"
"SKU_46","2024-03-21","160","146.50","30"
"SKU_46","2024-03-22","162","147.10","30"
"SKU_46","2024-03-23","160","147.23","30"
"SKU_46","2024-03-24","139","147.40","30"
"SKU_46","2024-03-25","165","148.43","30"
"SKU_46","2024-03-26","192","149.33","30"
"SKU_46","2024-03-27","156","150.50","30"
"SKU_46","2024-03-28","138","150.30","30"
"SKU_46","2024-03-29","147","150.27","30"
"SKU_46","2024-03-30","133","149.60","30"
"SKU_46","2024-03-31","152","150.77","30"
"SKU_46","2024-04-01","140","150.40","30"
"SKU_46","2024-04-02","151","150.17","30"
"SKU_46","2024-04-03","131","149.57","30"
"SKU_46","2024-04-04","144","149.27","30"
"SKU_46","2024-04-05","145","149.50","30"
"SKU_46","2024-04-06","142","149.03","30"
"SKU_46","2024-04-07","152","149.80","30"
"SKU_46","2024-04-08","159","150.17","30"
"SKU_46","2024-04-09","162","150.30","30"
"SKU_46","2024-04-10","167","151.40","30"
"SKU_46","2024-04-11","135","151.33","30"
"SKU_46","2024-04-12","145","150.53","30"
"SKU_46","2024-04-13","147","150.27","30"
"SKU_46","2024-04-14","141","150.20","30"
"SKU_46","2024-04-15","158","150.10","30"
"SKU_46","2024-04-16","157","150.77","30"
"SKU_46","2024-04-17","155","150.57","30"
"SKU_46","2024-04-18","151","151.00","30"
"SKU_46","2024-04-19","131","150.57","30"
"SKU_46","2024-04-20","131","149.60","30"
"SKU_46","2024-04-21","165","149.70","30"
"SKU_46","2024-04-22","148","149.30","30"
"SKU_46","2024-04-23","149","149.63","30"
"SKU_46","2024-04-24","137","148.70","30"
"SKU_46","2024-04-25","161","147.67","30"
"SKU_46","2024-04-26","137","147.03","30"
"SKU_46","2024-04-27","156","147.63","30"
"SKU_46","2024-04-28","178","148.67","30"
"SKU_46","2024-04-29","171","149.93","30"
"SKU_46","2024-04-30","168","150.47","30"
"SKU_46","2024-05-01","133","150.23","30"
"SKU_46","2024-05-02","136","149.73","30"
"SKU_46","2024-05-03","142","150.10","30"
"SKU_46","2024-05-04","140","149.97","30"
"SKU_46","2024-05-05","136","149.67","30"
"SKU_46","2024-05-06","161","150.30","30"
"SKU_46","2024-05-07","122","149.30","30"
"SKU_46","2024-05-08","144","148.80","30"
"SKU_46","2024-05-09","166","148.93","30"
"SKU_46","2024-05-10","142","148.10","30"
"SKU_46","2024-05-11","161","148.97","30"
"SKU_46","2024-05-12","129","148.43","30"
"SKU_46","2024-05-13","130","147.87","30"
"SKU_46","2024-05-14","130","147.50","30"
"SKU_46","2024-05-15","151","147.27","30"
"SKU_46","2024-05-16","149","147.00","30"
"SKU_46","2024-05-17","150","146.83","30"
"SKU_46","2024-05-18","134","146.27","30"
"SKU_46","2024-05-19","125","146.07","30"
"SKU_46","2024-05-20","125","145.87","30"
"SKU_46","2024-05-21","132","144.77","30"
"SKU_46","2024-05-22","118","143.77","30"
"SKU_46","2024-05-23","140","143.47","30"
"SKU_46","2024-05-24","140","143.57","30"
"SKU_46","2024-05-25","107","141.77","30"
"SKU_46","2024-05-26","135","141.70","30"
"SKU_46","2024-05-27","146","141.37","30"
"SKU_46","2024-05-28","127","139.67","30"
"SKU_46","2024-05-29","117","137.87","30"
"SKU_46","2024-05-30","131","136.63","30"
"SKU_46","2024-05-31","140","136.87","30"
"SKU_46","2024-06-01","134","136.80","30"
"SKU_46","2024-06-02","142","136.80","30"
"SKU_46","2024-06-03","146","137.00","30"
"SKU_46","2024-06-04","108","136.07","30"
"SKU_46","2024-06-05","114","134.50","30"
"SKU_46","2024-06-06","130","134.77","30"
"SKU_46","2024-06-07","124","134.10","30"
"SKU_46","2024-06-08","111","132.27","30"
"SKU_46","2024-06-09","115","131.37","30"
"SKU_46","2024-06-10","113","129.77","30"
"SKU_46","2024-06-11","124","129.60","30"
"SKU_46","2024-06-12","112","129.00","30"
"SKU_46","2024-06-13","110","128.33","30"
"SKU_46","2024-06-14","129","127.60","30"
"SKU_46","2024-06-15","111","126.33","30"
"SKU_46","2024-06-16","119","125.30","30"
"SKU_46","2024-06-17","116","124.70","30"
"SKU_46","2024-06-18","121","124.57","30"
"SKU_46","2024-06-19","117","124.30","30"
"SKU_46","2024-06-20","93","123.00","30"
"SKU_46","2024-06-21","87","121.97","30"
"SKU_46","2024-06-22","122","121.37","30"
"SKU_46","2024-06-23","98","119.97","30"
"SKU_46","2024-06-24","73","118.83","30"
"SKU_46","2024-06-25","95","117.50","30"
"SKU_46","2024-06-26","87","115.53","30"
"SKU_46","2024-06-27","88","114.23","30"
"SKU_46","2024-06-28","104","113.80","30"
"SKU_46","2024-06-29","96","112.63","30"
"SKU_46","2024-06-30","96","111.17","30"
"SKU_46","2024-07-01","100","110.03","30"
"SKU_46","2024-07-02","87","108.20","30"
"SKU_46","2024-07-03","102","106.73","30"
"SKU_46","2024-07-04","98","106.40","30"
"SKU_46","2024-07-05","85","105.43","30"
"SKU_46","2024-07-06","142","105.83","30"
"SKU_46","2024-07-07","90","104.70","30"
"SKU_46","2024-07-08","95","104.17","30"
"SKU_46","2024-07-09","93","103.43","30"
"SKU_46","2024-07-10","98","102.93","30"
"SKU_46","2024-07-11","90","101.80","30"
"SKU_46","2024-07-12","117","101.97","30"
"SKU_46","2024-07-13","92","101.37","30"
"SKU_46","2024-07-14","100","100.40","30"
"SKU_46","2024-07-15","78","99.30","30"
"SKU_46","2024-07-16","88","98.27","30"
"SKU_46","2024-07-17","82","97.13","30"
"SKU_46","2024-07-18","51","94.80","30"
"SKU_46","2024-07-19","84","93.70","30"
"SKU_46","2024-07-20","79","93.23","30"
"SKU_46","2024-07-21","93","93.43","30"
"SKU_46","2024-07-22","82","92.10","30"
"SKU_46","2024-07-23","76","91.37","30"
"SKU_46","2024-07-24","92","92.00","30"
"SKU_46","2024-07-25","64","90.97","30"
"SKU_46","2024-07-26","109","91.70","30"
"SKU_46","2024-07-27","78","91.37","30"
"SKU_46","2024-07-28","77","90.47","30"
"SKU_46","2024-07-29","50","88.93","30"
"SKU_46","2024-07-30","79","88.37","30"
"SKU_46","2024-07-31","72","87.43","30"
"SKU_46","2024-08-01","68","86.80","30"
"SKU_46","2024-08-02","95","86.57","30"
"SKU_46","2024-08-03","88","86.23","30"
"SKU_46","2024-08-04","68","85.67","30"
"SKU_46","2024-08-05","54","82.73","30"
"SKU_46","2024-08-06","88","82.67","30"
"SKU_46","2024-08-07","71","81.87","30"
"SKU_46","2024-08-08","75","81.27","30"
"SKU_46","2024-08-09","93","81.10","30"
"SKU_46","2024-08-10","59","80.07","30"
"SKU_46","2024-08-11","80","78.83","30"
"SKU_46","2024-08-12","70","78.10","30"
"SKU_46","2024-08-13","65","76.93","30"
"SKU_46","2024-08-14","62","76.40","30"
"SKU_46","2024-08-15","71","75.83","30"
"SKU_46","2024-08-16","61","75.13","30"
"SKU_46","2024-08-17","54","75.23","30"
"SKU_46","2024-08-18","71","74.80","30"
"SKU_46","2024-08-19","70","74.50","30"
"SKU_46","2024-08-20","65","73.57","30"
"SKU_46","2024-08-21","54","72.63","30"
"SKU_46","2024-08-22","53","71.87","30"
"SKU_46","2024-08-23","48","70.40","30"
"SKU_46","2024-08-24","34","69.40","30"
"SKU_46","2024-08-25","47","67.33","30"
"SKU_46","2024-08-26","55","66.57","30"
"SKU_46","2024-08-27","51","65.70","30"
"SKU_46","2024-08-28","48","65.63","30"
"SKU_46","2024-08-29","57","64.90","30"
"SKU_46","2024-08-30","64","64.63","30"
"SKU_46","2024-08-31","31","63.40","30"
"SKU_46","2024-09-01","41","61.60","30"
"SKU_46","2024-09-02","42","60.07","30"
"SKU_46","2024-09-03","61","59.83","30"
"SKU_46","2024-09-04","49","59.67","30"
"SKU_46","2024-09-05","48","58.33","30"
"SKU_46","2024-09-06","48","57.57","30"
"SKU_46","2024-09-07","44","56.53","30"
"SKU_46","2024-09-08","47","55.00","30"
"SKU_46","2024-09-09","66","55.23","30"
"SKU_46","2024-09-10","54","54.37","30"
"SKU_46","2024-09-11","54","53.83","30"
"SKU_46","2024-09-12","45","53.17","30"
"SKU_46","2024-09-13","38","52.37","30"
"SKU_46","2024-09-14","52","51.73","30"
"SKU_46","2024-09-15","43","51.13","30"
"SKU_46","2024-09-16","59","51.30","30"
"SKU_46","2024-09-17","49","50.57","30"
"SKU_46","2024-09-18","44","49.70","30"
"SKU_46","2024-09-19","31","48.57","30"
"SKU_46","2024-09-20","35","47.93","30"
"SKU_46","2024-09-21","50","47.83","30"
"SKU_46","2024-09-22","47","47.80","30"
"SKU_46","2024-09-23","58","48.60","30"
"SKU_46","2024-09-24","62","49.10","30"
"SKU_46","2024-09-25","28","48.20","30"
"SKU_46","2024-09-26","80","49.17","30"
"SKU_46","2024-09-27","40","48.90","30"
"SKU_46","2024-09-28","49","48.63","30"
"SKU_46","2024-09-29","49","48.13","30"
"SKU_46","2024-09-30","54","48.90","30"
"SKU_46","2024-10-01","52","49.27","30"
"SKU_46","2024-10-02","27","48.77","30"
"SKU_46","2024-10-03","58","48.67","30"
"SKU_46","2024-10-04","59","49.00","30"
"SKU_46","2024-10-05","41","48.77","30"
"SKU_46","2024-10-06","47","48.73","30"
"SKU_46","2024-10-07","49","48.90","30"
"SKU_46","2024-10-08","55","49.17","30"
"SKU_46","2024-10-09","56","48.83","30"
"SKU_46","2024-10-10","61","49.07","30"
"SKU_46","2024-10-11","58","49.20","30"
"SKU_46","2024-10-12","31","48.73","30"
"SKU_46","2024-10-13","45","48.97","30"
"SKU_46","2024-10-14","62","49.30","30"
"SKU_46","2024-10-15","56","49.73","30"
"SKU_46","2024-10-16","48","49.37","30"
"SKU_46","2024-10-17","55","49.57","30"
"SKU_46","2024-10-18","65","50.27","30"
"SKU_46","2024-10-19","39","50.53","30"
"SKU_46","2024-10-20","48","50.97","30"
"SKU_46","2024-10-21","49","50.93","30"
"SKU_46","2024-10-22","45","50.87","30"
"SKU_46","2024-10-23","50","50.60","30"
"SKU_46","2024-10-24","44","50.00","30"
"SKU_46","2024-10-25","34","50.20","30"
"SKU_46","2024-10-26","51","49.23","30"
"SKU_46","2024-10-27","49","49.53","30"
"SKU_46","2024-10-28","33","49.00","30"
"SKU_46","2024-10-29","70","49.70","30"
"SKU_46","2024-10-30","57","49.80","30"
"SKU_46","2024-10-31","49","49.70","30"
"SKU_46","2024-11-01","37","50.03","30"
"SKU_46","2024-11-02","58","50.03","30"
"SKU_46","2024-11-03","74","50.53","30"
"SKU_46","2024-11-04","58","51.10","30"
"SKU_46","2024-11-05","67","51.77","30"
"SKU_46","2024-11-06","41","51.50","30"
"SKU_46","2024-11-07","85","52.50","30"
"SKU_46","2024-11-08","58","52.57","30"
"SKU_46","2024-11-09","72","52.93","30"
"SKU_46","2024-11-10","54","52.80","30"
"SKU_46","2024-11-11","46","53.30","30"
"SKU_46","2024-11-12","46","53.33","30"
"SKU_46","2024-11-13","51","52.97","30"
"SKU_46","2024-11-14","79","53.73","30"
"SKU_46","2024-11-15","66","54.33","30"
"SKU_46","2024-11-16","49","54.13","30"
"SKU_46","2024-11-17","63","54.07","30"
"SKU_46","2024-11-18","71","55.13","30"
"SKU_46","2024-11-19","76","56.07","30"
"SKU_46","2024-11-20","82","57.17","30"
"SKU_46","2024-11-21","55","57.50","30"
"SKU_46","2024-11-22","66","58.03","30"
"SKU_46","2024-11-23","77","59.13","30"
"SKU_46","2024-11-24","52","59.73","30"
"SKU_46","2024-11-25","60","60.03","30"
"SKU_46","2024-11-26","87","61.30","30"
"SKU_46","2024-11-27","67","62.43","30"
"SKU_46","2024-11-28","65","62.27","30"
"SKU_46","2024-11-29","79","63.00","30"
"SKU_46","2024-11-30","71","63.73","30"
"SKU_46","2024-12-01","72","64.90","30"
"SKU_46","2024-12-02","65","65.13","30"
"SKU_46","2024-12-03","65","64.83","30"
"SKU_46","2024-12-04","74","65.37","30"
"SKU_46","2024-12-05","67","65.37","30"
"SKU_46","2024-12-06","80","66.67","30"
"SKU_46","2024-12-07","76","66.37","30"
"SKU_46","2024-12-08","81","67.13","30"
"SKU_46","2024-12-09","82","67.47","30"
"SKU_46","2024-12-10","98","68.93","30"
"SKU_46","2024-12-11","74","69.87","30"
"SKU_46","2024-12-12","71","70.70","30"
"SKU_46","2024-12-13","82","71.73","30"
"SKU_46","2024-12-14","85","71.93","30"
"SKU_46","2024-12-15","89","72.70","30"
"SKU_46","2024-12-16","83","73.83","30"
"SKU_46","2024-12-17","86","74.60","30"
"SKU_46","2024-12-18","96","75.43","30"
"SKU_46","2024-12-19","96","76.10","30"
"SKU_46","2024-12-20","101","76.73","30"
"SKU_46","2024-12-21","86","77.77","30"
"SKU_46","2024-12-22","93","78.67","30"
"SKU_46","2024-12-23","99","79.40","30"
"SKU_46","2024-12-24","98","80.93","30"
"SKU_46","2024-12-25","102","82.33","30"
"SKU_46","2024-12-26","77","82.00","30"
"SKU_46","2024-12-27","95","82.93","30"
"SKU_46","2024-12-28","85","83.60","30"
"SKU_46","2024-12-29","89","83.93","30"
"SKU_46","2024-12-30","91","84.60","30"
"SKU_47","2024-01-01","88","88.00","1"
"SKU_47","2024-01-02","105","96.50","2"
"SKU_47","2024-01-03","106","99.67","3"
"SKU_47","2024-01-04","97","99.00","4"
"SKU_47","2024-01-05","92","97.60","5"
"SKU_47","2024-01-06","108","99.33","6"
"SKU_47","2024-01-07","116","101.71","7"
"SKU_47","2024-01-08","115","103.38","8"
"SKU_47","2024-01-09","104","103.44","9"
"SKU_47","2024-01-10","108","103.90","10"
"SKU_47","2024-01-11","108","104.27","11"
"SKU_47","2024-01-12","121","105.67","12"
"SKU_47","2024-01-13","116","106.46","13"
"SKU_47","2024-01-14","131","108.21","14"
"SKU_47","2024-01-15","119","108.93","15"
"SKU_47","2024-01-16","96","108.13","16"
"SKU_47","2024-01-17","134","109.65","17"
"SKU_47","2024-01-18","125","110.50","18"
"SKU_47","2024-01-19","132","111.63","19"
"SKU_47","2024-01-20","117","111.90","20"
"SKU_47","2024-01-21","129","112.71","21"
"SKU_47","2024-01-22","104","112.32","22"
"SKU_47","2024-01-23","115","112.43","23"
"SKU_47","2024-01-24","109","112.29","24"
"SKU_47","2024-01-25","106","112.04","25"
"SKU_47","2024-01-26","122","112.42","26"
"SKU_47","2024-01-27","127","112.96","27"
"SKU_47","2024-01-28","128","113.50","28"
"SKU_47","2024-01-29","107","113.28","29"
"SKU_47","2024-01-30","132","113.90","30"
"SKU_47","2024-01-31","134","115.43","30"
"SKU_47","2024-02-01","114","115.73","30"
"SKU_47","2024-02-02","137","116.77","30"
"SKU_47","2024-02-03","140","118.20","30"
"SKU_47","2024-02-04","121","119.17","30"
"SKU_47","2024-02-05","113","119.33","30"
"SKU_47","2024-02-06","121","119.50","30"
"SKU_47","2024-02-07","151","120.70","30"
"SKU_47","2024-02-08","122","121.30","30"
"SKU_47","2024-02-09","130","122.03","30"
"SKU_47","2024-02-10","139","123.07","30"
"SKU_47","2024-02-11","151","124.07","30"
"SKU_47","2024-02-12","132","124.60","30"
"SKU_47","2024-02-13","135","124.73","30"
"SKU_47","2024-02-14","136","125.30","30"
"SKU_47","2024-02-15","123","126.20","30"
"SKU_47","2024-02-16","115","125.57","30"
"SKU_47","2024-02-17","151","126.43","30"
"SKU_47","2024-02-18","134","126.50","30"
"SKU_47","2024-02-19","151","127.63","30"
"SKU_47","2024-02-20","148","128.27","30"
"SKU_47","2024-02-21","156","130.00","30"
"SKU_47","2024-02-22","144","130.97","30"
"SKU_47","2024-02-23","153","132.43","30"
"SKU_47","2024-02-24","136","133.43","30"
"SKU_47","2024-02-25","132","133.77","30"
"SKU_47","2024-02-26","143","134.30","30"
"SKU_47","2024-02-27","162","135.43","30"
"SKU_47","2024-02-28","159","137.17","30"
"SKU_47","2024-02-29","134","137.23","30"
"SKU_47","2024-03-01","135","137.27","30"
"SKU_47","2024-03-02","125","137.63","30"
"SKU_47","2024-03-03","138","137.67","30"
"SKU_47","2024-03-04","169","138.63","30"
"SKU_47","2024-03-05","126","138.80","30"
"SKU_47","2024-03-06","148","139.97","30"
"SKU_47","2024-03-07","153","141.03","30"
"SKU_47","2024-03-08","149","140.97","30"
"SKU_47","2024-03-09","144","141.70","30"
"SKU_47","2024-03-10","151","142.40","30"
"SKU_47","2024-03-11","144","142.57","30"
"SKU_47","2024-03-12","127","141.77","30"
"SKU_47","2024-03-13","138","141.97","30"
"SKU_47","2024-03-14","168","143.07","30"
"SKU_47","2024-03-15","152","143.60","30"
"SKU_47","2024-03-16","131","143.87","30"
"SKU_47","2024-03-17","149","145.00","30"
"SKU_47","2024-03-18","147","144.87","30"
"SKU_47","2024-03-19","133","144.83","30"
"SKU_47","2024-03-20","153","144.90","30"
"SKU_47","2024-03-21","162","145.37","30"
"SKU_47","2024-03-22","152","145.23","30"
"SKU_47","2024-03-23","169","146.07","30"
"SKU_47","2024-03-24","152","146.03","30"
"SKU_47","2024-03-25","143","146.27","30"
"SKU_47","2024-03-26","144","146.67","30"
"SKU_47","2024-03-27","144","146.70","30"
"SKU_47","2024-03-28","131","145.67","30"
"SKU_47","2024-03-29","173","146.13","30"
"SKU_47","2024-03-30","125","145.83","30"
"SKU_47","2024-03-31","154","146.47","30"
"SKU_47","2024-04-01","151","147.33","30"
"SKU_47","2024-04-02","154","147.87","30"
"SKU_47","2024-04-03","152","147.30","30"
"SKU_47","2024-04-04","130","147.43","30"
"SKU_47","2024-04-05","167","148.07","30"
"SKU_47","2024-04-06","171","148.67","30"
"SKU_47","2024-04-07","158","148.97","30"
"SKU_47","2024-04-08","185","150.33","30"
"SKU_47","2024-04-09","151","150.33","30"
"SKU_47","2024-04-10","149","150.50","30"
"SKU_47","2024-04-11","149","151.23","30"
"SKU_47","2024-04-12","161","152.00","30"
"SKU_47","2024-04-13","165","151.90","30"
"SKU_47","2024-04-14","147","151.73","30"
"SKU_47","2024-04-15","196","153.90","30"
"SKU_47","2024-04-16","147","153.83","30"
"SKU_47","2024-04-17","123","153.03","30"
"SKU_47","2024-04-18","147","153.50","30"
"SKU_47","2024-04-19","149","153.37","30"
"SKU_47","2024-04-20","156","153.17","30"
"SKU_47","2024-04-21","135","152.60","30"
"SKU_47","2024-04-22","154","152.10","30"
"SKU_47","2024-04-23","160","152.37","30"
"SKU_47","2024-04-24","143","152.37","30"
"SKU_47","2024-04-25","141","152.27","30"
"SKU_47","2024-04-26","134","151.93","30"
"SKU_47","2024-04-27","153","152.67","30"
"SKU_47","2024-04-28","184","153.03","30"
"SKU_47","2024-04-29","181","154.90","30"
"SKU_47","2024-04-30","175","155.60","30"
"SKU_47","2024-05-01","140","155.23","30"
"SKU_47","2024-05-02","158","155.37","30"
"SKU_47","2024-05-03","133","154.73","30"
"SKU_47","2024-05-04","120","154.40","30"
"SKU_47","2024-05-05","136","153.37","30"
"SKU_47","2024-05-06","149","152.63","30"
"SKU_47","2024-05-07","132","151.77","30"
"SKU_47","2024-05-08","135","150.10","30"
"SKU_47","2024-05-09","144","149.87","30"
"SKU_47","2024-05-10","151","149.93","30"
"SKU_47","2024-05-11","127","149.20","30"
"SKU_47","2024-05-12","127","148.07","30"
"SKU_47","2024-05-13","137","147.13","30"
"SKU_47","2024-05-14","133","146.67","30"
"SKU_47","2024-05-15","144","144.93","30"
"SKU_47","2024-05-16","120","144.03","30"
"SKU_47","2024-05-17","115","143.77","30"
"SKU_47","2024-05-18","144","143.67","30"
"SKU_47","2024-05-19","120","142.70","30"
"SKU_47","2024-05-20","131","141.87","30"
"SKU_47","2024-05-21","128","141.63","30"
"SKU_47","2024-05-22","147","141.40","30"
"SKU_47","2024-05-23","112","139.80","30"
"SKU_47","2024-05-24","122","139.10","30"
"SKU_47","2024-05-25","134","138.87","30"
"SKU_47","2024-05-26","119","138.37","30"
"SKU_47","2024-05-27","122","137.33","30"
"SKU_47","2024-05-28","140","135.87","30"
"SKU_47","2024-05-29","135","134.33","30"
"SKU_47","2024-05-30","121","132.53","30"
"SKU_47","2024-05-31","123","131.97","30"
"SKU_47","2024-06-01","125","130.87","30"
"SKU_47","2024-06-02","158","131.70","30"
"SKU_47","2024-06-03","125","131.87","30"
"SKU_47","2024-06-04","115","131.17","30"
"SKU_47","2024-06-05","104","129.67","30"
"SKU_47","2024-06-06","106","128.80","30"
"SKU_47","2024-06-07","124","128.43","30"
"SKU_47","2024-06-08","105","127.13","30"
"SKU_47","2024-06-09","120","126.10","30"
"SKU_47","2024-06-10","105","125.37","30"
"SKU_47","2024-06-11","114","124.93","30"
"SKU_47","2024-06-12","122","124.43","30"
"SKU_47","2024-06-13","122","124.07","30"
"SKU_47","2024-06-14","114","123.07","30"
"SKU_47","2024-06-15","118","123.00","30"
"SKU_47","2024-06-16","122","123.23","30"
"SKU_47","2024-06-17","120","122.43","30"
"SKU_47","2024-06-18","113","122.20","30"
"SKU_47","2024-06-19","102","121.23","30"
"SKU_47","2024-06-20","86","119.83","30"
"SKU_47","2024-06-21","101","118.30","30"
"SKU_47","2024-06-22","113","118.33","30"
"SKU_47","2024-06-23","105","117.77","30"
"SKU_47","2024-06-24","97","116.53","30"
"SKU_47","2024-06-25","111","116.27","30"
"SKU_47","2024-06-26","115","116.03","30"
"SKU_47","2024-06-27","116","115.23","30"
"SKU_47","2024-06-28","97","113.97","30"
"SKU_47","2024-06-29","109","113.57","30"
"SKU_47","2024-06-30","103","112.90","30"
"SKU_47","2024-07-01","91","111.77","30"
"SKU_47","2024-07-02","127","110.73","30"
"SKU_47","2024-07-03","88","109.50","30"
"SKU_47","2024-07-04","108","109.27","30"
"SKU_47","2024-07-05","97","109.03","30"
"SKU_47","2024-07-06","75","108.00","30"
"SKU_47","2024-07-07","108","107.47","30"
"SKU_47","2024-07-08","86","106.83","30"
"SKU_47","2024-07-09","98","106.10","30"
"SKU_47","2024-07-10","96","105.80","30"
"SKU_47","2024-07-11","78","104.60","30"
"SKU_47","2024-07-12","98","103.80","30"
"SKU_47","2024-07-13","102","103.13","30"
"SKU_47","2024-07-14","96","102.53","30"
"SKU_47","2024-07-15","93","101.70","30"
"SKU_47","2024-07-16","91","100.67","30"
"SKU_47","2024-07-17","104","100.13","30"
"SKU_47","2024-07-18","93","99.47","30"
"SKU_47","2024-07-19","79","98.70","30"
"SKU_47","2024-07-20","75","98.33","30"
"SKU_47","2024-07-21","75","97.47","30"
"SKU_47","2024-07-22","73","96.13","30"
"SKU_47","2024-07-23","79","95.27","30"
"SKU_47","2024-07-24","93","95.13","30"
"SKU_47","2024-07-25","88","94.37","30"
"SKU_47","2024-07-26","85","93.37","30"
"SKU_47","2024-07-27","78","92.10","30"
"SKU_47","2024-07-28","84","91.67","30"
"SKU_47","2024-07-29","97","91.27","30"
"SKU_47","2024-07-30","66","90.03","30"
"SKU_47","2024-07-31","81","89.70","30"
"SKU_47","2024-08-01","52","87.20","30"
"SKU_47","2024-08-02","74","86.73","30"
"SKU_47","2024-08-03","104","86.60","30"
"SKU_47","2024-08-04","77","85.93","30"
"SKU_47","2024-08-05","92","86.50","30"
"SKU_47","2024-08-06","76","85.43","30"
"SKU_47","2024-08-07","46","84.10","30"
"SKU_47","2024-08-08","78","83.43","30"
"SKU_47","2024-08-09","83","83.00","30"
"SKU_47","2024-08-10","74","82.87","30"
"SKU_47","2024-08-11","71","81.97","30"
"SKU_47","2024-08-12","67","80.80","30"
"SKU_47","2024-08-13","72","80.00","30"
"SKU_47","2024-08-14","55","78.73","30"
"SKU_47","2024-08-15","54","77.50","30"
"SKU_47","2024-08-16","64","76.17","30"
"SKU_47","2024-08-17","74","75.53","30"
"SKU_47","2024-08-18","58","74.83","30"
"SKU_47","2024-08-19","63","74.43","30"
"SKU_47","2024-08-20","83","74.70","30"
"SKU_47","2024-08-21","58","74.20","30"
"SKU_47","2024-08-22","82","74.30","30"
"SKU_47","2024-08-23","48","72.80","30"
"SKU_47","2024-08-24","58","71.80","30"
"SKU_47","2024-08-25","75","71.47","30"
"SKU_47","2024-08-26","66","71.07","30"
"SKU_47","2024-08-27","80","70.93","30"
"SKU_47","2024-08-28","62","69.77","30"
"SKU_47","2024-08-29","42","68.97","30"
"SKU_47","2024-08-30","56","68.13","30"
"SKU_47","2024-08-31","66","68.60","30"
"SKU_47","2024-09-01","64","68.27","30"
"SKU_47","2024-09-02","58","66.73","30"
"SKU_47","2024-09-03","41","65.53","30"
"SKU_47","2024-09-04","77","65.03","30"
"SKU_47","2024-09-05","53","64.27","30"
"SKU_47","2024-09-06","63","64.83","30"
"SKU_47","2024-09-07","73","64.67","30"
"SKU_47","2024-09-08","49","63.53","30"
"SKU_47","2024-09-09","60","63.07","30"
"SKU_47","2024-09-10","46","62.23","30"
"SKU_47","2024-09-11","46","61.53","30"
"SKU_47","2024-09-12","51","60.83","30"
"SKU_47","2024-09-13","59","60.97","30"
"SKU_47","2024-09-14","54","60.97","30"
"SKU_47","2024-09-15","48","60.43","30"
"SKU_47","2024-09-16","73","60.40","30"
"SKU_47","2024-09-17","38","59.73","30"
"SKU_47","2024-09-18","56","59.50","30"
"SKU_47","2024-09-19","48","58.33","30"
"SKU_47","2024-09-20","48","58.00","30"
"SKU_47","2024-09-21","51","56.97","30"
"SKU_47","2024-09-22","52","57.10","30"
"SKU_47","2024-09-23","52","56.90","30"
"SKU_47","2024-09-24","64","56.53","30"
"SKU_47","2024-09-25","63","56.43","30"
"SKU_47","2024-09-26","21","54.47","30"
"SKU_47","2024-09-27","64","54.53","30"
"SKU_47","2024-09-28","43","54.57","30"
"SKU_47","2024-09-29","48","54.30","30"
"SKU_47","2024-09-30","37","53.33","30"
"SKU_47","2024-10-01","45","52.70","30"
"SKU_47","2024-10-02","42","52.17","30"
"SKU_47","2024-10-03","51","52.50","30"
"SKU_47","2024-10-04","48","51.53","30"
"SKU_47","2024-10-05","56","51.63","30"
"SKU_47","2024-10-06","59","51.50","30"
"SKU_47","2024-10-07","45","50.57","30"
"SKU_47","2024-10-08","64","51.07","30"
"SKU_47","2024-10-09","52","50.80","30"
"SKU_47","2024-10-10","34","50.40","30"
"SKU_47","2024-10-11","54","50.67","30"
"SKU_47","2024-10-12","53","50.73","30"
"SKU_47","2024-10-13","55","50.60","30"
"SKU_47","2024-10-14","38","50.07","30"
"SKU_47","2024-10-15","31","49.50","30"
"SKU_47","2024-10-16","52","48.80","30"
"SKU_47","2024-10-17","68","49.80","30"
"SKU_47","2024-10-18","41","49.30","30"
"SKU_47","2024-10-19","71","50.07","30"
"SKU_47","2024-10-20","66","50.67","30"
"SKU_47","2024-10-21","36","50.17","30"
"SKU_47","2024-10-22","58","50.37","30"
"SKU_47","2024-10-23","53","50.40","30"
"SKU_47","2024-10-24","52","50.00","30"
"SKU_47","2024-10-25","63","50.00","30"
"SKU_47","2024-10-26","55","51.13","30"
"SKU_47","2024-10-27","68","51.27","30"
"SKU_47","2024-10-28","58","51.77","30"
"SKU_47","2024-10-29","63","52.27","30"
"SKU_47","2024-10-30","79","53.67","30"
"SKU_47","2024-10-31","34","53.30","30"
"SKU_47","2024-11-01","74","54.37","30"
"SKU_47","2024-11-02","45","54.17","30"
"SKU_47","2024-11-03","75","55.07","30"
"SKU_47","2024-11-04","64","55.33","30"
"SKU_47","2024-11-05","63","55.47","30"
"SKU_47","2024-11-06","43","55.40","30"
"SKU_47","2024-11-07","62","55.33","30"
"SKU_47","2024-11-08","54","55.40","30"
"SKU_47","2024-11-09","53","56.03","30"
"SKU_47","2024-11-10","47","55.80","30"
"SKU_47","2024-11-11","73","56.47","30"
"SKU_47","2024-11-12","53","56.40","30"
"SKU_47","2024-11-13","50","56.80","30"
"SKU_47","2024-11-14","64","57.90","30"
"SKU_47","2024-11-15","70","58.50","30"
"SKU_47","2024-11-16","68","58.50","30"
"SKU_47","2024-11-17","50","58.80","30"
"SKU_47","2024-11-18","64","58.57","30"
"SKU_47","2024-11-19","65","58.53","30"
"SKU_47","2024-11-20","71","59.70","30"
"SKU_47","2024-11-21","77","60.33","30"
"SKU_47","2024-11-22","71","60.93","30"
"SKU_47","2024-11-23","59","61.17","30"
"SKU_47","2024-11-24","57","60.97","30"
"SKU_47","2024-11-25","67","61.37","30"
"SKU_47","2024-11-26","76","61.63","30"
"SKU_47","2024-11-27","56","61.57","30"
"SKU_47","2024-11-28","75","61.97","30"
"SKU_47","2024-11-29","60","61.33","30"
"SKU_47","2024-11-30","79","62.83","30"
"SKU_47","2024-12-01","70","62.70","30"
"SKU_47","2024-12-02","59","63.17","30"
"SKU_47","2024-12-03","88","63.60","30"
"SKU_47","2024-12-04","72","63.87","30"
"SKU_47","2024-12-05","79","64.40","30"
"SKU_47","2024-12-06","67","65.20","30"
"SKU_47","2024-12-07","91","66.17","30"
"SKU_47","2024-12-08","80","67.03","30"
"SKU_47","2024-12-09","102","68.67","30"
"SKU_47","2024-12-10","82","69.83","30"
"SKU_47","2024-12-11","76","69.93","30"
"SKU_47","2024-12-12","78","70.77","30"
"SKU_47","2024-12-13","93","72.20","30"
"SKU_47","2024-12-14","91","73.10","30"
"SKU_47","2024-12-15","77","73.33","30"
"SKU_47","2024-12-16","127","75.30","30"
"SKU_47","2024-12-17","91","76.67","30"
"SKU_47","2024-12-18","101","77.90","30"
"SKU_47","2024-12-19","98","79.00","30"
"SKU_47","2024-12-20","80","79.30","30"
"SKU_47","2024-12-21","82","79.47","30"
"SKU_47","2024-12-22","95","80.27","30"
"SKU_47","2024-12-23","104","81.77","30"
"SKU_47","2024-12-24","93","82.97","30"
"SKU_47","2024-12-25","100","84.07","30"
"SKU_47","2024-12-26","100","84.87","30"
"SKU_47","2024-12-27","101","86.37","30"
"SKU_47","2024-12-28","84","86.67","30"
"SKU_47","2024-12-29","100","88.00","30"
"SKU_47","2024-12-30","113","89.13","30"
"SKU_48","2024-01-01","102","102.00","1"
"SKU_48","2024-01-02","111","106.50","2"
"SKU_48","2024-01-03","110","107.67","3"
"SKU_48","2024-01-04","99","105.50","4"
"SKU_48","2024-01-05","115","107.40","5"
"SKU_48","2024-01-06","102","106.50","6"
"SKU_48","2024-01-07","131","110.00","7"
"SKU_48","2024-01-08","92","107.75","8"
"SKU_48","2024-01-09","125","109.67","9"
"SKU_48","2024-01-10","113","110.00","10"
"SKU_48","2024-01-11","94","108.55","11"
"SKU_48","2024-01-12","101","107.92","12"
"SKU_48","2024-01-13","109","108.00","13"
"SKU_48","2024-01-14","112","108.29","14"
"SKU_48","2024-01-15","106","108.13","15"
"SKU_48","2024-01-16","99","107.56","16"
"SKU_48","2024-01-17","125","108.59","17"
"SKU_48","2024-01-18","119","109.17","18"
"SKU_48","2024-01-19","120","109.74","19"
"SKU_48","2024-01-20","119","110.20","20"
"SKU_48","2024-01-21","105","109.95","21"
"SKU_48","2024-01-22","119","110.36","22"
"SKU_48","2024-01-23","134","111.39","23"
"SKU_48","2024-01-24","106","111.17","24"
"SKU_48","2024-01-25","108","111.04","25"
"SKU_48","2024-01-26","127","111.65","26"
"SKU_48","2024-01-27","130","112.33","27"
"SKU_48","2024-01-28","122","112.68","28"
"SKU_48","2024-01-29","108","112.52","29"
"SKU_48","2024-01-30","122","112.83","30"
"SKU_48","2024-01-31","131","113.80","30"
"SKU_48","2024-02-01","115","113.93","30"
"SKU_48","2024-02-02","140","114.93","30"
"SKU_48","2024-02-03","133","116.07","30"
"SKU_48","2024-02-04","122","116.30","30"
"SKU_48","2024-02-05","123","117.00","30"
"SKU_48","2024-02-06","122","116.70","30"
"SKU_48","2024-02-07","134","118.10","30"
"SKU_48","2024-02-08","113","117.70","30"
"SKU_48","2024-02-09","133","118.37","30"
"SKU_48","2024-02-10","137","119.80","30"
"SKU_48","2024-02-11","145","121.27","30"
"SKU_48","2024-02-12","141","122.33","30"
"SKU_48","2024-02-13","131","122.97","30"
"SKU_48","2024-02-14","134","123.90","30"
"SKU_48","2024-02-15","155","125.77","30"
"SKU_48","2024-02-16","145","126.43","30"
"SKU_48","2024-02-17","148","127.40","30"
"SKU_48","2024-02-18","146","128.27","30"
"SKU_48","2024-02-19","156","129.50","30"
"SKU_48","2024-02-20","158","131.27","30"
"SKU_48","2024-02-21","141","132.00","30"
"SKU_48","2024-02-22","135","132.03","30"
"SKU_48","2024-02-23","132","132.90","30"
"SKU_48","2024-02-24","128","133.57","30"
"SKU_48","2024-02-25","132","133.73","30"
"SKU_48","2024-02-26","158","134.67","30"
"SKU_48","2024-02-27","126","134.80","30"
"SKU_48","2024-02-28","150","136.20","30"
"SKU_48","2024-02-29","152","137.20","30"
"SKU_48","2024-03-01","152","137.90","30"
"SKU_48","2024-03-02","159","139.37","30"
"SKU_48","2024-03-03","144","139.50","30"
"SKU_48","2024-03-04","152","140.13","30"
"SKU_48","2024-03-05","146","140.93","30"
"SKU_48","2024-03-06","158","142.10","30"
"SKU_48","2024-03-07","163","143.47","30"
"SKU_48","2024-03-08","133","143.43","30"
"SKU_48","2024-03-09","139","144.30","30"
"SKU_48","2024-03-10","148","144.80","30"
"SKU_48","2024-03-11","138","144.83","30"
"SKU_48","2024-03-12","149","144.97","30"
"SKU_48","2024-03-13","162","145.67","30"
"SKU_48","2024-03-14","163","146.73","30"
"SKU_48","2024-03-15","149","147.23","30"
"SKU_48","2024-03-16","176","147.93","30"
"SKU_48","2024-03-17","157","148.33","30"
"SKU_48","2024-03-18","140","148.07","30"
"SKU_48","2024-03-19","140","147.87","30"
"SKU_48","2024-03-20","164","148.13","30"
"SKU_48","2024-03-21","151","147.90","30"
"SKU_48","2024-03-22","159","148.50","30"
"SKU_48","2024-03-23","162","149.40","30"
"SKU_48","2024-03-24","148","149.93","30"
"SKU_48","2024-03-25","165","151.17","30"
"SKU_48","2024-03-26","149","151.73","30"
"SKU_48","2024-03-27","131","150.83","30"
"SKU_48","2024-03-28","135","151.13","30"
"SKU_48","2024-03-29","142","150.87","30"
"SKU_48","2024-03-30","159","151.10","30"
"SKU_48","2024-03-31","144","150.83","30"
"SKU_48","2024-04-01","138","150.13","30"
"SKU_48","2024-04-02","151","150.37","30"
"SKU_48","2024-04-03","153","150.40","30"
"SKU_48","2024-04-04","159","150.83","30"
"SKU_48","2024-04-05","139","150.20","30"
"SKU_48","2024-04-06","150","149.77","30"
"SKU_48","2024-04-07","161","150.70","30"
"SKU_48","2024-04-08","161","151.43","30"
"SKU_48","2024-04-09","162","151.90","30"
"SKU_48","2024-04-10","168","152.90","30"
"SKU_48","2024-04-11","137","152.50","30"
"SKU_48","2024-04-12","143","151.87","30"
"SKU_48","2024-04-13","156","151.63","30"
"SKU_48","2024-04-14","136","151.20","30"
"SKU_48","2024-04-15","149","150.30","30"
"SKU_48","2024-04-16","142","149.80","30"
"SKU_48","2024-04-17","129","149.43","30"
"SKU_48","2024-04-18","156","149.97","30"
"SKU_48","2024-04-19","150","149.50","30"
"SKU_48","2024-04-20","178","150.40","30"
"SKU_48","2024-04-21","152","150.17","30"
"SKU_48","2024-04-22","150","149.77","30"
"SKU_48","2024-04-23","150","149.83","30"
"SKU_48","2024-04-24","136","148.87","30"
"SKU_48","2024-04-25","152","148.97","30"
"SKU_48","2024-04-26","130","148.93","30"
"SKU_48","2024-04-27","155","149.60","30"
"SKU_48","2024-04-28","150","149.87","30"
"SKU_48","2024-04-29","122","148.63","30"
"SKU_48","2024-04-30","164","149.30","30"
"SKU_48","2024-05-01","131","149.07","30"
"SKU_48","2024-05-02","167","149.60","30"
"SKU_48","2024-05-03","128","148.77","30"
"SKU_48","2024-05-04","150","148.47","30"
"SKU_48","2024-05-05","125","148.00","30"
"SKU_48","2024-05-06","132","147.40","30"
"SKU_48","2024-05-07","145","146.87","30"
"SKU_48","2024-05-08","159","146.80","30"
"SKU_48","2024-05-09","132","145.80","30"
"SKU_48","2024-05-10","148","145.13","30"
"SKU_48","2024-05-11","137","145.13","30"
"SKU_48","2024-05-12","125","144.53","30"
"SKU_48","2024-05-13","139","143.97","30"
"SKU_48","2024-05-14","135","143.93","30"
"SKU_48","2024-05-15","150","143.97","30"
"SKU_48","2024-05-16","131","143.60","30"
"SKU_48","2024-05-17","143","144.07","30"
"SKU_48","2024-05-18","147","143.77","30"
"SKU_48","2024-05-19","120","142.77","30"
"SKU_48","2024-05-20","120","140.83","30"
"SKU_48","2024-05-21","132","140.17","30"
"SKU_48","2024-05-22","139","139.80","30"
"SKU_48","2024-05-23","132","139.20","30"
"SKU_48","2024-05-24","130","139.00","30"
"SKU_48","2024-05-25","125","138.10","30"
"SKU_48","2024-05-26","144","138.57","30"
"SKU_48","2024-05-27","120","137.40","30"
"SKU_48","2024-05-28","133","136.83","30"
"SKU_48","2024-05-29","127","137.00","30"
"SKU_48","2024-05-30","134","136.00","30"
"SKU_48","2024-05-31","123","135.73","30"
"SKU_48","2024-06-01","102","133.57","30"
"SKU_48","2024-06-02","137","133.87","30"
"SKU_48","2024-06-03","141","133.57","30"
"SKU_48","2024-06-04","111","133.10","30"
"SKU_48","2024-06-05","113","132.47","30"
"SKU_48","2024-06-06","98","130.90","30"
"SKU_48","2024-06-07","110","129.27","30"
"SKU_48","2024-06-08","104","128.33","30"
"SKU_48","2024-06-09","128","127.67","30"
"SKU_48","2024-06-10","134","127.57","30"
"SKU_48","2024-06-11","117","127.30","30"
"SKU_48","2024-06-12","140","127.33","30"
"SKU_48","2024-06-13","133","127.27","30"
"SKU_48","2024-06-14","109","125.90","30"
"SKU_48","2024-06-15","140","126.20","30"
"SKU_48","2024-06-16","119","125.40","30"
"SKU_48","2024-06-17","110","124.17","30"
"SKU_48","2024-06-18","106","123.70","30"
"SKU_48","2024-06-19","88","122.63","30"
"SKU_48","2024-06-20","101","121.60","30"
"SKU_48","2024-06-21","124","121.10","30"
"SKU_48","2024-06-22","117","120.60","30"
"SKU_48","2024-06-23","96","119.47","30"
"SKU_48","2024-06-24","110","118.97","30"
"SKU_48","2024-06-25","131","118.53","30"
"SKU_48","2024-06-26","105","118.03","30"
"SKU_48","2024-06-27","110","117.27","30"
"SKU_48","2024-06-28","100","116.37","30"
"SKU_48","2024-06-29","104","115.37","30"
"SKU_48","2024-06-30","123","115.37","30"
"SKU_48","2024-07-01","113","115.73","30"
"SKU_48","2024-07-02","97","114.40","30"
"SKU_48","2024-07-03","121","113.73","30"
"SKU_48","2024-07-04","69","112.33","30"
"SKU_48","2024-07-05","103","112.00","30"
"SKU_48","2024-07-06","92","111.80","30"
"SKU_48","2024-07-07","106","111.67","30"
"SKU_48","2024-07-08","108","111.80","30"
"SKU_48","2024-07-09","87","110.43","30"
"SKU_48","2024-07-10","74","108.43","30"
"SKU_48","2024-07-11","88","107.47","30"
"SKU_48","2024-07-12","92","105.87","30"
"SKU_48","2024-07-13","94","104.57","30"
"SKU_48","2024-07-14","86","103.80","30"
"SKU_48","2024-07-15","86","102.00","30"
"SKU_48","2024-07-16","76","100.57","30"
"SKU_48","2024-07-17","85","99.73","30"
"SKU_48","2024-07-18","70","98.53","30"
"SKU_48","2024-07-19","77","98.17","30"
"SKU_48","2024-07-20","62","96.87","30"
"SKU_48","2024-07-21","94","95.87","30"
"SKU_48","2024-07-22","94","95.10","30"
"SKU_48","2024-07-23","86","94.77","30"
"SKU_48","2024-07-24","73","93.53","30"
"SKU_48","2024-07-25","84","91.97","30"
"SKU_48","2024-07-26","82","91.20","30"
"SKU_48","2024-07-27","64","89.67","30"
"SKU_48","2024-07-28","72","88.73","30"
"SKU_48","2024-07-29","97","88.50","30"
"SKU_48","2024-07-30","66","86.60","30"
"SKU_48","2024-07-31","73","85.27","30"
"SKU_48","2024-08-01","89","85.00","30"
"SKU_48","2024-08-02","82","83.70","30"
"SKU_48","2024-08-03","56","83.27","30"
"SKU_48","2024-08-04","83","82.60","30"
"SKU_48","2024-08-05","78","82.13","30"
"SKU_48","2024-08-06","47","80.17","30"
"SKU_48","2024-08-07","58","78.50","30"
"SKU_48","2024-08-08","63","77.70","30"
"SKU_48","2024-08-09","57","77.13","30"
"SKU_48","2024-08-10","65","76.37","30"
"SKU_48","2024-08-11","73","75.73","30"
"SKU_48","2024-08-12","56","74.47","30"
"SKU_48","2024-08-13","42","73.00","30"
"SKU_48","2024-08-14","63","72.23","30"
"SKU_48","2024-08-15","61","71.73","30"
"SKU_48","2024-08-16","46","70.43","30"
"SKU_48","2024-08-17","69","70.40","30"
"SKU_48","2024-08-18","72","70.23","30"
"SKU_48","2024-08-19","71","70.53","30"
"SKU_48","2024-08-20","43","68.83","30"
"SKU_48","2024-08-21","58","67.63","30"
"SKU_48","2024-08-22","64","66.90","30"
"SKU_48","2024-08-23","74","66.93","30"
"SKU_48","2024-08-24","62","66.20","30"
"SKU_48","2024-08-25","55","65.30","30"
"SKU_48","2024-08-26","40","64.50","30"
"SKU_48","2024-08-27","63","64.20","30"
"SKU_48","2024-08-28","40","62.30","30"
"SKU_48","2024-08-29","74","62.57","30"
"SKU_48","2024-08-30","46","61.67","30"
"SKU_48","2024-08-31","52","60.43","30"
"SKU_48","2024-09-01","66","59.90","30"
"SKU_48","2024-09-02","60","60.03","30"
"SKU_48","2024-09-03","55","59.10","30"
"SKU_48","2024-09-04","50","58.17","30"
"SKU_48","2024-09-05","51","58.30","30"
"SKU_48","2024-09-06","52","58.10","30"
"SKU_48","2024-09-07","58","57.93","30"
"SKU_48","2024-09-08","25","56.87","30"
"SKU_48","2024-09-09","30","55.70","30"
"SKU_48","2024-09-10","56","55.13","30"
"SKU_48","2024-09-11","65","55.43","30"
"SKU_48","2024-09-12","53","55.80","30"
"SKU_48","2024-09-13","45","55.20","30"
"SKU_48","2024-09-14","64","55.30","30"
"SKU_48","2024-09-15","69","56.07","30"
"SKU_48","2024-09-16","48","55.37","30"
"SKU_48","2024-09-17","35","54.13","30"
"SKU_48","2024-09-18","47","53.33","30"
"SKU_48","2024-09-19","68","54.17","30"
"SKU_48","2024-09-20","39","53.53","30"
"SKU_48","2024-09-21","49","53.03","30"
"SKU_48","2024-09-22","54","52.37","30"
"SKU_48","2024-09-23","33","51.40","30"
"SKU_48","2024-09-24","50","51.23","30"
"SKU_48","2024-09-25","40","51.23","30"
"SKU_48","2024-09-26","23","49.90","30"
"SKU_48","2024-09-27","38","49.83","30"
"SKU_48","2024-09-28","60","49.37","30"
"SKU_48","2024-09-29","58","49.77","30"
"SKU_48","2024-09-30","47","49.60","30"
"SKU_48","2024-10-01","52","49.13","30"
"SKU_48","2024-10-02","45","48.63","30"
"SKU_48","2024-10-03","41","48.17","30"
"SKU_48","2024-10-04","49","48.13","30"
"SKU_48","2024-10-05","27","47.33","30"
"SKU_48","2024-10-06","45","47.10","30"
"SKU_48","2024-10-07","73","47.60","30"
"SKU_48","2024-10-08","57","48.67","30"
"SKU_48","2024-10-09","53","49.43","30"
"SKU_48","2024-10-10","46","49.10","30"
"SKU_48","2024-10-11","53","48.70","30"
"SKU_48","2024-10-12","53","48.70","30"
"SKU_48","2024-10-13","52","48.93","30"
"SKU_48","2024-10-14","42","48.20","30"
"SKU_48","2024-10-15","44","47.37","30"
"SKU_48","2024-10-16","37","47.00","30"
"SKU_48","2024-10-17","64","47.97","30"
"SKU_48","2024-10-18","55","48.23","30"
"SKU_48","2024-10-19","46","47.50","30"
"SKU_48","2024-10-20","55","48.03","30"
"SKU_48","2024-10-21","58","48.33","30"
"SKU_48","2024-10-22","50","48.20","30"
"SKU_48","2024-10-23","51","48.80","30"
"SKU_48","2024-10-24","43","48.57","30"
"SKU_48","2024-10-25","44","48.70","30"
"SKU_48","2024-10-26","40","49.27","30"
"SKU_48","2024-10-27","48","49.60","30"
"SKU_48","2024-10-28","43","49.03","30"
"SKU_48","2024-10-29","43","48.53","30"
"SKU_48","2024-10-30","37","48.20","30"
"SKU_48","2024-10-31","51","48.17","30"
"SKU_48","2024-11-01","65","48.83","30"
"SKU_48","2024-11-02","50","49.13","30"
"SKU_48","2024-11-03","62","49.57","30"
"SKU_48","2024-11-04","38","49.93","30"
"SKU_48","2024-11-05","50","50.10","30"
"SKU_48","2024-11-06","62","49.73","30"
"SKU_48","2024-11-07","64","49.97","30"
"SKU_48","2024-11-08","52","49.93","30"
"SKU_48","2024-11-09","59","50.37","30"
"SKU_48","2024-11-10","69","50.90","30"
"SKU_48","2024-11-11","70","51.47","30"
"SKU_48","2024-11-12","47","51.30","30"
"SKU_48","2024-11-13","78","52.50","30"
"SKU_48","2024-11-14","88","53.97","30"
"SKU_48","2024-11-15","63","54.83","30"
"SKU_48","2024-11-16","50","54.37","30"
"SKU_48","2024-11-17","47","54.10","30"
"SKU_48","2024-11-18","59","54.53","30"
"SKU_48","2024-11-19","72","55.10","30"
"SKU_48","2024-11-20","63","55.27","30"
"SKU_48","2024-11-21","84","56.40","30"
"SKU_48","2024-11-22","75","57.20","30"
"SKU_48","2024-11-23","50","57.43","30"
"SKU_48","2024-11-24","34","57.10","30"
"SKU_48","2024-11-25","63","57.87","30"
"SKU_48","2024-11-26","73","58.70","30"
"SKU_48","2024-11-27","77","59.83","30"
"SKU_48","2024-11-28","72","60.80","30"
"SKU_48","2024-11-29","81","62.27","30"
"SKU_48","2024-11-30","98","63.83","30"
"SKU_48","2024-12-01","80","64.33","30"
"SKU_48","2024-12-02","79","65.30","30"
"SKU_48","2024-12-03","95","66.40","30"
"SKU_48","2024-12-04","72","67.53","30"
"SKU_48","2024-12-05","80","68.53","30"
"SKU_48","2024-12-06","93","69.57","30"
"SKU_48","2024-12-07","107","71.00","30"
"SKU_48","2024-12-08","71","71.63","30"
"SKU_48","2024-12-09","97","72.90","30"
"SKU_48","2024-12-10","95","73.77","30"
"SKU_48","2024-12-11","75","73.93","30"
"SKU_48","2024-12-12","97","75.60","30"
"SKU_48","2024-12-13","85","75.83","30"
"SKU_48","2024-12-14","71","75.27","30"
"SKU_48","2024-12-15","63","75.27","30"
"SKU_48","2024-12-16","109","77.23","30"
"SKU_48","2024-12-17","95","78.83","30"
"SKU_48","2024-12-18","95","80.03","30"
"SKU_48","2024-12-19","80","80.30","30"
"SKU_48","2024-12-20","95","81.37","30"
"SKU_48","2024-12-21","97","81.80","30"
"SKU_48","2024-12-22","95","82.47","30"
"SKU_48","2024-12-23","79","83.43","30"
"SKU_48","2024-12-24","113","86.07","30"
"SKU_48","2024-12-25","104","87.43","30"
"SKU_48","2024-12-26","123","89.10","30"
"SKU_48","2024-12-27","120","90.53","30"
"SKU_48","2024-12-28","115","91.97","30"
"SKU_48","2024-12-29","117","93.17","30"
"SKU_48","2024-12-30","106","93.43","30"
"SKU_49","2024-01-01","103","103.00","1"
"SKU_49","2024-01-02","101","102.00","2"
"SKU_49","2024-01-03","109","104.33","3"
"SKU_49","2024-01-04","108","105.25","4"
"SKU_49","2024-01-05","102","104.60","5"
"SKU_49","2024-01-06","111","105.67","6"
"SKU_49","2024-01-07","130","109.14","7"
"SKU_49","2024-01-08","118","110.25","8"
"SKU_49","2024-01-09","115","110.78","9"
"SKU_49","2024-01-10","87","108.40","10"
"SKU_49","2024-01-11","95","107.18","11"
"SKU_49","2024-01-12","126","108.75","12"
"SKU_49","2024-01-13","84","106.85","13"
"SKU_49","2024-01-14","110","107.07","14"
"SKU_49","2024-01-15","111","107.33","15"
"SKU_49","2024-01-16","111","107.56","16"
"SKU_49","2024-01-17","130","108.88","17"
"SKU_49","2024-01-18","125","109.78","18"
"SKU_49","2024-01-19","112","109.89","19"
"SKU_49","2024-01-20","111","109.95","20"
"SKU_49","2024-01-21","113","110.10","21"
"SKU_49","2024-01-22","127","110.86","22"
"SKU_49","2024-01-23","119","111.22","23"
"SKU_49","2024-01-24","118","111.50","24"
"SKU_49","2024-01-25","111","111.48","25"
"SKU_49","2024-01-26","144","112.73","26"
"SKU_49","2024-01-27","131","113.41","27"
"SKU_49","2024-01-28","123","113.75","28"
"SKU_49","2024-01-29","131","114.34","29"
"SKU_49","2024-01-30","103","113.97","30"
"SKU_49","2024-01-31","97","113.77","30"
"SKU_49","2024-02-01","143","115.17","30"
"SKU_49","2024-02-02","142","116.27","30"
"SKU_49","2024-02-03","139","117.30","30"
"SKU_49","2024-02-04","142","118.63","30"
"SKU_49","2024-02-05","130","119.27","30"
"SKU_49","2024-02-06","126","119.13","30"
"SKU_49","2024-02-07","160","120.53","30"
"SKU_49","2024-02-08","113","120.47","30"
"SKU_49","2024-02-09","143","122.33","30"
"SKU_49","2024-02-10","147","124.07","30"
"SKU_49","2024-02-11","149","124.83","30"
"SKU_49","2024-02-12","128","126.30","30"
"SKU_49","2024-02-13","122","126.70","30"
"SKU_49","2024-02-14","127","127.23","30"
"SKU_49","2024-02-15","137","128.10","30"
"SKU_49","2024-02-16","129","128.07","30"
"SKU_49","2024-02-17","119","127.87","30"
"SKU_49","2024-02-18","139","128.77","30"
"SKU_49","2024-02-19","127","129.30","30"
"SKU_49","2024-02-20","148","130.47","30"
"SKU_49","2024-02-21","134","130.70","30"
"SKU_49","2024-02-22","149","131.70","30"
"SKU_49","2024-02-23","164","133.23","30"
"SKU_49","2024-02-24","145","134.37","30"
"SKU_49","2024-02-25","119","133.53","30"
"SKU_49","2024-02-26","137","133.73","30"
"SKU_49","2024-02-27","159","134.93","30"
"SKU_49","2024-02-28","127","134.80","30"
"SKU_49","2024-02-29","131","135.73","30"
"SKU_49","2024-03-01","162","137.90","30"
"SKU_49","2024-03-02","153","138.23","30"
"SKU_49","2024-03-03","149","138.47","30"
"SKU_49","2024-03-04","149","138.80","30"
"SKU_49","2024-03-05","143","138.83","30"
"SKU_49","2024-03-06","117","138.40","30"
"SKU_49","2024-03-07","160","139.53","30"
"SKU_49","2024-03-08","149","139.17","30"
"SKU_49","2024-03-09","170","141.07","30"
"SKU_49","2024-03-10","162","141.70","30"
"SKU_49","2024-03-11","136","141.33","30"
"SKU_49","2024-03-12","147","141.27","30"
"SKU_49","2024-03-13","149","141.97","30"
"SKU_49","2024-03-14","154","143.03","30"
"SKU_49","2024-03-15","150","143.80","30"
"SKU_49","2024-03-16","137","143.80","30"
"SKU_49","2024-03-17","137","144.07","30"
"SKU_49","2024-03-18","147","145.00","30"
"SKU_49","2024-03-19","146","145.23","30"
"SKU_49","2024-03-20","144","145.80","30"
"SKU_49","2024-03-21","143","145.63","30"
"SKU_49","2024-03-22","140","145.83","30"
"SKU_49","2024-03-23","152","145.93","30"
"SKU_49","2024-03-24","157","145.70","30"
"SKU_49","2024-03-25","166","146.40","30"
"SKU_49","2024-03-26","129","146.73","30"
"SKU_49","2024-03-27","151","147.20","30"
"SKU_49","2024-03-28","146","146.77","30"
"SKU_49","2024-03-29","140","147.20","30"
"SKU_49","2024-03-30","144","147.63","30"
"SKU_49","2024-03-31","138","146.83","30"
"SKU_49","2024-04-01","149","146.70","30"
"SKU_49","2024-04-02","157","146.97","30"
"SKU_49","2024-04-03","149","146.97","30"
"SKU_49","2024-04-04","144","147.00","30"
"SKU_49","2024-04-05","131","147.47","30"
"SKU_49","2024-04-06","154","147.27","30"
"SKU_49","2024-04-07","139","146.93","30"
"SKU_49","2024-04-08","156","146.47","30"
"SKU_49","2024-04-09","143","145.83","30"
"SKU_49","2024-04-10","131","145.67","30"
"SKU_49","2024-04-11","152","145.83","30"
"SKU_49","2024-04-12","165","146.37","30"
"SKU_49","2024-04-13","166","146.77","30"
"SKU_49","2024-04-14","164","147.23","30"
"SKU_49","2024-04-15","162","148.07","30"
"SKU_49","2024-04-16","162","148.90","30"
"SKU_49","2024-04-17","141","148.70","30"
"SKU_49","2024-04-18","145","148.67","30"
"SKU_49","2024-04-19","154","149.00","30"
"SKU_49","2024-04-20","130","148.57","30"
"SKU_49","2024-04-21","157","149.13","30"
"SKU_49","2024-04-22","148","149.00","30"
"SKU_49","2024-04-23","139","148.40","30"
"SKU_49","2024-04-24","145","147.70","30"
"SKU_49","2024-04-25","144","148.20","30"
"SKU_49","2024-04-26","146","148.03","30"
"SKU_49","2024-04-27","161","148.53","30"
"SKU_49","2024-04-28","143","148.63","30"
"SKU_49","2024-04-29","140","148.50","30"
"SKU_49","2024-04-30","148","148.83","30"
"SKU_49","2024-05-01","151","148.90","30"
"SKU_49","2024-05-02","123","147.77","30"
"SKU_49","2024-05-03","151","147.83","30"
"SKU_49","2024-05-04","137","147.60","30"
"SKU_49","2024-05-05","139","147.87","30"
"SKU_49","2024-05-06","145","147.57","30"
"SKU_49","2024-05-07","155","148.10","30"
"SKU_49","2024-05-08","132","147.30","30"
"SKU_49","2024-05-09","118","146.47","30"
"SKU_49","2024-05-10","143","146.87","30"
"SKU_49","2024-05-11","130","146.13","30"
"SKU_49","2024-05-12","123","144.73","30"
"SKU_49","2024-05-13","140","143.87","30"
"SKU_49","2024-05-14","161","143.77","30"
"SKU_49","2024-05-15","146","143.23","30"
"SKU_49","2024-05-16","153","142.93","30"
"SKU_49","2024-05-17","153","143.33","30"
"SKU_49","2024-05-18","135","143.00","30"
"SKU_49","2024-05-19","160","143.20","30"
"SKU_49","2024-05-20","139","143.50","30"
"SKU_49","2024-05-21","148","143.20","30"
"SKU_49","2024-05-22","125","142.43","30"
"SKU_49","2024-05-23","153","142.90","30"
"SKU_49","2024-05-24","128","142.33","30"
"SKU_49","2024-05-25","123","141.63","30"
"SKU_49","2024-05-26","119","140.73","30"
"SKU_49","2024-05-27","116","139.23","30"
"SKU_49","2024-05-28","124","138.60","30"
"SKU_49","2024-05-29","153","139.03","30"
"SKU_49","2024-05-30","120","138.10","30"
"SKU_49","2024-05-31","139","137.70","30"
"SKU_49","2024-06-01","121","137.63","30"
"SKU_49","2024-06-02","103","136.03","30"
"SKU_49","2024-06-03","113","135.23","30"
"SKU_49","2024-06-04","111","134.30","30"
"SKU_49","2024-06-05","120","133.47","30"
"SKU_49","2024-06-06","114","132.10","30"
"SKU_49","2024-06-07","143","132.47","30"
"SKU_49","2024-06-08","136","133.07","30"
"SKU_49","2024-06-09","114","132.10","30"
"SKU_49","2024-06-10","129","132.07","30"
"SKU_49","2024-06-11","115","131.80","30"
"SKU_49","2024-06-12","105","130.63","30"
"SKU_49","2024-06-13","100","128.60","30"
"SKU_49","2024-06-14","109","127.37","30"
"SKU_49","2024-06-15","97","125.50","30"
"SKU_49","2024-06-16","118","124.33","30"
"SKU_49","2024-06-17","117","123.73","30"
"SKU_49","2024-06-18","124","122.53","30"
"SKU_49","2024-06-19","110","121.57","30"
"SKU_49","2024-06-20","122","120.70","30"
"SKU_49","2024-06-21","101","119.90","30"
"SKU_49","2024-06-22","115","118.63","30"
"SKU_49","2024-06-23","99","117.67","30"
"SKU_49","2024-06-24","102","116.97","30"
"SKU_49","2024-06-25","111","116.70","30"
"SKU_49","2024-06-26","102","116.23","30"
"SKU_49","2024-06-27","112","115.83","30"
"SKU_49","2024-06-28","88","113.67","30"
"SKU_49","2024-06-29","82","112.40","30"
"SKU_49","2024-06-30","87","110.67","30"
"SKU_49","2024-07-01","83","109.40","30"
"SKU_49","2024-07-02","98","109.23","30"
"SKU_49","2024-07-03","112","109.20","30"
"SKU_49","2024-07-04","100","108.83","30"
"SKU_49","2024-07-05","81","107.53","30"
"SKU_49","2024-07-06","79","106.37","30"
"SKU_49","2024-07-07","97","104.83","30"
"SKU_49","2024-07-08","89","103.27","30"
"SKU_49","2024-07-09","78","102.07","30"
"SKU_49","2024-07-10","97","101.00","30"
"SKU_49","2024-07-11","94","100.30","30"
"SKU_49","2024-07-12","98","100.07","30"
"SKU_49","2024-07-13","100","100.07","30"
"SKU_49","2024-07-14","82","99.17","30"
"SKU_49","2024-07-15","83","98.70","30"
"SKU_49","2024-07-16","95","97.93","30"
"SKU_49","2024-07-17","85","96.87","30"
"SKU_49","2024-07-18","79","95.37","30"
"SKU_49","2024-07-19","99","95.00","30"
"SKU_49","2024-07-20","68","93.20","30"
"SKU_49","2024-07-21","70","92.17","30"
"SKU_49","2024-07-22","105","91.83","30"
"SKU_49","2024-07-23","69","90.83","30"
"SKU_49","2024-07-24","73","89.87","30"
"SKU_49","2024-07-25","74","88.63","30"
"SKU_49","2024-07-26","99","88.53","30"
"SKU_49","2024-07-27","70","87.13","30"
"SKU_49","2024-07-28","95","87.37","30"
"SKU_49","2024-07-29","64","86.77","30"
"SKU_49","2024-07-30","65","86.03","30"
"SKU_49","2024-07-31","85","86.10","30"
"SKU_49","2024-08-01","66","85.03","30"
"SKU_49","2024-08-02","88","84.23","30"
"SKU_49","2024-08-03","85","83.73","30"
"SKU_49","2024-08-04","78","83.63","30"
"SKU_49","2024-08-05","56","82.87","30"
"SKU_49","2024-08-06","61","81.67","30"
"SKU_49","2024-08-07","63","80.80","30"
"SKU_49","2024-08-08","77","80.77","30"
"SKU_49","2024-08-09","75","80.03","30"
"SKU_49","2024-08-10","69","79.20","30"
"SKU_49","2024-08-11","65","78.10","30"
"SKU_49","2024-08-12","76","77.30","30"
"SKU_49","2024-08-13","58","76.50","30"
"SKU_49","2024-08-14","66","75.93","30"
"SKU_49","2024-08-15","75","75.27","30"
"SKU_49","2024-08-16","55","74.27","30"
"SKU_49","2024-08-17","69","73.93","30"
"SKU_49","2024-08-18","54","72.43","30"
"SKU_49","2024-08-19","58","72.10","30"
"SKU_49","2024-08-20","60","71.77","30"
"SKU_49","2024-08-21","79","70.90","30"
"SKU_49","2024-08-22","58","70.53","30"
"SKU_49","2024-08-23","76","70.63","30"
"SKU_49","2024-08-24","41","69.53","30"
"SKU_49","2024-08-25","54","68.03","30"
"SKU_49","2024-08-26","56","67.57","30"
"SKU_49","2024-08-27","54","66.20","30"
"SKU_49","2024-08-28","64","66.20","30"
"SKU_49","2024-08-29","77","66.60","30"
"SKU_49","2024-08-30","60","65.77","30"
"SKU_49","2024-08-31","49","65.20","30"
"SKU_49","2024-09-01","43","63.70","30"
"SKU_49","2024-09-02","62","62.93","30"
"SKU_49","2024-09-03","65","62.50","30"
"SKU_49","2024-09-04","61","62.67","30"
"SKU_49","2024-09-05","48","62.23","30"
"SKU_49","2024-09-06","37","61.37","30"
"SKU_49","2024-09-07","56","60.67","30"
"SKU_49","2024-09-08","58","60.10","30"
"SKU_49","2024-09-09","60","59.80","30"
"SKU_49","2024-09-10","34","58.77","30"
"SKU_49","2024-09-11","63","58.33","30"
"SKU_49","2024-09-12","65","58.57","30"
"SKU_49","2024-09-13","54","58.17","30"
"SKU_49","2024-09-14","45","57.17","30"
"SKU_49","2024-09-15","47","56.90","30"
"SKU_49","2024-09-16","28","55.53","30"
"SKU_49","2024-09-17","44","55.20","30"
"SKU_49","2024-09-18","50","54.93","30"
"SKU_49","2024-09-19","50","54.60","30"
"SKU_49","2024-09-20","62","54.03","30"
"SKU_49","2024-09-21","53","53.87","30"
"SKU_49","2024-09-22","43","52.77","30"
"SKU_49","2024-09-23","66","53.60","30"
"SKU_49","2024-09-24","47","53.37","30"
"SKU_49","2024-09-25","46","53.03","30"
"SKU_49","2024-09-26","45","52.73","30"
"SKU_49","2024-09-27","63","52.70","30"
"SKU_49","2024-09-28","45","51.63","30"
"SKU_49","2024-09-29","41","51.00","30"
"SKU_49","2024-09-30","31","50.40","30"
"SKU_49","2024-10-01","43","50.40","30"
"SKU_49","2024-10-02","50","50.00","30"
"SKU_49","2024-10-03","45","49.33","30"
"SKU_49","2024-10-04","44","48.77","30"
"SKU_49","2024-10-05","29","48.13","30"
"SKU_49","2024-10-06","47","48.47","30"
"SKU_49","2024-10-07","39","47.90","30"
"SKU_49","2024-10-08","46","47.50","30"
"SKU_49","2024-10-09","61","47.53","30"
"SKU_49","2024-10-10","62","48.47","30"
"SKU_49","2024-10-11","48","47.97","30"
"SKU_49","2024-10-12","69","48.10","30"
"SKU_49","2024-10-13","39","47.60","30"
"SKU_49","2024-10-14","44","47.57","30"
"SKU_49","2024-10-15","41","47.37","30"
"SKU_49","2024-10-16","61","48.47","30"
"SKU_49","2024-10-17","45","48.50","30"
"SKU_49","2024-10-18","46","48.37","30"
"SKU_49","2024-10-19","53","48.47","30"
"SKU_49","2024-10-20","40","47.73","30"
"SKU_49","2024-10-21","73","48.40","30"
"SKU_49","2024-10-22","50","48.63","30"
"SKU_49","2024-10-23","50","48.10","30"
"SKU_49","2024-10-24","66","48.73","30"
"SKU_49","2024-10-25","56","49.07","30"
"SKU_49","2024-10-26","54","49.37","30"
"SKU_49","2024-10-27","51","48.97","30"
"SKU_49","2024-10-28","46","49.00","30"
"SKU_49","2024-10-29","51","49.33","30"
"SKU_49","2024-10-30","53","50.07","30"
"SKU_49","2024-10-31","74","51.10","30"
"SKU_49","2024-11-01","75","51.93","30"
"SKU_49","2024-11-02","61","52.47","30"
"SKU_49","2024-11-03","70","53.33","30"
"SKU_49","2024-11-04","65","54.53","30"
"SKU_49","2024-11-05","44","54.43","30"
"SKU_49","2024-11-06","53","54.90","30"
"SKU_49","2024-11-07","56","55.23","30"
"SKU_49","2024-11-08","64","55.33","30"
"SKU_49","2024-11-09","47","54.83","30"
"SKU_49","2024-11-10","60","55.23","30"
"SKU_49","2024-11-11","64","55.07","30"
"SKU_49","2024-11-12","65","55.93","30"
"SKU_49","2024-11-13","59","56.43","30"
"SKU_49","2024-11-14","55","56.90","30"
"SKU_49","2024-11-15","70","57.20","30"
"SKU_49","2024-11-16","53","57.47","30"
"SKU_49","2024-11-17","45","57.43","30"
"SKU_49","2024-11-18","62","57.73","30"
"SKU_49","2024-11-19","76","58.93","30"
"SKU_49","2024-11-20","82","59.23","30"
"SKU_49","2024-11-21","65","59.73","30"
"SKU_49","2024-11-22","67","60.30","30"
"SKU_49","2024-11-23","65","60.27","30"
"SKU_49","2024-11-24","77","60.97","30"
"SKU_49","2024-11-25","68","61.43","30"
"SKU_49","2024-11-26","106","63.27","30"
"SKU_49","2024-11-27","69","64.03","30"
"SKU_49","2024-11-28","75","64.83","30"
"SKU_49","2024-11-29","66","65.27","30"
"SKU_49","2024-11-30","71","65.17","30"
"SKU_49","2024-12-01","76","65.20","30"
"SKU_49","2024-12-02","83","65.93","30"
"SKU_49","2024-12-03","80","66.27","30"
"SKU_49","2024-12-04","88","67.03","30"
"SKU_49","2024-12-05","66","67.77","30"
"SKU_49","2024-12-06","87","68.90","30"
"SKU_49","2024-12-07","86","69.90","30"
"SKU_49","2024-12-08","92","70.83","30"
"SKU_49","2024-12-09","109","72.90","30"
"SKU_49","2024-12-10","95","74.07","30"
"SKU_49","2024-12-11","94","75.07","30"
"SKU_49","2024-12-12","85","75.73","30"
"SKU_49","2024-12-13","82","76.50","30"
"SKU_49","2024-12-14","77","77.23","30"
"SKU_49","2024-12-15","90","77.90","30"
"SKU_49","2024-12-16","96","79.33","30"
"SKU_49","2024-12-17","95","81.00","30"
"SKU_49","2024-12-18","84","81.73","30"
"SKU_49","2024-12-19","70","81.53","30"
"SKU_49","2024-12-20","106","82.33","30"
"SKU_49","2024-12-21","87","83.07","30"
"SKU_49","2024-12-22","63","82.93","30"
"SKU_49","2024-12-23","93","83.87","30"
"SKU_49","2024-12-24","111","85.00","30"
"SKU_49","2024-12-25","89","85.70","30"
"SKU_49","2024-12-26","99","85.47","30"
"SKU_49","2024-12-27","68","85.43","30"
"SKU_49","2024-12-28","101","86.30","30"
"SKU_49","2024-12-29","77","86.67","30"
"SKU_49","2024-12-30","94","87.43","30"
"SKU_5","2024-01-01","95","95.00","1"
"SKU_5","2024-01-02","102","98.50","2"
"SKU_5","2024-01-03","98","98.33","3"
"SKU_5","2024-01-04","90","96.25","4"
"SKU_5","2024-01-05","91","95.20","5"
"SKU_5","2024-01-06","88","94.00","6"
"SKU_5","2024-01-07","104","95.43","7"
"SKU_5","2024-01-08","106","96.75","8"
"SKU_5","2024-01-09","105","97.67","9"
"SKU_5","2024-01-10","111","99.00","10"
"SKU_5","2024-01-11","111","100.09","11"
"SKU_5","2024-01-12","120","101.75","12"
"SKU_5","2024-01-13","116","102.85","13"
"SKU_5","2024-01-14","122","104.21","14"
"SKU_5","2024-01-15","110","104.60","15"
"SKU_5","2024-01-16","101","104.38","16"
"SKU_5","2024-01-17","95","103.82","17"
"SKU_5","2024-01-18","112","104.28","18"
"SKU_5","2024-01-19","144","106.37","19"
"SKU_5","2024-01-20","106","106.35","20"
"SKU_5","2024-01-21","113","106.67","21"
"SKU_5","2024-01-22","134","107.91","22"
"SKU_5","2024-01-23","123","108.57","23"
"SKU_5","2024-01-24","138","109.79","24"
"SKU_5","2024-01-25","148","111.32","25"
"SKU_5","2024-01-26","110","111.27","26"
"SKU_5","2024-01-27","105","111.04","27"
"SKU_5","2024-01-28","113","111.11","28"
"SKU_5","2024-01-29","143","112.21","29"
"SKU_5","2024-01-30","106","112.00","30"
"SKU_5","2024-01-31","106","112.37","30"
"SKU_5","2024-02-01","125","113.13","30"
"SKU_5","2024-02-02","124","114.00","30"
"SKU_5","2024-02-03","126","115.20","30"
"SKU_5","2024-02-04","110","115.83","30"
"SKU_5","2024-02-05","127","117.13","30"
"SKU_5","2024-02-06","140","118.33","30"
"SKU_5","2024-02-07","148","119.73","30"
"SKU_5","2024-02-08","152","121.30","30"
"SKU_5","2024-02-09","163","123.03","30"
"SKU_5","2024-02-10","116","123.20","30"
"SKU_5","2024-02-11","131","123.57","30"
"SKU_5","2024-02-12","142","124.43","30"
"SKU_5","2024-02-13","142","125.10","30"
"SKU_5","2024-02-14","156","126.63","30"
"SKU_5","2024-02-15","152","128.33","30"
"SKU_5","2024-02-16","144","129.97","30"
"SKU_5","2024-02-17","142","130.97","30"
"SKU_5","2024-02-18","152","131.23","30"
"SKU_5","2024-02-19","135","132.20","30"
"SKU_5","2024-02-20","149","133.40","30"
"SKU_5","2024-02-21","155","134.10","30"
"SKU_5","2024-02-22","138","134.60","30"
"SKU_5","2024-02-23","141","134.70","30"
"SKU_5","2024-02-24","146","134.63","30"
"SKU_5","2024-02-25","127","135.20","30"
"SKU_5","2024-02-26","128","135.97","30"
"SKU_5","2024-02-27","142","136.93","30"
"SKU_5","2024-02-28","123","136.27","30"
"SKU_5","2024-02-29","148","137.67","30"
"SKU_5","2024-03-01","149","139.10","30"
"SKU_5","2024-03-02","132","139.33","30"
"SKU_5","2024-03-03","130","139.53","30"
"SKU_5","2024-03-04","136","139.87","30"
"SKU_5","2024-03-05","140","140.87","30"
"SKU_5","2024-03-06","137","141.20","30"
"SKU_5","2024-03-07","133","140.97","30"
"SKU_5","2024-03-08","138","140.63","30"
"SKU_5","2024-03-09","146","140.43","30"
"SKU_5","2024-03-10","105","138.50","30"
"SKU_5","2024-03-11","144","139.43","30"
"SKU_5","2024-03-12","128","139.33","30"
"SKU_5","2024-03-13","142","139.33","30"
"SKU_5","2024-03-14","149","139.57","30"
"SKU_5","2024-03-15","137","138.93","30"
"SKU_5","2024-03-16","174","139.67","30"
"SKU_5","2024-03-17","155","140.03","30"
"SKU_5","2024-03-18","142","140.03","30"
"SKU_5","2024-03-19","136","139.50","30"
"SKU_5","2024-03-20","140","139.67","30"
"SKU_5","2024-03-21","165","140.20","30"
"SKU_5","2024-03-22","144","139.83","30"
"SKU_5","2024-03-23","133","139.67","30"
"SKU_5","2024-03-24","137","139.53","30"
"SKU_5","2024-03-25","145","139.50","30"
"SKU_5","2024-03-26","122","139.33","30"
"SKU_5","2024-03-27","161","140.43","30"
"SKU_5","2024-03-28","165","141.20","30"
"SKU_5","2024-03-29","152","142.17","30"
"SKU_5","2024-03-30","171","142.93","30"
"SKU_5","2024-03-31","150","142.97","30"
"SKU_5","2024-04-01","142","143.30","30"
"SKU_5","2024-04-02","143","143.73","30"
"SKU_5","2024-04-03","148","144.13","30"
"SKU_5","2024-04-04","138","144.07","30"
"SKU_5","2024-04-05","154","144.63","30"
"SKU_5","2024-04-06","148","145.13","30"
"SKU_5","2024-04-07","157","145.77","30"
"SKU_5","2024-04-08","163","146.33","30"
"SKU_5","2024-04-09","153","147.93","30"
"SKU_5","2024-04-10","150","148.13","30"
"SKU_5","2024-04-11","148","148.80","30"
"SKU_5","2024-04-12","146","148.93","30"
"SKU_5","2024-04-13","148","148.90","30"
"SKU_5","2024-04-14","157","149.57","30"
"SKU_5","2024-04-15","158","149.03","30"
"SKU_5","2024-04-16","165","149.37","30"
"SKU_5","2024-04-17","144","149.43","30"
"SKU_5","2024-04-18","139","149.53","30"
"SKU_5","2024-04-19","155","150.03","30"
"SKU_5","2024-04-20","134","149.00","30"
"SKU_5","2024-04-21","156","149.40","30"
"SKU_5","2024-04-22","148","149.90","30"
"SKU_5","2024-04-23","127","149.57","30"
"SKU_5","2024-04-24","146","149.60","30"
"SKU_5","2024-04-25","143","150.30","30"
"SKU_5","2024-04-26","147","149.83","30"
"SKU_5","2024-04-27","147","149.23","30"
"SKU_5","2024-04-28","143","148.93","30"
"SKU_5","2024-04-29","144","148.03","30"
"SKU_5","2024-04-30","151","148.07","30"
"SKU_5","2024-05-01","177","149.23","30"
"SKU_5","2024-05-02","129","148.77","30"
"SKU_5","2024-05-03","151","148.87","30"
"SKU_5","2024-05-04","144","149.07","30"
"SKU_5","2024-05-05","152","149.00","30"
"SKU_5","2024-05-06","167","149.63","30"
"SKU_5","2024-05-07","155","149.57","30"
"SKU_5","2024-05-08","150","149.13","30"
"SKU_5","2024-05-09","145","148.87","30"
"SKU_5","2024-05-10","144","148.67","30"
"SKU_5","2024-05-11","113","147.50","30"
"SKU_5","2024-05-12","140","147.30","30"
"SKU_5","2024-05-13","143","147.13","30"
"SKU_5","2024-05-14","159","147.20","30"
"SKU_5","2024-05-15","128","146.20","30"
"SKU_5","2024-05-16","170","146.37","30"
"SKU_5","2024-05-17","137","146.13","30"
"SKU_5","2024-05-18","126","145.70","30"
"SKU_5","2024-05-19","159","145.83","30"
"SKU_5","2024-05-20","137","145.93","30"
"SKU_5","2024-05-21","115","144.57","30"
"SKU_5","2024-05-22","128","143.90","30"
"SKU_5","2024-05-23","114","143.47","30"
"SKU_5","2024-05-24","126","142.80","30"
"SKU_5","2024-05-25","141","142.73","30"
"SKU_5","2024-05-26","120","141.83","30"
"SKU_5","2024-05-27","130","141.27","30"
"SKU_5","2024-05-28","130","140.83","30"
"SKU_5","2024-05-29","123","140.13","30"
"SKU_5","2024-05-30","136","139.63","30"
"SKU_5","2024-05-31","117","137.63","30"
"SKU_5","2024-06-01","141","138.03","30"
"SKU_5","2024-06-02","143","137.77","30"
"SKU_5","2024-06-03","120","136.97","30"
"SKU_5","2024-06-04","143","136.67","30"
"SKU_5","2024-06-05","120","135.10","30"
"SKU_5","2024-06-06","106","133.47","30"
"SKU_5","2024-06-07","123","132.57","30"
"SKU_5","2024-06-08","132","132.13","30"
"SKU_5","2024-06-09","107","130.90","30"
"SKU_5","2024-06-10","113","130.90","30"
"SKU_5","2024-06-11","103","129.67","30"
"SKU_5","2024-06-12","133","129.33","30"
"SKU_5","2024-06-13","120","128.03","30"
"SKU_5","2024-06-14","118","127.70","30"
"SKU_5","2024-06-15","110","125.70","30"
"SKU_5","2024-06-16","106","124.67","30"
"SKU_5","2024-06-17","131","124.83","30"
"SKU_5","2024-06-18","116","123.40","30"
"SKU_5","2024-06-19","111","122.53","30"
"SKU_5","2024-06-20","115","122.53","30"
"SKU_5","2024-06-21","103","121.70","30"
"SKU_5","2024-06-22","111","121.60","30"
"SKU_5","2024-06-23","81","120.10","30"
"SKU_5","2024-06-24","106","118.93","30"
"SKU_5","2024-06-25","105","118.43","30"
"SKU_5","2024-06-26","105","117.60","30"
"SKU_5","2024-06-27","96","116.47","30"
"SKU_5","2024-06-28","99","115.67","30"
"SKU_5","2024-06-29","96","114.33","30"
"SKU_5","2024-06-30","105","113.93","30"
"SKU_5","2024-07-01","106","112.77","30"
"SKU_5","2024-07-02","82","110.73","30"
"SKU_5","2024-07-03","100","110.07","30"
"SKU_5","2024-07-04","91","108.33","30"
"SKU_5","2024-07-05","98","107.60","30"
"SKU_5","2024-07-06","108","107.67","30"
"SKU_5","2024-07-07","90","106.57","30"
"SKU_5","2024-07-08","96","105.37","30"
"SKU_5","2024-07-09","84","104.60","30"
"SKU_5","2024-07-10","118","104.77","30"
"SKU_5","2024-07-11","102","104.73","30"
"SKU_5","2024-07-12","106","103.83","30"
"SKU_5","2024-07-13","98","103.10","30"
"SKU_5","2024-07-14","62","101.23","30"
"SKU_5","2024-07-15","76","100.10","30"
"SKU_5","2024-07-16","93","99.67","30"
"SKU_5","2024-07-17","80","97.97","30"
"SKU_5","2024-07-18","81","96.80","30"
"SKU_5","2024-07-19","64","95.23","30"
"SKU_5","2024-07-20","105","94.90","30"
"SKU_5","2024-07-21","69","93.77","30"
"SKU_5","2024-07-22","98","93.33","30"
"SKU_5","2024-07-23","69","92.93","30"
"SKU_5","2024-07-24","106","92.93","30"
"SKU_5","2024-07-25","68","91.70","30"
"SKU_5","2024-07-26","75","90.70","30"
"SKU_5","2024-07-27","70","89.83","30"
"SKU_5","2024-07-28","76","89.07","30"
"SKU_5","2024-07-29","71","88.23","30"
"SKU_5","2024-07-30","71","87.10","30"
"SKU_5","2024-07-31","78","86.17","30"
"SKU_5","2024-08-01","90","86.43","30"
"SKU_5","2024-08-02","93","86.20","30"
"SKU_5","2024-08-03","86","86.03","30"
"SKU_5","2024-08-04","87","85.67","30"
"SKU_5","2024-08-05","74","84.53","30"
"SKU_5","2024-08-06","59","83.50","30"
"SKU_5","2024-08-07","91","83.33","30"
"SKU_5","2024-08-08","63","82.63","30"
"SKU_5","2024-08-09","73","81.13","30"
"SKU_5","2024-08-10","79","80.37","30"
"SKU_5","2024-08-11","67","79.07","30"
"SKU_5","2024-08-12","62","77.87","30"
"SKU_5","2024-08-13","46","77.33","30"
"SKU_5","2024-08-14","44","76.27","30"
"SKU_5","2024-08-15","61","75.20","30"
"SKU_5","2024-08-16","72","74.93","30"
"SKU_5","2024-08-17","44","73.70","30"
"SKU_5","2024-08-18","73","74.00","30"
"SKU_5","2024-08-19","56","72.37","30"
"SKU_5","2024-08-20","65","72.23","30"
"SKU_5","2024-08-21","44","70.43","30"
"SKU_5","2024-08-22","54","69.93","30"
"SKU_5","2024-08-23","69","68.70","30"
"SKU_5","2024-08-24","71","68.80","30"
"SKU_5","2024-08-25","60","68.30","30"
"SKU_5","2024-08-26","60","67.97","30"
"SKU_5","2024-08-27","50","67.10","30"
"SKU_5","2024-08-28","54","66.53","30"
"SKU_5","2024-08-29","71","66.53","30"
"SKU_5","2024-08-30","79","66.57","30"
"SKU_5","2024-08-31","46","65.10","30"
"SKU_5","2024-09-01","55","63.83","30"
"SKU_5","2024-09-02","81","63.67","30"
"SKU_5","2024-09-03","59","62.73","30"
"SKU_5","2024-09-04","31","61.30","30"
"SKU_5","2024-09-05","58","61.27","30"
"SKU_5","2024-09-06","52","59.97","30"
"SKU_5","2024-09-07","48","59.47","30"
"SKU_5","2024-09-08","70","59.37","30"
"SKU_5","2024-09-09","62","58.80","30"
"SKU_5","2024-09-10","65","58.73","30"
"SKU_5","2024-09-11","54","58.47","30"
"SKU_5","2024-09-12","28","57.87","30"
"SKU_5","2024-09-13","50","58.07","30"
"SKU_5","2024-09-14","53","57.80","30"
"SKU_5","2024-09-15","54","57.20","30"
"SKU_5","2024-09-16","38","57.00","30"
"SKU_5","2024-09-17","31","55.60","30"
"SKU_5","2024-09-18","49","55.37","30"
"SKU_5","2024-09-19","55","55.03","30"
"SKU_5","2024-09-20","61","55.60","30"
"SKU_5","2024-09-21","49","55.43","30"
"SKU_5","2024-09-22","55","54.97","30"
"SKU_5","2024-09-23","55","54.43","30"
"SKU_5","2024-09-24","44","53.90","30"
"SKU_5","2024-09-25","43","53.33","30"
"SKU_5","2024-09-26","55","53.50","30"
"SKU_5","2024-09-27","58","53.63","30"
"SKU_5","2024-09-28","64","53.40","30"
"SKU_5","2024-09-29","50","52.43","30"
"SKU_5","2024-09-30","58","52.83","30"
"SKU_5","2024-10-01","52","52.73","30"
"SKU_5","2024-10-02","51","51.73","30"
"SKU_5","2024-10-03","44","51.23","30"
"SKU_5","2024-10-04","63","52.30","30"
"SKU_5","2024-10-05","47","51.93","30"
"SKU_5","2024-10-06","65","52.37","30"
"SKU_5","2024-10-07","46","52.30","30"
"SKU_5","2024-10-08","36","51.17","30"
"SKU_5","2024-10-09","41","50.47","30"
"SKU_5","2024-10-10","71","50.67","30"
"SKU_5","2024-10-11","41","50.23","30"
"SKU_5","2024-10-12","50","50.97","30"
"SKU_5","2024-10-13","58","51.23","30"
"SKU_5","2024-10-14","51","51.17","30"
"SKU_5","2024-10-15","46","50.90","30"
"SKU_5","2024-10-16","68","51.90","30"
"SKU_5","2024-10-17","74","53.33","30"
"SKU_5","2024-10-18","47","53.27","30"
"SKU_5","2024-10-19","52","53.17","30"
"SKU_5","2024-10-20","74","53.60","30"
"SKU_5","2024-10-21","59","53.93","30"
"SKU_5","2024-10-22","60","54.10","30"
"SKU_5","2024-10-23","41","53.63","30"
"SKU_5","2024-10-24","71","54.53","30"
"SKU_5","2024-10-25","47","54.67","30"
"SKU_5","2024-10-26","41","54.20","30"
"SKU_5","2024-10-27","48","53.87","30"
"SKU_5","2024-10-28","65","53.90","30"
"SKU_5","2024-10-29","59","54.20","30"
"SKU_5","2024-10-30","67","54.50","30"
"SKU_5","2024-10-31","62","54.83","30"
"SKU_5","2024-11-01","50","54.80","30"
"SKU_5","2024-11-02","69","55.63","30"
"SKU_5","2024-11-03","45","55.03","30"
"SKU_5","2024-11-04","44","54.93","30"
"SKU_5","2024-11-05","60","54.77","30"
"SKU_5","2024-11-06","60","55.23","30"
"SKU_5","2024-11-07","80","56.70","30"
"SKU_5","2024-11-08","67","57.57","30"
"SKU_5","2024-11-09","72","57.60","30"
"SKU_5","2024-11-10","57","58.13","30"
"SKU_5","2024-11-11","66","58.67","30"
"SKU_5","2024-11-12","60","58.73","30"
"SKU_5","2024-11-13","65","59.20","30"
"SKU_5","2024-11-14","58","59.60","30"
"SKU_5","2024-11-15","61","59.37","30"
"SKU_5","2024-11-16","58","58.83","30"
"SKU_5","2024-11-17","66","59.47","30"
"SKU_5","2024-11-18","53","59.50","30"
"SKU_5","2024-11-19","62","59.10","30"
"SKU_5","2024-11-20","74","59.60","30"
"SKU_5","2024-11-21","70","59.93","30"
"SKU_5","2024-11-22","59","60.53","30"
"SKU_5","2024-11-23","51","59.87","30"
"SKU_5","2024-11-24","56","60.17","30"
"SKU_5","2024-11-25","65","60.97","30"
"SKU_5","2024-11-26","71","61.73","30"
"SKU_5","2024-11-27","61","61.60","30"
"SKU_5","2024-11-28","55","61.47","30"
"SKU_5","2024-11-29","83","62.00","30"
"SKU_5","2024-11-30","79","62.57","30"
"SKU_5","2024-12-01","69","63.20","30"
"SKU_5","2024-12-02","49","62.53","30"
"SKU_5","2024-12-03","68","63.30","30"
"SKU_5","2024-12-04","67","64.07","30"
"SKU_5","2024-12-05","78","64.67","30"
"SKU_5","2024-12-06","56","64.53","30"
"SKU_5","2024-12-07","79","64.50","30"
"SKU_5","2024-12-08","84","65.07","30"
"SKU_5","2024-12-09","68","64.93","30"
"SKU_5","2024-12-10","67","65.27","30"
"SKU_5","2024-12-11","82","65.80","30"
"SKU_5","2024-12-12","69","66.10","30"
"SKU_5","2024-12-13","83","66.70","30"
"SKU_5","2024-12-14","89","67.73","30"
"SKU_5","2024-12-15","83","68.47","30"
"SKU_5","2024-12-16","63","68.63","30"
"SKU_5","2024-12-17","107","70.00","30"
"SKU_5","2024-12-18","72","70.63","30"
"SKU_5","2024-12-19","101","71.93","30"
"SKU_5","2024-12-20","95","72.63","30"
"SKU_5","2024-12-21","94","73.43","30"
"SKU_5","2024-12-22","92","74.53","30"
"SKU_5","2024-12-23","93","75.93","30"
"SKU_5","2024-12-24","90","77.07","30"
"SKU_5","2024-12-25","108","78.50","30"
"SKU_5","2024-12-26","79","78.77","30"
"SKU_5","2024-12-27","85","79.57","30"
"SKU_5","2024-12-28","94","80.87","30"
"SKU_5","2024-12-29","98","81.37","30"
"SKU_5","2024-12-30","108","82.33","30"
"SKU_50","2024-01-01","120","120.00","1"
"SKU_50","2024-01-02","92","106.00","2"
"SKU_50","2024-01-03","110","107.33","3"
"SKU_50","2024-01-04","109","107.75","4"
"SKU_50","2024-01-05","91","104.40","5"
"SKU_50","2024-01-06","102","104.00","6"
"SKU_50","2024-01-07","120","106.29","7"
"SKU_50","2024-01-08","104","106.00","8"
"SKU_50","2024-01-09","108","106.22","9"
"SKU_50","2024-01-10","101","105.70","10"
"SKU_50","2024-01-11","109","106.00","11"
"SKU_50","2024-01-12","110","106.33","12"
"SKU_50","2024-01-13","111","106.69","13"
"SKU_50","2024-01-14","98","106.07","14"
"SKU_50","2024-01-15","106","106.07","15"
"SKU_50","2024-01-16","119","106.88","16"
"SKU_50","2024-01-17","104","106.71","17"
"SKU_50","2024-01-18","110","106.89","18"
"SKU_50","2024-01-19","116","107.37","19"
"SKU_50","2024-01-20","125","108.25","20"
"SKU_50","2024-01-21","110","108.33","21"
"SKU_50","2024-01-22","134","109.50","22"
"SKU_50","2024-01-23","118","109.87","23"
"SKU_50","2024-01-24","138","111.04","24"
"SKU_50","2024-01-25","117","111.28","25"
"SKU_50","2024-01-26","122","111.69","26"
"SKU_50","2024-01-27","104","111.41","27"
"SKU_50","2024-01-28","131","112.11","28"
"SKU_50","2024-01-29","113","112.14","29"
"SKU_50","2024-01-30","118","112.33","30"
"SKU_50","2024-01-31","120","112.33","30"
"SKU_50","2024-02-01","127","113.50","30"
"SKU_50","2024-02-02","136","114.37","30"
"SKU_50","2024-02-03","137","115.30","30"
"SKU_50","2024-02-04","125","116.43","30"
"SKU_50","2024-02-05","136","117.57","30"
"SKU_50","2024-02-06","140","118.23","30"
"SKU_50","2024-02-07","145","119.60","30"
"SKU_50","2024-02-08","132","120.40","30"
"SKU_50","2024-02-09","119","121.00","30"
"SKU_50","2024-02-10","130","121.70","30"
"SKU_50","2024-02-11","122","122.10","30"
"SKU_50","2024-02-12","139","123.03","30"
"SKU_50","2024-02-13","151","124.80","30"
"SKU_50","2024-02-14","125","125.43","30"
"SKU_50","2024-02-15","129","125.77","30"
"SKU_50","2024-02-16","119","126.27","30"
"SKU_50","2024-02-17","152","127.67","30"
"SKU_50","2024-02-18","115","127.63","30"
"SKU_50","2024-02-19","131","127.83","30"
"SKU_50","2024-02-20","148","129.10","30"
"SKU_50","2024-02-21","142","129.37","30"
"SKU_50","2024-02-22","136","129.97","30"
"SKU_50","2024-02-23","131","129.73","30"
"SKU_50","2024-02-24","133","130.27","30"
"SKU_50","2024-02-25","133","130.63","30"
"SKU_50","2024-02-26","151","132.20","30"
"SKU_50","2024-02-27","161","133.20","30"
"SKU_50","2024-02-28","179","135.40","30"
"SKU_50","2024-02-29","128","135.73","30"
"SKU_50","2024-03-01","133","136.17","30"
"SKU_50","2024-03-02","159","137.23","30"
"SKU_50","2024-03-03","127","136.93","30"
"SKU_50","2024-03-04","155","137.53","30"
"SKU_50","2024-03-05","129","137.67","30"
"SKU_50","2024-03-06","148","138.07","30"
"SKU_50","2024-03-07","133","137.83","30"
"SKU_50","2024-03-08","134","137.47","30"
"SKU_50","2024-03-09","165","138.57","30"
"SKU_50","2024-03-10","165","140.10","30"
"SKU_50","2024-03-11","127","140.00","30"
"SKU_50","2024-03-12","156","141.13","30"
"SKU_50","2024-03-13","143","141.27","30"
"SKU_50","2024-03-14","154","141.37","30"
"SKU_50","2024-03-15","149","142.17","30"
"SKU_50","2024-03-16","159","143.17","30"
"SKU_50","2024-03-17","156","144.40","30"
"SKU_50","2024-03-18","140","144.00","30"
"SKU_50","2024-03-19","150","145.17","30"
"SKU_50","2024-03-20","138","145.40","30"
"SKU_50","2024-03-21","159","145.77","30"
"SKU_50","2024-03-22","173","146.80","30"
"SKU_50","2024-03-23","145","147.10","30"
"SKU_50","2024-03-24","159","148.03","30"
"SKU_50","2024-03-25","168","149.20","30"
"SKU_50","2024-03-26","156","149.97","30"
"SKU_50","2024-03-27","158","150.20","30"
"SKU_50","2024-03-28","145","149.67","30"
"SKU_50","2024-03-29","153","148.80","30"
"SKU_50","2024-03-30","150","149.53","30"
"SKU_50","2024-03-31","145","149.93","30"
"SKU_50","2024-04-01","178","150.57","30"
"SKU_50","2024-04-02","134","150.80","30"
"SKU_50","2024-04-03","146","150.50","30"
"SKU_50","2024-04-04","127","150.43","30"
"SKU_50","2024-04-05","145","150.33","30"
"SKU_50","2024-04-06","145","150.73","30"
"SKU_50","2024-04-07","164","151.73","30"
"SKU_50","2024-04-08","141","150.93","30"
"SKU_50","2024-04-09","144","150.23","30"
"SKU_50","2024-04-10","157","151.23","30"
"SKU_50","2024-04-11","155","151.20","30"
"SKU_50","2024-04-12","153","151.53","30"
"SKU_50","2024-04-13","160","151.73","30"
"SKU_50","2024-04-14","129","151.07","30"
"SKU_50","2024-04-15","145","150.60","30"
"SKU_50","2024-04-16","149","150.37","30"
"SKU_50","2024-04-17","150","150.70","30"
"SKU_50","2024-04-18","141","150.40","30"
"SKU_50","2024-04-19","146","150.67","30"
"SKU_50","2024-04-20","138","149.97","30"
"SKU_50","2024-04-21","182","150.27","30"
"SKU_50","2024-04-22","154","150.57","30"
"SKU_50","2024-04-23","138","149.87","30"
"SKU_50","2024-04-24","140","148.93","30"
"SKU_50","2024-04-25","142","148.47","30"
"SKU_50","2024-04-26","137","147.77","30"
"SKU_50","2024-04-27","125","147.10","30"
"SKU_50","2024-04-28","163","147.43","30"
"SKU_50","2024-04-29","141","147.13","30"
"SKU_50","2024-04-30","133","146.73","30"
"SKU_50","2024-05-01","129","145.10","30"
"SKU_50","2024-05-02","154","145.77","30"
"SKU_50","2024-05-03","150","145.90","30"
"SKU_50","2024-05-04","162","147.07","30"
"SKU_50","2024-05-05","153","147.33","30"
"SKU_50","2024-05-06","151","147.53","30"
"SKU_50","2024-05-07","138","146.67","30"
"SKU_50","2024-05-08","151","147.00","30"
"SKU_50","2024-05-09","180","148.20","30"
"SKU_50","2024-05-10","144","147.77","30"
"SKU_50","2024-05-11","141","147.30","30"
"SKU_50","2024-05-12","132","146.60","30"
"SKU_50","2024-05-13","157","146.50","30"
"SKU_50","2024-05-14","131","146.57","30"
"SKU_50","2024-05-15","134","146.20","30"
"SKU_50","2024-05-16","138","145.83","30"
"SKU_50","2024-05-17","151","145.87","30"
"SKU_50","2024-05-18","120","145.17","30"
"SKU_50","2024-05-19","127","144.53","30"
"SKU_50","2024-05-20","154","145.07","30"
"SKU_50","2024-05-21","136","143.53","30"
"SKU_50","2024-05-22","141","143.10","30"
"SKU_50","2024-05-23","155","143.67","30"
"SKU_50","2024-05-24","123","143.10","30"
"SKU_50","2024-05-25","106","141.90","30"
"SKU_50","2024-05-26","139","141.97","30"
"SKU_50","2024-05-27","109","141.43","30"
"SKU_50","2024-05-28","143","140.77","30"
"SKU_50","2024-05-29","120","140.07","30"
"SKU_50","2024-05-30","141","140.33","30"
"SKU_50","2024-05-31","124","140.17","30"
"SKU_50","2024-06-01","130","139.37","30"
"SKU_50","2024-06-02","121","138.40","30"
"SKU_50","2024-06-03","160","138.33","30"
"SKU_50","2024-06-04","124","137.37","30"
"SKU_50","2024-06-05","131","136.70","30"
"SKU_50","2024-06-06","101","135.47","30"
"SKU_50","2024-06-07","105","133.93","30"
"SKU_50","2024-06-08","133","132.37","30"
"SKU_50","2024-06-09","110","131.23","30"
"SKU_50","2024-06-10","121","130.57","30"
"SKU_50","2024-06-11","127","130.40","30"
"SKU_50","2024-06-12","114","128.97","30"
"SKU_50","2024-06-13","104","128.07","30"
"SKU_50","2024-06-14","112","127.33","30"
"SKU_50","2024-06-15","121","126.77","30"
"SKU_50","2024-06-16","102","125.13","30"
"SKU_50","2024-06-17","122","125.20","30"
"SKU_50","2024-06-18","123","125.07","30"
"SKU_50","2024-06-19","111","123.63","30"
"SKU_50","2024-06-20","104","122.57","30"
"SKU_50","2024-06-21","122","121.93","30"
"SKU_50","2024-06-22","109","120.40","30"
"SKU_50","2024-06-23","113","120.07","30"
"SKU_50","2024-06-24","112","120.27","30"
"SKU_50","2024-06-25","88","118.57","30"
"SKU_50","2024-06-26","96","118.13","30"
"SKU_50","2024-06-27","104","116.83","30"
"SKU_50","2024-06-28","100","116.17","30"
"SKU_50","2024-06-29","88","114.40","30"
"SKU_50","2024-06-30","101","113.63","30"
"SKU_50","2024-07-01","117","113.20","30"
"SKU_50","2024-07-02","100","112.50","30"
"SKU_50","2024-07-03","109","110.80","30"
"SKU_50","2024-07-04","115","110.50","30"
"SKU_50","2024-07-05","97","109.37","30"
"SKU_50","2024-07-06","96","109.20","30"
"SKU_50","2024-07-07","91","108.73","30"
"SKU_50","2024-07-08","103","107.73","30"
"SKU_50","2024-07-09","73","106.50","30"
"SKU_50","2024-07-10","106","106.00","30"
"SKU_50","2024-07-11","82","104.50","30"
"SKU_50","2024-07-12","65","102.87","30"
"SKU_50","2024-07-13","77","101.97","30"
"SKU_50","2024-07-14","93","101.33","30"
"SKU_50","2024-07-15","84","100.10","30"
"SKU_50","2024-07-16","76","99.23","30"
"SKU_50","2024-07-17","77","97.73","30"
"SKU_50","2024-07-18","75","96.13","30"
"SKU_50","2024-07-19","88","95.37","30"
"SKU_50","2024-07-20","94","95.03","30"
"SKU_50","2024-07-21","85","93.80","30"
"SKU_50","2024-07-22","67","92.40","30"
"SKU_50","2024-07-23","84","91.43","30"
"SKU_50","2024-07-24","77","90.27","30"
"SKU_50","2024-07-25","77","89.90","30"
"SKU_50","2024-07-26","81","89.40","30"
"SKU_50","2024-07-27","78","88.53","30"
"SKU_50","2024-07-28","78","87.80","30"
"SKU_50","2024-07-29","51","86.57","30"
"SKU_50","2024-07-30","88","86.13","30"
"SKU_50","2024-07-31","64","84.37","30"
"SKU_50","2024-08-01","72","83.43","30"
"SKU_50","2024-08-02","63","81.90","30"
"SKU_50","2024-08-03","79","80.70","30"
"SKU_50","2024-08-04","76","80.00","30"
"SKU_50","2024-08-05","74","79.27","30"
"SKU_50","2024-08-06","70","78.57","30"
"SKU_50","2024-08-07","60","77.13","30"
"SKU_50","2024-08-08","72","77.10","30"
"SKU_50","2024-08-09","78","76.17","30"
"SKU_50","2024-08-10","66","75.63","30"
"SKU_50","2024-08-11","80","76.13","30"
"SKU_50","2024-08-12","50","75.23","30"
"SKU_50","2024-08-13","68","74.40","30"
"SKU_50","2024-08-14","64","73.73","30"
"SKU_50","2024-08-15","61","73.23","30"
"SKU_50","2024-08-16","94","73.80","30"
"SKU_50","2024-08-17","61","73.33","30"
"SKU_50","2024-08-18","60","72.40","30"
"SKU_50","2024-08-19","72","71.67","30"
"SKU_50","2024-08-20","78","71.43","30"
"SKU_50","2024-08-21","59","71.17","30"
"SKU_50","2024-08-22","63","70.47","30"
"SKU_50","2024-08-23","64","70.03","30"
"SKU_50","2024-08-24","50","69.13","30"
"SKU_50","2024-08-25","70","68.77","30"
"SKU_50","2024-08-26","58","68.10","30"
"SKU_50","2024-08-27","65","67.67","30"
"SKU_50","2024-08-28","51","67.67","30"
"SKU_50","2024-08-29","65","66.90","30"
"SKU_50","2024-08-30","80","67.43","30"
"SKU_50","2024-08-31","49","66.67","30"
"SKU_50","2024-09-01","47","66.13","30"
"SKU_50","2024-09-02","52","65.23","30"
"SKU_50","2024-09-03","30","63.70","30"
"SKU_50","2024-09-04","58","63.17","30"
"SKU_50","2024-09-05","59","62.80","30"
"SKU_50","2024-09-06","50","62.47","30"
"SKU_50","2024-09-07","54","61.87","30"
"SKU_50","2024-09-08","57","61.17","30"
"SKU_50","2024-09-09","48","60.57","30"
"SKU_50","2024-09-10","49","59.53","30"
"SKU_50","2024-09-11","51","59.57","30"
"SKU_50","2024-09-12","45","58.80","30"
"SKU_50","2024-09-13","64","58.80","30"
"SKU_50","2024-09-14","46","58.30","30"
"SKU_50","2024-09-15","61","57.20","30"
"SKU_50","2024-09-16","46","56.70","30"
"SKU_50","2024-09-17","44","56.17","30"
"SKU_50","2024-09-18","33","54.87","30"
"SKU_50","2024-09-19","51","53.97","30"
"SKU_50","2024-09-20","42","53.40","30"
"SKU_50","2024-09-21","48","52.90","30"
"SKU_50","2024-09-22","43","52.20","30"
"SKU_50","2024-09-23","58","52.47","30"
"SKU_50","2024-09-24","58","52.07","30"
"SKU_50","2024-09-25","43","51.57","30"
"SKU_50","2024-09-26","51","51.10","30"
"SKU_50","2024-09-27","40","50.73","30"
"SKU_50","2024-09-28","48","50.17","30"
"SKU_50","2024-09-29","51","49.20","30"
"SKU_50","2024-09-30","38","48.83","30"
"SKU_50","2024-10-01","39","48.57","30"
"SKU_50","2024-10-02","37","48.07","30"
"SKU_50","2024-10-03","67","49.30","30"
"SKU_50","2024-10-04","57","49.27","30"
"SKU_50","2024-10-05","37","48.53","30"
"SKU_50","2024-10-06","63","48.97","30"
"SKU_50","2024-10-07","46","48.70","30"
"SKU_50","2024-10-08","54","48.60","30"
"SKU_50","2024-10-09","44","48.47","30"
"SKU_50","2024-10-10","50","48.50","30"
"SKU_50","2024-10-11","52","48.53","30"
"SKU_50","2024-10-12","39","48.33","30"
"SKU_50","2024-10-13","75","48.70","30"
"SKU_50","2024-10-14","49","48.80","30"
"SKU_50","2024-10-15","44","48.23","30"
"SKU_50","2024-10-16","39","48.00","30"
"SKU_50","2024-10-17","48","48.13","30"
"SKU_50","2024-10-18","41","48.40","30"
"SKU_50","2024-10-19","39","48.00","30"
"SKU_50","2024-10-20","29","47.57","30"
"SKU_50","2024-10-21","48","47.57","30"
"SKU_50","2024-10-22","70","48.47","30"
"SKU_50","2024-10-23","58","48.47","30"
"SKU_50","2024-10-24","46","48.07","30"
"SKU_50","2024-10-25","44","48.10","30"
"SKU_50","2024-10-26","51","48.10","30"
"SKU_50","2024-10-27","36","47.97","30"
"SKU_50","2024-10-28","56","48.23","30"
"SKU_50","2024-10-29","67","48.77","30"
"SKU_50","2024-10-30","57","49.40","30"
"SKU_50","2024-10-31","88","51.03","30"
"SKU_50","2024-11-01","54","51.60","30"
"SKU_50","2024-11-02","46","50.90","30"
"SKU_50","2024-11-03","61","51.03","30"
"SKU_50","2024-11-04","56","51.67","30"
"SKU_50","2024-11-05","59","51.53","30"
"SKU_50","2024-11-06","67","52.23","30"
"SKU_50","2024-11-07","71","52.80","30"
"SKU_50","2024-11-08","49","52.97","30"
"SKU_50","2024-11-09","72","53.70","30"
"SKU_50","2024-11-10","60","53.97","30"
"SKU_50","2024-11-11","67","54.90","30"
"SKU_50","2024-11-12","66","54.60","30"
"SKU_50","2024-11-13","58","54.90","30"
"SKU_50","2024-11-14","53","55.20","30"
"SKU_50","2024-11-15","65","56.07","30"
"SKU_50","2024-11-16","70","56.80","30"
"SKU_50","2024-11-17","73","57.87","30"
"SKU_50","2024-11-18","75","59.07","30"
"SKU_50","2024-11-19","73","60.53","30"
"SKU_50","2024-11-20","69","61.23","30"
"SKU_50","2024-11-21","56","60.77","30"
"SKU_50","2024-11-22","71","61.20","30"
"SKU_50","2024-11-23","87","62.57","30"
"SKU_50","2024-11-24","59","63.07","30"
"SKU_50","2024-11-25","79","64.00","30"
"SKU_50","2024-11-26","65","64.97","30"
"SKU_50","2024-11-27","80","65.77","30"
"SKU_50","2024-11-28","67","65.77","30"
"SKU_50","2024-11-29","51","65.57","30"
"SKU_50","2024-11-30","85","65.47","30"
"SKU_50","2024-12-01","80","66.33","30"
"SKU_50","2024-12-02","55","66.63","30"
"SKU_50","2024-12-03","61","66.63","30"
"SKU_50","2024-12-04","77","67.33","30"
"SKU_50","2024-12-05","86","68.23","30"
"SKU_50","2024-12-06","94","69.13","30"
"SKU_50","2024-12-07","85","69.60","30"
"SKU_50","2024-12-08","91","71.00","30"
"SKU_50","2024-12-09","79","71.23","30"
"SKU_50","2024-12-10","87","72.13","30"
"SKU_50","2024-12-11","95","73.07","30"
"SKU_50","2024-12-12","77","73.43","30"
"SKU_50","2024-12-13","93","74.60","30"
"SKU_50","2024-12-14","84","75.63","30"
"SKU_50","2024-12-15","92","76.53","30"
"SKU_50","2024-12-16","96","77.40","30"
"SKU_50","2024-12-17","93","78.07","30"
"SKU_50","2024-12-18","91","78.60","30"
"SKU_50","2024-12-19","99","79.47","30"
"SKU_50","2024-12-20","94","80.30","30"
"SKU_50","2024-12-21","110","82.10","30"
"SKU_50","2024-12-22","79","82.37","30"
"SKU_50","2024-12-23","78","82.07","30"
"SKU_50","2024-12-24","105","83.60","30"
"SKU_50","2024-12-25","104","84.43","30"
"SKU_50","2024-12-26","87","85.17","30"
"SKU_50","2024-12-27","100","85.83","30"
"SKU_50","2024-12-28","94","86.73","30"
"SKU_50","2024-12-29","105","88.53","30"
"SKU_50","2024-12-30","96","88.90","30"
"SKU_6","2024-01-01","149","149.00","1"
"SKU_6","2024-01-02","100","124.50","2"
"SKU_6","2024-01-03","106","118.33","3"
"SKU_6","2024-01-04","92","111.75","4"
"SKU_6","2024-01-05","98","109.00","5"
"SKU_6","2024-01-06","96","106.83","6"
"SKU_6","2024-01-07","104","106.43","7"
"SKU_6","2024-01-08","112","107.13","8"
"SKU_6","2024-01-09","114","107.89","9"
"SKU_6","2024-01-10","108","107.90","10"
"SKU_6","2024-01-11","77","105.09","11"
"SKU_6","2024-01-12","91","103.92","12"
"SKU_6","2024-01-13","123","105.38","13"
"SKU_6","2024-01-14","92","104.43","14"
"SKU_6","2024-01-15","87","103.27","15"
"SKU_6","2024-01-16","140","105.56","16"
"SKU_6","2024-01-17","111","105.88","17"
"SKU_6","2024-01-18","118","106.56","18"
"SKU_6","2024-01-19","122","107.37","19"
"SKU_6","2024-01-20","98","106.90","20"
"SKU_6","2024-01-21","116","107.33","21"
"SKU_6","2024-01-22","131","108.41","22"
"SKU_6","2024-01-23","97","107.91","23"
"SKU_6","2024-01-24","113","108.13","24"
"SKU_6","2024-01-25","108","108.12","25"
"SKU_6","2024-01-26","122","108.65","26"
"SKU_6","2024-01-27","136","109.67","27"
"SKU_6","2024-01-28","126","110.25","28"
"SKU_6","2024-01-29","110","110.24","29"
"SKU_6","2024-01-30","122","110.63","30"
"SKU_6","2024-01-31","113","109.43","30"
"SKU_6","2024-02-01","132","110.50","30"
"SKU_6","2024-02-02","125","111.13","30"
"SKU_6","2024-02-03","118","112.00","30"
"SKU_6","2024-02-04","138","113.33","30"
"SKU_6","2024-02-05","132","114.53","30"
"SKU_6","2024-02-06","129","115.37","30"
"SKU_6","2024-02-07","109","115.27","30"
"SKU_6","2024-02-08","127","115.70","30"
"SKU_6","2024-02-09","133","116.53","30"
"SKU_6","2024-02-10","147","118.87","30"
"SKU_6","2024-02-11","126","120.03","30"
"SKU_6","2024-02-12","121","119.97","30"
"SKU_6","2024-02-13","138","121.50","30"
"SKU_6","2024-02-14","116","122.47","30"
"SKU_6","2024-02-15","130","122.13","30"
"SKU_6","2024-02-16","127","122.67","30"
"SKU_6","2024-02-17","122","122.80","30"
"SKU_6","2024-02-18","140","123.40","30"
"SKU_6","2024-02-19","132","124.53","30"
"SKU_6","2024-02-20","150","125.67","30"
"SKU_6","2024-02-21","123","125.40","30"
"SKU_6","2024-02-22","156","127.37","30"
"SKU_6","2024-02-23","127","127.83","30"
"SKU_6","2024-02-24","160","129.57","30"
"SKU_6","2024-02-25","150","130.50","30"
"SKU_6","2024-02-26","118","129.90","30"
"SKU_6","2024-02-27","145","130.53","30"
"SKU_6","2024-02-28","136","131.40","30"
"SKU_6","2024-02-29","150","132.33","30"
"SKU_6","2024-03-01","137","133.13","30"
"SKU_6","2024-03-02","140","133.40","30"
"SKU_6","2024-03-03","137","133.80","30"
"SKU_6","2024-03-04","154","135.00","30"
"SKU_6","2024-03-05","140","135.07","30"
"SKU_6","2024-03-06","159","135.97","30"
"SKU_6","2024-03-07","138","136.27","30"
"SKU_6","2024-03-08","142","137.37","30"
"SKU_6","2024-03-09","148","138.07","30"
"SKU_6","2024-03-10","143","138.40","30"
"SKU_6","2024-03-11","151","138.53","30"
"SKU_6","2024-03-12","154","139.47","30"
"SKU_6","2024-03-13","172","141.17","30"
"SKU_6","2024-03-14","142","141.30","30"
"SKU_6","2024-03-15","144","142.23","30"
"SKU_6","2024-03-16","156","143.10","30"
"SKU_6","2024-03-17","144","143.67","30"
"SKU_6","2024-03-18","140","144.27","30"
"SKU_6","2024-03-19","139","144.23","30"
"SKU_6","2024-03-20","166","145.37","30"
"SKU_6","2024-03-21","163","145.80","30"
"SKU_6","2024-03-22","145","146.53","30"
"SKU_6","2024-03-23","152","146.40","30"
"SKU_6","2024-03-24","148","147.10","30"
"SKU_6","2024-03-25","144","146.57","30"
"SKU_6","2024-03-26","149","146.53","30"
"SKU_6","2024-03-27","142","147.33","30"
"SKU_6","2024-03-28","174","148.30","30"
"SKU_6","2024-03-29","150","148.77","30"
"SKU_6","2024-03-30","131","148.13","30"
"SKU_6","2024-03-31","155","148.73","30"
"SKU_6","2024-04-01","159","149.37","30"
"SKU_6","2024-04-02","149","149.77","30"
"SKU_6","2024-04-03","161","150.00","30"
"SKU_6","2024-04-04","154","150.47","30"
"SKU_6","2024-04-05","141","149.87","30"
"SKU_6","2024-04-06","163","150.70","30"
"SKU_6","2024-04-07","173","151.73","30"
"SKU_6","2024-04-08","156","152.00","30"
"SKU_6","2024-04-09","144","152.03","30"
"SKU_6","2024-04-10","149","151.97","30"
"SKU_6","2024-04-11","138","151.43","30"
"SKU_6","2024-04-12","139","150.33","30"
"SKU_6","2024-04-13","141","150.30","30"
"SKU_6","2024-04-14","148","150.43","30"
"SKU_6","2024-04-15","152","150.30","30"
"SKU_6","2024-04-16","149","150.47","30"
"SKU_6","2024-04-17","159","151.10","30"
"SKU_6","2024-04-18","140","151.13","30"
"SKU_6","2024-04-19","149","150.57","30"
"SKU_6","2024-04-20","146","150.00","30"
"SKU_6","2024-04-21","154","150.30","30"
"SKU_6","2024-04-22","148","150.17","30"
"SKU_6","2024-04-23","151","150.27","30"
"SKU_6","2024-04-24","129","149.77","30"
"SKU_6","2024-04-25","134","149.27","30"
"SKU_6","2024-04-26","143","149.30","30"
"SKU_6","2024-04-27","127","147.73","30"
"SKU_6","2024-04-28","136","147.27","30"
"SKU_6","2024-04-29","123","147.00","30"
"SKU_6","2024-04-30","135","146.33","30"
"SKU_6","2024-05-01","150","146.03","30"
"SKU_6","2024-05-02","142","145.80","30"
"SKU_6","2024-05-03","148","145.37","30"
"SKU_6","2024-05-04","115","144.07","30"
"SKU_6","2024-05-05","126","143.57","30"
"SKU_6","2024-05-06","154","143.27","30"
"SKU_6","2024-05-07","134","141.97","30"
"SKU_6","2024-05-08","143","141.53","30"
"SKU_6","2024-05-09","138","141.33","30"
"SKU_6","2024-05-10","117","140.27","30"
"SKU_6","2024-05-11","154","140.80","30"
"SKU_6","2024-05-12","132","140.57","30"
"SKU_6","2024-05-13","140","140.53","30"
"SKU_6","2024-05-14","132","140.00","30"
"SKU_6","2024-05-15","114","138.73","30"
"SKU_6","2024-05-16","135","138.27","30"
"SKU_6","2024-05-17","173","138.73","30"
"SKU_6","2024-05-18","156","139.27","30"
"SKU_6","2024-05-19","115","138.13","30"
"SKU_6","2024-05-20","149","138.23","30"
"SKU_6","2024-05-21","176","138.97","30"
"SKU_6","2024-05-22","120","138.03","30"
"SKU_6","2024-05-23","121","137.03","30"
"SKU_6","2024-05-24","130","137.07","30"
"SKU_6","2024-05-25","139","137.23","30"
"SKU_6","2024-05-26","121","136.50","30"
"SKU_6","2024-05-27","122","136.33","30"
"SKU_6","2024-05-28","128","136.07","30"
"SKU_6","2024-05-29","109","135.60","30"
"SKU_6","2024-05-30","126","135.30","30"
"SKU_6","2024-05-31","141","135.00","30"
"SKU_6","2024-06-01","118","134.20","30"
"SKU_6","2024-06-02","107","132.83","30"
"SKU_6","2024-06-03","143","133.77","30"
"SKU_6","2024-06-04","141","134.27","30"
"SKU_6","2024-06-05","129","133.43","30"
"SKU_6","2024-06-06","118","132.90","30"
"SKU_6","2024-06-07","136","132.67","30"
"SKU_6","2024-06-08","125","132.23","30"
"SKU_6","2024-06-09","111","132.03","30"
"SKU_6","2024-06-10","119","130.87","30"
"SKU_6","2024-06-11","108","130.07","30"
"SKU_6","2024-06-12","107","128.97","30"
"SKU_6","2024-06-13","111","128.27","30"
"SKU_6","2024-06-14","110","128.13","30"
"SKU_6","2024-06-15","109","127.27","30"
"SKU_6","2024-06-16","107","125.07","30"
"SKU_6","2024-06-17","112","123.60","30"
"SKU_6","2024-06-18","120","123.77","30"
"SKU_6","2024-06-19","129","123.10","30"
"SKU_6","2024-06-20","109","120.87","30"
"SKU_6","2024-06-21","100","120.20","30"
"SKU_6","2024-06-22","93","119.27","30"
"SKU_6","2024-06-23","134","119.40","30"
"SKU_6","2024-06-24","72","117.17","30"
"SKU_6","2024-06-25","120","117.13","30"
"SKU_6","2024-06-26","122","117.13","30"
"SKU_6","2024-06-27","111","116.57","30"
"SKU_6","2024-06-28","106","116.47","30"
"SKU_6","2024-06-29","85","115.10","30"
"SKU_6","2024-06-30","88","113.33","30"
"SKU_6","2024-07-01","74","111.87","30"
"SKU_6","2024-07-02","94","111.43","30"
"SKU_6","2024-07-03","91","109.70","30"
"SKU_6","2024-07-04","96","108.20","30"
"SKU_6","2024-07-05","88","106.83","30"
"SKU_6","2024-07-06","91","105.93","30"
"SKU_6","2024-07-07","91","104.43","30"
"SKU_6","2024-07-08","97","103.50","30"
"SKU_6","2024-07-09","87","102.70","30"
"SKU_6","2024-07-10","72","101.13","30"
"SKU_6","2024-07-11","93","100.63","30"
"SKU_6","2024-07-12","81","99.77","30"
"SKU_6","2024-07-13","89","99.03","30"
"SKU_6","2024-07-14","103","98.80","30"
"SKU_6","2024-07-15","76","97.70","30"
"SKU_6","2024-07-16","82","96.87","30"
"SKU_6","2024-07-17","96","96.33","30"
"SKU_6","2024-07-18","103","95.77","30"
"SKU_6","2024-07-19","100","94.80","30"
"SKU_6","2024-07-20","68","93.43","30"
"SKU_6","2024-07-21","79","92.73","30"
"SKU_6","2024-07-22","81","92.33","30"
"SKU_6","2024-07-23","55","89.70","30"
"SKU_6","2024-07-24","76","89.83","30"
"SKU_6","2024-07-25","77","88.40","30"
"SKU_6","2024-07-26","73","86.77","30"
"SKU_6","2024-07-27","77","85.63","30"
"SKU_6","2024-07-28","71","84.47","30"
"SKU_6","2024-07-29","72","84.03","30"
"SKU_6","2024-07-30","96","84.30","30"
"SKU_6","2024-07-31","86","84.70","30"
"SKU_6","2024-08-01","60","83.57","30"
"SKU_6","2024-08-02","70","82.87","30"
"SKU_6","2024-08-03","76","82.20","30"
"SKU_6","2024-08-04","65","81.43","30"
"SKU_6","2024-08-05","67","80.63","30"
"SKU_6","2024-08-06","50","79.27","30"
"SKU_6","2024-08-07","73","78.47","30"
"SKU_6","2024-08-08","49","77.20","30"
"SKU_6","2024-08-09","79","77.43","30"
"SKU_6","2024-08-10","85","77.17","30"
"SKU_6","2024-08-11","62","76.53","30"
"SKU_6","2024-08-12","71","75.93","30"
"SKU_6","2024-08-13","80","75.17","30"
"SKU_6","2024-08-14","41","74.00","30"
"SKU_6","2024-08-15","63","73.37","30"
"SKU_6","2024-08-16","59","72.13","30"
"SKU_6","2024-08-17","49","70.33","30"
"SKU_6","2024-08-18","52","68.73","30"
"SKU_6","2024-08-19","63","68.57","30"
"SKU_6","2024-08-20","58","67.87","30"
"SKU_6","2024-08-21","59","67.13","30"
"SKU_6","2024-08-22","71","67.67","30"
"SKU_6","2024-08-23","67","67.37","30"
"SKU_6","2024-08-24","44","66.27","30"
"SKU_6","2024-08-25","73","66.27","30"
"SKU_6","2024-08-26","44","65.17","30"
"SKU_6","2024-08-27","52","64.53","30"
"SKU_6","2024-08-28","48","63.73","30"
"SKU_6","2024-08-29","49","62.17","30"
"SKU_6","2024-08-30","72","61.70","30"
"SKU_6","2024-08-31","64","61.83","30"
"SKU_6","2024-09-01","67","61.73","30"
"SKU_6","2024-09-02","57","61.10","30"
"SKU_6","2024-09-03","60","60.93","30"
"SKU_6","2024-09-04","55","60.53","30"
"SKU_6","2024-09-05","55","60.70","30"
"SKU_6","2024-09-06","56","60.13","30"
"SKU_6","2024-09-07","58","60.43","30"
"SKU_6","2024-09-08","80","60.47","30"
"SKU_6","2024-09-09","32","58.70","30"
"SKU_6","2024-09-10","64","58.77","30"
"SKU_6","2024-09-11","68","58.67","30"
"SKU_6","2024-09-12","41","57.37","30"
"SKU_6","2024-09-13","44","57.47","30"
"SKU_6","2024-09-14","61","57.40","30"
"SKU_6","2024-09-15","62","57.50","30"
"SKU_6","2024-09-16","50","57.53","30"
"SKU_6","2024-09-17","53","57.57","30"
"SKU_6","2024-09-18","47","57.03","30"
"SKU_6","2024-09-19","42","56.50","30"
"SKU_6","2024-09-20","54","56.33","30"
"SKU_6","2024-09-21","46","55.50","30"
"SKU_6","2024-09-22","64","55.40","30"
"SKU_6","2024-09-23","54","55.73","30"
"SKU_6","2024-09-24","66","55.50","30"
"SKU_6","2024-09-25","47","55.60","30"
"SKU_6","2024-09-26","25","54.70","30"
"SKU_6","2024-09-27","62","55.17","30"
"SKU_6","2024-09-28","62","55.60","30"
"SKU_6","2024-09-29","62","55.27","30"
"SKU_6","2024-09-30","39","54.43","30"
"SKU_6","2024-10-01","47","53.77","30"
"SKU_6","2024-10-02","49","53.50","30"
"SKU_6","2024-10-03","37","52.73","30"
"SKU_6","2024-10-04","53","52.67","30"
"SKU_6","2024-10-05","45","52.33","30"
"SKU_6","2024-10-06","56","52.33","30"
"SKU_6","2024-10-07","58","52.33","30"
"SKU_6","2024-10-08","64","51.80","30"
"SKU_6","2024-10-09","58","52.67","30"
"SKU_6","2024-10-10","55","52.37","30"
"SKU_6","2024-10-11","35","51.27","30"
"SKU_6","2024-10-12","58","51.83","30"
"SKU_6","2024-10-13","41","51.73","30"
"SKU_6","2024-10-14","47","51.27","30"
"SKU_6","2024-10-15","65","51.37","30"
"SKU_6","2024-10-16","35","50.87","30"
"SKU_6","2024-10-17","47","50.67","30"
"SKU_6","2024-10-18","51","50.80","30"
"SKU_6","2024-10-19","49","51.03","30"
"SKU_6","2024-10-20","58","51.17","30"
"SKU_6","2024-10-21","57","51.53","30"
"SKU_6","2024-10-22","65","51.57","30"
"SKU_6","2024-10-23","63","51.87","30"
"SKU_6","2024-10-24","64","51.80","30"
"SKU_6","2024-10-25","66","52.43","30"
"SKU_6","2024-10-26","46","53.13","30"
"SKU_6","2024-10-27","59","53.03","30"
"SKU_6","2024-10-28","63","53.07","30"
"SKU_6","2024-10-29","49","52.63","30"
"SKU_6","2024-10-30","61","53.37","30"
"SKU_6","2024-10-31","48","53.40","30"
"SKU_6","2024-11-01","40","53.10","30"
"SKU_6","2024-11-02","74","54.33","30"
"SKU_6","2024-11-03","43","54.00","30"
"SKU_6","2024-11-04","58","54.43","30"
"SKU_6","2024-11-05","75","55.07","30"
"SKU_6","2024-11-06","36","54.33","30"
"SKU_6","2024-11-07","57","54.10","30"
"SKU_6","2024-11-08","58","54.10","30"
"SKU_6","2024-11-09","54","54.07","30"
"SKU_6","2024-11-10","57","54.80","30"
"SKU_6","2024-11-11","61","54.90","30"
"SKU_6","2024-11-12","48","55.13","30"
"SKU_6","2024-11-13","48","55.17","30"
"SKU_6","2024-11-14","70","55.33","30"
"SKU_6","2024-11-15","61","56.20","30"
"SKU_6","2024-11-16","70","56.97","30"
"SKU_6","2024-11-17","79","57.90","30"
"SKU_6","2024-11-18","88","59.20","30"
"SKU_6","2024-11-19","47","58.83","30"
"SKU_6","2024-11-20","49","58.57","30"
"SKU_6","2024-11-21","81","59.10","30"
"SKU_6","2024-11-22","69","59.30","30"
"SKU_6","2024-11-23","71","59.53","30"
"SKU_6","2024-11-24","79","59.97","30"
"SKU_6","2024-11-25","64","60.57","30"
"SKU_6","2024-11-26","69","60.90","30"
"SKU_6","2024-11-27","64","60.93","30"
"SKU_6","2024-11-28","74","61.77","30"
"SKU_6","2024-11-29","93","62.83","30"
"SKU_6","2024-11-30","86","64.10","30"
"SKU_6","2024-12-01","60","64.77","30"
"SKU_6","2024-12-02","81","65.00","30"
"SKU_6","2024-12-03","80","66.23","30"
"SKU_6","2024-12-04","66","66.50","30"
"SKU_6","2024-12-05","92","67.07","30"
"SKU_6","2024-12-06","100","69.20","30"
"SKU_6","2024-12-07","71","69.67","30"
"SKU_6","2024-12-08","82","70.47","30"
"SKU_6","2024-12-09","77","71.23","30"
"SKU_6","2024-12-10","78","71.93","30"
"SKU_6","2024-12-11","79","72.53","30"
"SKU_6","2024-12-12","86","73.80","30"
"SKU_6","2024-12-13","99","75.50","30"
"SKU_6","2024-12-14","95","76.33","30"
"SKU_6","2024-12-15","98","77.57","30"
"SKU_6","2024-12-16","99","78.53","30"
"SKU_6","2024-12-17","73","78.33","30"
"SKU_6","2024-12-18","103","78.83","30"
"SKU_6","2024-12-19","73","79.70","30"
"SKU_6","2024-12-20","76","80.60","30"
"SKU_6","2024-12-21","113","81.67","30"
"SKU_6","2024-12-22","78","81.97","30"
"SKU_6","2024-12-23","74","82.07","30"
"SKU_6","2024-12-24","84","82.23","30"
"SKU_6","2024-12-25","99","83.40","30"
"SKU_6","2024-12-26","96","84.30","30"
"SKU_6","2024-12-27","80","84.83","30"
"SKU_6","2024-12-28","98","85.63","30"
"SKU_6","2024-12-29","107","86.10","30"
"SKU_6","2024-12-30","103","86.67","30"
"SKU_7","2024-01-01","87","87.00","1"
"SKU_7","2024-01-02","99","93.00","2"
"SKU_7","2024-01-03","86","90.67","3"
"SKU_7","2024-01-04","121","98.25","4"
"SKU_7","2024-01-05","92","97.00","5"
"SKU_7","2024-01-06","112","99.50","6"
"SKU_7","2024-01-07","101","99.71","7"
"SKU_7","2024-01-08","108","100.75","8"
"SKU_7","2024-01-09","109","101.67","9"
"SKU_7","2024-01-10","117","103.20","10"
"SKU_7","2024-01-11","104","103.27","11"
"SKU_7","2024-01-12","120","104.67","12"
"SKU_7","2024-01-13","125","106.23","13"
"SKU_7","2024-01-14","108","106.36","14"
"SKU_7","2024-01-15","102","106.07","15"
"SKU_7","2024-01-16","114","106.56","16"
"SKU_7","2024-01-17","105","106.47","17"
"SKU_7","2024-01-18","104","106.33","18"
"SKU_7","2024-01-19","132","107.68","19"
"SKU_7","2024-01-20","124","108.50","20"
"SKU_7","2024-01-21","113","108.71","21"
"SKU_7","2024-01-22","121","109.27","22"
"SKU_7","2024-01-23","116","109.57","23"
"SKU_7","2024-01-24","125","110.21","24"
"SKU_7","2024-01-25","152","111.88","25"
"SKU_7","2024-01-26","153","113.46","26"
"SKU_7","2024-01-27","117","113.59","27"
"SKU_7","2024-01-28","113","113.57","28"
"SKU_7","2024-01-29","115","113.62","29"
"SKU_7","2024-01-30","130","114.17","30"
"SKU_7","2024-01-31","128","115.53","30"
"SKU_7","2024-02-01","134","116.70","30"
"SKU_7","2024-02-02","146","118.70","30"
"SKU_7","2024-02-03","114","118.47","30"
"SKU_7","2024-02-04","116","119.27","30"
"SKU_7","2024-02-05","161","120.90","30"
"SKU_7","2024-02-06","116","121.40","30"
"SKU_7","2024-02-07","131","122.17","30"
"SKU_7","2024-02-08","145","123.37","30"
"SKU_7","2024-02-09","158","124.73","30"
"SKU_7","2024-02-10","122","125.33","30"
"SKU_7","2024-02-11","133","125.77","30"
"SKU_7","2024-02-12","145","126.43","30"
"SKU_7","2024-02-13","124","126.97","30"
"SKU_7","2024-02-14","139","128.20","30"
"SKU_7","2024-02-15","126","128.60","30"
"SKU_7","2024-02-16","126","129.30","30"
"SKU_7","2024-02-17","150","130.83","30"
"SKU_7","2024-02-18","122","130.50","30"
"SKU_7","2024-02-19","147","131.27","30"
"SKU_7","2024-02-20","142","132.23","30"
"SKU_7","2024-02-21","147","133.10","30"
"SKU_7","2024-02-22","144","134.03","30"
"SKU_7","2024-02-23","153","134.97","30"
"SKU_7","2024-02-24","136","134.43","30"
"SKU_7","2024-02-25","135","133.83","30"
"SKU_7","2024-02-26","143","134.70","30"
"SKU_7","2024-02-27","146","135.80","30"
"SKU_7","2024-02-28","151","137.00","30"
"SKU_7","2024-02-29","156","137.87","30"
"SKU_7","2024-03-01","141","138.30","30"
"SKU_7","2024-03-02","132","138.23","30"
"SKU_7","2024-03-03","159","138.67","30"
"SKU_7","2024-03-04","144","139.67","30"
"SKU_7","2024-03-05","138","140.40","30"
"SKU_7","2024-03-06","151","140.07","30"
"SKU_7","2024-03-07","149","141.17","30"
"SKU_7","2024-03-08","138","141.40","30"
"SKU_7","2024-03-09","140","141.23","30"
"SKU_7","2024-03-10","177","141.87","30"
"SKU_7","2024-03-11","153","142.90","30"
"SKU_7","2024-03-12","134","142.93","30"
"SKU_7","2024-03-13","148","143.03","30"
"SKU_7","2024-03-14","150","143.90","30"
"SKU_7","2024-03-15","147","144.17","30"
"SKU_7","2024-03-16","159","145.27","30"
"SKU_7","2024-03-17","178","147.00","30"
"SKU_7","2024-03-18","151","147.03","30"
"SKU_7","2024-03-19","115","146.80","30"
"SKU_7","2024-03-20","153","147.00","30"
"SKU_7","2024-03-21","162","147.67","30"
"SKU_7","2024-03-22","164","148.23","30"
"SKU_7","2024-03-23","152","148.50","30"
"SKU_7","2024-03-24","164","148.87","30"
"SKU_7","2024-03-25","154","149.47","30"
"SKU_7","2024-03-26","156","150.17","30"
"SKU_7","2024-03-27","160","150.73","30"
"SKU_7","2024-03-28","156","151.07","30"
"SKU_7","2024-03-29","152","151.10","30"
"SKU_7","2024-03-30","156","151.10","30"
"SKU_7","2024-03-31","138","151.00","30"
"SKU_7","2024-04-01","142","151.33","30"
"SKU_7","2024-04-02","162","151.43","30"
"SKU_7","2024-04-03","143","151.40","30"
"SKU_7","2024-04-04","152","151.87","30"
"SKU_7","2024-04-05","155","152.00","30"
"SKU_7","2024-04-06","157","152.27","30"
"SKU_7","2024-04-07","161","153.03","30"
"SKU_7","2024-04-08","133","152.80","30"
"SKU_7","2024-04-09","155","152.07","30"
"SKU_7","2024-04-10","151","152.00","30"
"SKU_7","2024-04-11","147","152.43","30"
"SKU_7","2024-04-12","161","152.87","30"
"SKU_7","2024-04-13","136","152.40","30"
"SKU_7","2024-04-14","146","152.37","30"
"SKU_7","2024-04-15","156","152.27","30"
"SKU_7","2024-04-16","154","151.47","30"
"SKU_7","2024-04-17","159","151.73","30"
"SKU_7","2024-04-18","132","152.30","30"
"SKU_7","2024-04-19","148","152.13","30"
"SKU_7","2024-04-20","140","151.40","30"
"SKU_7","2024-04-21","132","150.33","30"
"SKU_7","2024-04-22","140","149.93","30"
"SKU_7","2024-04-23","154","149.60","30"
"SKU_7","2024-04-24","116","148.33","30"
"SKU_7","2024-04-25","147","148.03","30"
"SKU_7","2024-04-26","145","147.53","30"
"SKU_7","2024-04-27","157","147.57","30"
"SKU_7","2024-04-28","147","147.40","30"
"SKU_7","2024-04-29","128","146.47","30"
"SKU_7","2024-04-30","145","146.70","30"
"SKU_7","2024-05-01","137","146.53","30"
"SKU_7","2024-05-02","150","146.13","30"
"SKU_7","2024-05-03","126","145.57","30"
"SKU_7","2024-05-04","145","145.33","30"
"SKU_7","2024-05-05","128","144.43","30"
"SKU_7","2024-05-06","132","143.60","30"
"SKU_7","2024-05-07","129","142.53","30"
"SKU_7","2024-05-08","116","141.97","30"
"SKU_7","2024-05-09","168","142.40","30"
"SKU_7","2024-05-10","145","142.20","30"
"SKU_7","2024-05-11","140","141.97","30"
"SKU_7","2024-05-12","132","141.00","30"
"SKU_7","2024-05-13","131","140.83","30"
"SKU_7","2024-05-14","116","139.83","30"
"SKU_7","2024-05-15","136","139.17","30"
"SKU_7","2024-05-16","146","138.90","30"
"SKU_7","2024-05-17","138","138.20","30"
"SKU_7","2024-05-18","163","139.23","30"
"SKU_7","2024-05-19","151","139.33","30"
"SKU_7","2024-05-20","129","138.97","30"
"SKU_7","2024-05-21","122","138.63","30"
"SKU_7","2024-05-22","143","138.73","30"
"SKU_7","2024-05-23","138","138.20","30"
"SKU_7","2024-05-24","153","139.43","30"
"SKU_7","2024-05-25","123","138.63","30"
"SKU_7","2024-05-26","125","137.97","30"
"SKU_7","2024-05-27","149","137.70","30"
"SKU_7","2024-05-28","116","136.67","30"
"SKU_7","2024-05-29","146","137.27","30"
"SKU_7","2024-05-30","125","136.60","30"
"SKU_7","2024-05-31","124","136.17","30"
"SKU_7","2024-06-01","127","135.40","30"
"SKU_7","2024-06-02","108","134.80","30"
"SKU_7","2024-06-03","115","133.80","30"
"SKU_7","2024-06-04","140","134.20","30"
"SKU_7","2024-06-05","98","133.07","30"
"SKU_7","2024-06-06","135","133.27","30"
"SKU_7","2024-06-07","134","133.87","30"
"SKU_7","2024-06-08","117","132.17","30"
"SKU_7","2024-06-09","105","130.83","30"
"SKU_7","2024-06-10","113","129.93","30"
"SKU_7","2024-06-11","113","129.30","30"
"SKU_7","2024-06-12","118","128.87","30"
"SKU_7","2024-06-13","139","129.63","30"
"SKU_7","2024-06-14","123","129.20","30"
"SKU_7","2024-06-15","93","127.43","30"
"SKU_7","2024-06-16","120","126.83","30"
"SKU_7","2024-06-17","115","125.23","30"
"SKU_7","2024-06-18","95","123.37","30"
"SKU_7","2024-06-19","127","123.30","30"
"SKU_7","2024-06-20","121","123.27","30"
"SKU_7","2024-06-21","114","122.30","30"
"SKU_7","2024-06-22","119","121.67","30"
"SKU_7","2024-06-23","90","119.57","30"
"SKU_7","2024-06-24","96","118.67","30"
"SKU_7","2024-06-25","100","117.83","30"
"SKU_7","2024-06-26","122","116.93","30"
"SKU_7","2024-06-27","128","117.33","30"
"SKU_7","2024-06-28","102","115.87","30"
"SKU_7","2024-06-29","95","114.87","30"
"SKU_7","2024-06-30","119","114.70","30"
"SKU_7","2024-07-01","110","114.13","30"
"SKU_7","2024-07-02","114","114.33","30"
"SKU_7","2024-07-03","102","113.90","30"
"SKU_7","2024-07-04","96","112.43","30"
"SKU_7","2024-07-05","97","112.40","30"
"SKU_7","2024-07-06","119","111.87","30"
"SKU_7","2024-07-07","95","110.57","30"
"SKU_7","2024-07-08","88","109.60","30"
"SKU_7","2024-07-09","87","109.00","30"
"SKU_7","2024-07-10","87","108.13","30"
"SKU_7","2024-07-11","113","108.13","30"
"SKU_7","2024-07-12","76","106.73","30"
"SKU_7","2024-07-13","89","105.07","30"
"SKU_7","2024-07-14","65","103.13","30"
"SKU_7","2024-07-15","93","103.13","30"
"SKU_7","2024-07-16","52","100.87","30"
"SKU_7","2024-07-17","75","99.53","30"
"SKU_7","2024-07-18","106","99.90","30"
"SKU_7","2024-07-19","105","99.17","30"
"SKU_7","2024-07-20","95","98.30","30"
"SKU_7","2024-07-21","88","97.43","30"
"SKU_7","2024-07-22","84","96.27","30"
"SKU_7","2024-07-23","77","95.83","30"
"SKU_7","2024-07-24","92","95.70","30"
"SKU_7","2024-07-25","86","95.23","30"
"SKU_7","2024-07-26","69","93.47","30"
"SKU_7","2024-07-27","78","91.80","30"
"SKU_7","2024-07-28","82","91.13","30"
"SKU_7","2024-07-29","75","90.47","30"
"SKU_7","2024-07-30","81","89.20","30"
"SKU_7","2024-07-31","76","88.07","30"
"SKU_7","2024-08-01","92","87.33","30"
"SKU_7","2024-08-02","67","86.17","30"
"SKU_7","2024-08-03","79","85.60","30"
"SKU_7","2024-08-04","74","84.83","30"
"SKU_7","2024-08-05","63","82.97","30"
"SKU_7","2024-08-06","66","82.00","30"
"SKU_7","2024-08-07","62","81.13","30"
"SKU_7","2024-08-08","67","80.47","30"
"SKU_7","2024-08-09","64","79.70","30"
"SKU_7","2024-08-10","60","77.93","30"
"SKU_7","2024-08-11","61","77.43","30"
"SKU_7","2024-08-12","68","76.73","30"
"SKU_7","2024-08-13","57","76.47","30"
"SKU_7","2024-08-14","69","75.67","30"
"SKU_7","2024-08-15","64","76.07","30"
"SKU_7","2024-08-16","41","74.93","30"
"SKU_7","2024-08-17","67","73.63","30"
"SKU_7","2024-08-18","66","72.33","30"
"SKU_7","2024-08-19","44","70.63","30"
"SKU_7","2024-08-20","49","69.33","30"
"SKU_7","2024-08-21","56","68.40","30"
"SKU_7","2024-08-22","44","67.30","30"
"SKU_7","2024-08-23","62","66.30","30"
"SKU_7","2024-08-24","76","65.97","30"
"SKU_7","2024-08-25","59","65.63","30"
"SKU_7","2024-08-26","50","64.70","30"
"SKU_7","2024-08-27","66","64.17","30"
"SKU_7","2024-08-28","25","62.50","30"
"SKU_7","2024-08-29","46","61.33","30"
"SKU_7","2024-08-30","70","61.13","30"
"SKU_7","2024-08-31","41","59.43","30"
"SKU_7","2024-09-01","38","58.47","30"
"SKU_7","2024-09-02","56","57.70","30"
"SKU_7","2024-09-03","46","56.77","30"
"SKU_7","2024-09-04","59","56.63","30"
"SKU_7","2024-09-05","60","56.43","30"
"SKU_7","2024-09-06","57","56.27","30"
"SKU_7","2024-09-07","55","55.87","30"
"SKU_7","2024-09-08","43","55.17","30"
"SKU_7","2024-09-09","53","54.93","30"
"SKU_7","2024-09-10","59","54.87","30"
"SKU_7","2024-09-11","72","55.00","30"
"SKU_7","2024-09-12","61","55.13","30"
"SKU_7","2024-09-13","48","54.43","30"
"SKU_7","2024-09-14","62","54.37","30"
"SKU_7","2024-09-15","54","54.80","30"
"SKU_7","2024-09-16","41","53.93","30"
"SKU_7","2024-09-17","42","53.13","30"
"SKU_7","2024-09-18","63","53.77","30"
"SKU_7","2024-09-19","16","52.67","30"
"SKU_7","2024-09-20","58","52.73","30"
"SKU_7","2024-09-21","52","53.00","30"
"SKU_7","2024-09-22","42","52.33","30"
"SKU_7","2024-09-23","37","51.03","30"
"SKU_7","2024-09-24","50","50.73","30"
"SKU_7","2024-09-25","34","50.20","30"
"SKU_7","2024-09-26","25","48.83","30"
"SKU_7","2024-09-27","50","49.67","30"
"SKU_7","2024-09-28","55","49.97","30"
"SKU_7","2024-09-29","57","49.53","30"
"SKU_7","2024-09-30","62","50.23","30"
"SKU_7","2024-10-01","37","50.20","30"
"SKU_7","2024-10-02","50","50.00","30"
"SKU_7","2024-10-03","53","50.23","30"
"SKU_7","2024-10-04","47","49.83","30"
"SKU_7","2024-10-05","32","48.90","30"
"SKU_7","2024-10-06","51","48.70","30"
"SKU_7","2024-10-07","37","48.10","30"
"SKU_7","2024-10-08","43","48.10","30"
"SKU_7","2024-10-09","61","48.37","30"
"SKU_7","2024-10-10","41","47.77","30"
"SKU_7","2024-10-11","41","46.73","30"
"SKU_7","2024-10-12","47","46.27","30"
"SKU_7","2024-10-13","41","46.03","30"
"SKU_7","2024-10-14","48","45.57","30"
"SKU_7","2024-10-15","31","44.80","30"
"SKU_7","2024-10-16","56","45.30","30"
"SKU_7","2024-10-17","55","45.73","30"
"SKU_7","2024-10-18","44","45.10","30"
"SKU_7","2024-10-19","73","47.00","30"
"SKU_7","2024-10-20","63","47.17","30"
"SKU_7","2024-10-21","48","47.03","30"
"SKU_7","2024-10-22","32","46.70","30"
"SKU_7","2024-10-23","61","47.50","30"
"SKU_7","2024-10-24","56","47.70","30"
"SKU_7","2024-10-25","38","47.83","30"
"SKU_7","2024-10-26","49","48.63","30"
"SKU_7","2024-10-27","73","49.40","30"
"SKU_7","2024-10-28","46","49.10","30"
"SKU_7","2024-10-29","56","49.07","30"
"SKU_7","2024-10-30","45","48.50","30"
"SKU_7","2024-10-31","62","49.33","30"
"SKU_7","2024-11-01","56","49.53","30"
"SKU_7","2024-11-02","60","49.77","30"
"SKU_7","2024-11-03","54","50.00","30"
"SKU_7","2024-11-04","66","51.13","30"
"SKU_7","2024-11-05","62","51.50","30"
"SKU_7","2024-11-06","55","52.10","30"
"SKU_7","2024-11-07","41","52.03","30"
"SKU_7","2024-11-08","58","51.93","30"
"SKU_7","2024-11-09","62","52.63","30"
"SKU_7","2024-11-10","59","53.23","30"
"SKU_7","2024-11-11","65","53.83","30"
"SKU_7","2024-11-12","69","54.77","30"
"SKU_7","2024-11-13","68","55.43","30"
"SKU_7","2024-11-14","67","56.63","30"
"SKU_7","2024-11-15","56","56.63","30"
"SKU_7","2024-11-16","66","57.00","30"
"SKU_7","2024-11-17","63","57.63","30"
"SKU_7","2024-11-18","71","57.57","30"
"SKU_7","2024-11-19","45","56.97","30"
"SKU_7","2024-11-20","80","58.03","30"
"SKU_7","2024-11-21","78","59.57","30"
"SKU_7","2024-11-22","65","59.70","30"
"SKU_7","2024-11-23","77","60.40","30"
"SKU_7","2024-11-24","77","61.70","30"
"SKU_7","2024-11-25","82","62.80","30"
"SKU_7","2024-11-26","63","62.47","30"
"SKU_7","2024-11-27","65","63.10","30"
"SKU_7","2024-11-28","77","63.80","30"
"SKU_7","2024-11-29","85","65.13","30"
"SKU_7","2024-11-30","53","64.83","30"
"SKU_7","2024-12-01","82","65.70","30"
"SKU_7","2024-12-02","64","65.83","30"
"SKU_7","2024-12-03","81","66.73","30"
"SKU_7","2024-12-04","95","67.70","30"
"SKU_7","2024-12-05","101","69.00","30"
"SKU_7","2024-12-06","69","69.47","30"
"SKU_7","2024-12-07","71","70.47","30"
"SKU_7","2024-12-08","67","70.77","30"
"SKU_7","2024-12-09","77","71.27","30"
"SKU_7","2024-12-10","79","71.93","30"
"SKU_7","2024-12-11","68","72.03","30"
"SKU_7","2024-12-12","86","72.60","30"
"SKU_7","2024-12-13","90","73.33","30"
"SKU_7","2024-12-14","83","73.87","30"
"SKU_7","2024-12-15","97","75.23","30"
"SKU_7","2024-12-16","76","75.57","30"
"SKU_7","2024-12-17","66","75.67","30"
"SKU_7","2024-12-18","80","75.97","30"
"SKU_7","2024-12-19","93","77.57","30"
"SKU_7","2024-12-20","92","77.97","30"
"SKU_7","2024-12-21","71","77.73","30"
"SKU_7","2024-12-22","71","77.93","30"
"SKU_7","2024-12-23","96","78.57","30"
"SKU_7","2024-12-24","101","79.37","30"
"SKU_7","2024-12-25","110","80.30","30"
"SKU_7","2024-12-26","114","82.00","30"
"SKU_7","2024-12-27","94","82.97","30"
"SKU_7","2024-12-28","90","83.40","30"
"SKU_7","2024-12-29","102","83.97","30"
"SKU_7","2024-12-30","104","85.67","30"
"SKU_8","2024-01-01","108","108.00","1"
"SKU_8","2024-01-02","100","104.00","2"
"SKU_8","2024-01-03","105","104.33","3"
"SKU_8","2024-01-04","98","102.75","4"
"SKU_8","2024-01-05","127","107.60","5"
"SKU_8","2024-01-06","108","107.67","6"
"SKU_8","2024-01-07","109","107.86","7"
"SKU_8","2024-01-08","114","108.63","8"
"SKU_8","2024-01-09","130","111.00","9"
"SKU_8","2024-01-10","109","110.80","10"
"SKU_8","2024-01-11","107","110.45","11"
"SKU_8","2024-01-12","120","111.25","12"
"SKU_8","2024-01-13","109","111.08","13"
"SKU_8","2024-01-14","108","110.86","14"
"SKU_8","2024-01-15","92","109.60","15"
"SKU_8","2024-01-16","118","110.13","16"
"SKU_8","2024-01-17","114","110.35","17"
"SKU_8","2024-01-18","114","110.56","18"
"SKU_8","2024-01-19","127","111.42","19"
"SKU_8","2024-01-20","129","112.30","20"
"SKU_8","2024-01-21","103","111.86","21"
"SKU_8","2024-01-22","129","112.64","22"
"SKU_8","2024-01-23","123","113.09","23"
"SKU_8","2024-01-24","128","113.71","24"
"SKU_8","2024-01-25","120","113.96","25"
"SKU_8","2024-01-26","101","113.46","26"
"SKU_8","2024-01-27","117","113.59","27"
"SKU_8","2024-01-28","144","114.68","28"
"SKU_8","2024-01-29","120","114.86","29"
"SKU_8","2024-01-30","137","115.60","30"
"SKU_8","2024-01-31","142","116.73","30"
"SKU_8","2024-02-01","108","117.00","30"
"SKU_8","2024-02-02","116","117.37","30"
"SKU_8","2024-02-03","113","117.87","30"
"SKU_8","2024-02-04","127","117.87","30"
"SKU_8","2024-02-05","133","118.70","30"
"SKU_8","2024-02-06","123","119.17","30"
"SKU_8","2024-02-07","124","119.50","30"
"SKU_8","2024-02-08","133","119.60","30"
"SKU_8","2024-02-09","126","120.17","30"
"SKU_8","2024-02-10","144","121.40","30"
"SKU_8","2024-02-11","131","121.77","30"
"SKU_8","2024-02-12","130","122.47","30"
"SKU_8","2024-02-13","113","122.63","30"
"SKU_8","2024-02-14","143","124.33","30"
"SKU_8","2024-02-15","127","124.63","30"
"SKU_8","2024-02-16","130","125.17","30"
"SKU_8","2024-02-17","165","126.87","30"
"SKU_8","2024-02-18","115","126.47","30"
"SKU_8","2024-02-19","131","126.53","30"
"SKU_8","2024-02-20","147","128.00","30"
"SKU_8","2024-02-21","148","128.63","30"
"SKU_8","2024-02-22","128","128.80","30"
"SKU_8","2024-02-23","118","128.47","30"
"SKU_8","2024-02-24","142","129.20","30"
"SKU_8","2024-02-25","156","131.03","30"
"SKU_8","2024-02-26","131","131.50","30"
"SKU_8","2024-02-27","123","130.80","30"
"SKU_8","2024-02-28","134","131.27","30"
"SKU_8","2024-02-29","156","131.90","30"
"SKU_8","2024-03-01","152","132.23","30"
"SKU_8","2024-03-02","153","133.73","30"
"SKU_8","2024-03-03","145","134.70","30"
"SKU_8","2024-03-04","114","134.73","30"
"SKU_8","2024-03-05","153","135.60","30"
"SKU_8","2024-03-06","173","136.93","30"
"SKU_8","2024-03-07","178","138.77","30"
"SKU_8","2024-03-08","136","139.17","30"
"SKU_8","2024-03-09","127","138.97","30"
"SKU_8","2024-03-10","174","140.57","30"
"SKU_8","2024-03-11","183","141.87","30"
"SKU_8","2024-03-12","139","142.13","30"
"SKU_8","2024-03-13","176","143.67","30"
"SKU_8","2024-03-14","158","145.17","30"
"SKU_8","2024-03-15","139","145.03","30"
"SKU_8","2024-03-16","165","146.30","30"
"SKU_8","2024-03-17","137","146.53","30"
"SKU_8","2024-03-18","155","146.20","30"
"SKU_8","2024-03-19","151","147.40","30"
"SKU_8","2024-03-20","151","148.07","30"
"SKU_8","2024-03-21","153","148.27","30"
"SKU_8","2024-03-22","140","148.00","30"
"SKU_8","2024-03-23","159","149.03","30"
"SKU_8","2024-03-24","138","149.70","30"
"SKU_8","2024-03-25","160","150.30","30"
"SKU_8","2024-03-26","147","150.00","30"
"SKU_8","2024-03-27","161","151.00","30"
"SKU_8","2024-03-28","164","152.37","30"
"SKU_8","2024-03-29","150","152.90","30"
"SKU_8","2024-03-30","160","153.03","30"
"SKU_8","2024-03-31","158","153.23","30"
"SKU_8","2024-04-01","141","152.83","30"
"SKU_8","2024-04-02","149","152.97","30"
"SKU_8","2024-04-03","166","154.70","30"
"SKU_8","2024-04-04","157","154.83","30"
"SKU_8","2024-04-05","146","153.93","30"
"SKU_8","2024-04-06","152","153.07","30"
"SKU_8","2024-04-07","171","154.23","30"
"SKU_8","2024-04-08","148","154.93","30"
"SKU_8","2024-04-09","133","153.57","30"
"SKU_8","2024-04-10","150","152.47","30"
"SKU_8","2024-04-11","146","152.70","30"
"SKU_8","2024-04-12","141","151.53","30"
"SKU_8","2024-04-13","146","151.13","30"
"SKU_8","2024-04-14","158","151.77","30"
"SKU_8","2024-04-15","158","151.53","30"
"SKU_8","2024-04-16","164","152.43","30"
"SKU_8","2024-04-17","147","152.17","30"
"SKU_8","2024-04-18","154","152.27","30"
"SKU_8","2024-04-19","134","151.70","30"
"SKU_8","2024-04-20","135","151.10","30"
"SKU_8","2024-04-21","134","150.90","30"
"SKU_8","2024-04-22","160","150.93","30"
"SKU_8","2024-04-23","157","151.57","30"
"SKU_8","2024-04-24","152","151.30","30"
"SKU_8","2024-04-25","143","151.17","30"
"SKU_8","2024-04-26","144","150.60","30"
"SKU_8","2024-04-27","137","149.70","30"
"SKU_8","2024-04-28","146","149.57","30"
"SKU_8","2024-04-29","160","149.57","30"
"SKU_8","2024-04-30","166","149.83","30"
"SKU_8","2024-05-01","151","150.17","30"
"SKU_8","2024-05-02","131","149.57","30"
"SKU_8","2024-05-03","142","148.77","30"
"SKU_8","2024-05-04","154","148.67","30"
"SKU_8","2024-05-05","128","148.07","30"
"SKU_8","2024-05-06","148","147.93","30"
"SKU_8","2024-05-07","174","148.03","30"
"SKU_8","2024-05-08","134","147.57","30"
"SKU_8","2024-05-09","143","147.90","30"
"SKU_8","2024-05-10","143","147.67","30"
"SKU_8","2024-05-11","164","148.27","30"
"SKU_8","2024-05-12","128","147.83","30"
"SKU_8","2024-05-13","142","147.70","30"
"SKU_8","2024-05-14","168","148.03","30"
"SKU_8","2024-05-15","130","147.10","30"
"SKU_8","2024-05-16","119","145.60","30"
"SKU_8","2024-05-17","143","145.47","30"
"SKU_8","2024-05-18","146","145.20","30"
"SKU_8","2024-05-19","143","145.50","30"
"SKU_8","2024-05-20","117","144.90","30"
"SKU_8","2024-05-21","148","145.37","30"
"SKU_8","2024-05-22","142","144.77","30"
"SKU_8","2024-05-23","129","143.83","30"
"SKU_8","2024-05-24","111","142.47","30"
"SKU_8","2024-05-25","127","141.93","30"
"SKU_8","2024-05-26","136","141.67","30"
"SKU_8","2024-05-27","132","141.50","30"
"SKU_8","2024-05-28","128","140.90","30"
"SKU_8","2024-05-29","128","139.83","30"
"SKU_8","2024-05-30","128","138.57","30"
"SKU_8","2024-05-31","133","137.97","30"
"SKU_8","2024-06-01","127","137.83","30"
"SKU_8","2024-06-02","147","138.00","30"
"SKU_8","2024-06-03","118","136.80","30"
"SKU_8","2024-06-04","128","136.80","30"
"SKU_8","2024-06-05","132","136.27","30"
"SKU_8","2024-06-06","127","134.70","30"
"SKU_8","2024-06-07","115","134.07","30"
"SKU_8","2024-06-08","126","133.50","30"
"SKU_8","2024-06-09","118","132.67","30"
"SKU_8","2024-06-10","104","130.67","30"
"SKU_8","2024-06-11","135","130.90","30"
"SKU_8","2024-06-12","108","129.77","30"
"SKU_8","2024-06-13","96","127.37","30"
"SKU_8","2024-06-14","92","126.10","30"
"SKU_8","2024-06-15","126","126.33","30"
"SKU_8","2024-06-16","104","125.03","30"
"SKU_8","2024-06-17","122","124.23","30"
"SKU_8","2024-06-18","97","122.70","30"
"SKU_8","2024-06-19","112","122.53","30"
"SKU_8","2024-06-20","92","120.67","30"
"SKU_8","2024-06-21","114","119.73","30"
"SKU_8","2024-06-22","111","119.13","30"
"SKU_8","2024-06-23","90","118.43","30"
"SKU_8","2024-06-24","78","116.80","30"
"SKU_8","2024-06-25","102","115.67","30"
"SKU_8","2024-06-26","108","114.87","30"
"SKU_8","2024-06-27","88","113.53","30"
"SKU_8","2024-06-28","95","112.43","30"
"SKU_8","2024-06-29","104","111.63","30"
"SKU_8","2024-06-30","106","110.73","30"
"SKU_8","2024-07-01","108","110.10","30"
"SKU_8","2024-07-02","86","108.07","30"
"SKU_8","2024-07-03","103","107.57","30"
"SKU_8","2024-07-04","91","106.33","30"
"SKU_8","2024-07-05","91","104.97","30"
"SKU_8","2024-07-06","88","103.67","30"
"SKU_8","2024-07-07","92","102.90","30"
"SKU_8","2024-07-08","103","102.13","30"
"SKU_8","2024-07-09","115","102.03","30"
"SKU_8","2024-07-10","103","102.00","30"
"SKU_8","2024-07-11","85","100.33","30"
"SKU_8","2024-07-12","102","100.13","30"
"SKU_8","2024-07-13","90","99.93","30"
"SKU_8","2024-07-14","63","98.97","30"
"SKU_8","2024-07-15","112","98.50","30"
"SKU_8","2024-07-16","90","98.03","30"
"SKU_8","2024-07-17","94","97.10","30"
"SKU_8","2024-07-18","90","96.87","30"
"SKU_8","2024-07-19","94","96.27","30"
"SKU_8","2024-07-20","73","95.63","30"
"SKU_8","2024-07-21","81","94.53","30"
"SKU_8","2024-07-22","51","92.53","30"
"SKU_8","2024-07-23","108","93.13","30"
"SKU_8","2024-07-24","65","92.70","30"
"SKU_8","2024-07-25","69","91.60","30"
"SKU_8","2024-07-26","81","90.70","30"
"SKU_8","2024-07-27","90","90.77","30"
"SKU_8","2024-07-28","97","90.83","30"
"SKU_8","2024-07-29","63","89.47","30"
"SKU_8","2024-07-30","68","88.20","30"
"SKU_8","2024-07-31","49","86.23","30"
"SKU_8","2024-08-01","65","85.53","30"
"SKU_8","2024-08-02","58","84.03","30"
"SKU_8","2024-08-03","61","83.03","30"
"SKU_8","2024-08-04","82","82.73","30"
"SKU_8","2024-08-05","61","81.83","30"
"SKU_8","2024-08-06","75","81.27","30"
"SKU_8","2024-08-07","51","79.53","30"
"SKU_8","2024-08-08","75","78.20","30"
"SKU_8","2024-08-09","84","77.57","30"
"SKU_8","2024-08-10","48","76.33","30"
"SKU_8","2024-08-11","85","75.77","30"
"SKU_8","2024-08-12","78","75.37","30"
"SKU_8","2024-08-13","84","76.07","30"
"SKU_8","2024-08-14","53","74.10","30"
"SKU_8","2024-08-15","53","72.87","30"
"SKU_8","2024-08-16","68","72.00","30"
"SKU_8","2024-08-17","81","71.70","30"
"SKU_8","2024-08-18","74","71.03","30"
"SKU_8","2024-08-19","58","70.53","30"
"SKU_8","2024-08-20","65","70.00","30"
"SKU_8","2024-08-21","77","70.87","30"
"SKU_8","2024-08-22","47","68.83","30"
"SKU_8","2024-08-23","61","68.70","30"
"SKU_8","2024-08-24","59","68.37","30"
"SKU_8","2024-08-25","69","67.97","30"
"SKU_8","2024-08-26","51","66.67","30"
"SKU_8","2024-08-27","53","65.20","30"
"SKU_8","2024-08-28","48","64.70","30"
"SKU_8","2024-08-29","43","63.87","30"
"SKU_8","2024-08-30","43","63.67","30"
"SKU_8","2024-08-31","53","63.27","30"
"SKU_8","2024-09-01","45","62.83","30"
"SKU_8","2024-09-02","39","62.10","30"
"SKU_8","2024-09-03","53","61.13","30"
"SKU_8","2024-09-04","41","60.47","30"
"SKU_8","2024-09-05","25","58.80","30"
"SKU_8","2024-09-06","68","59.37","30"
"SKU_8","2024-09-07","54","58.67","30"
"SKU_8","2024-09-08","64","58.00","30"
"SKU_8","2024-09-09","66","58.60","30"
"SKU_8","2024-09-10","40","57.10","30"
"SKU_8","2024-09-11","64","56.63","30"
"SKU_8","2024-09-12","41","55.20","30"
"SKU_8","2024-09-13","35","54.60","30"
"SKU_8","2024-09-14","68","55.10","30"
"SKU_8","2024-09-15","46","54.37","30"
"SKU_8","2024-09-16","56","53.53","30"
"SKU_8","2024-09-17","68","53.33","30"
"SKU_8","2024-09-18","33","52.50","30"
"SKU_8","2024-09-19","55","52.17","30"
"SKU_8","2024-09-20","43","51.03","30"
"SKU_8","2024-09-21","41","50.83","30"
"SKU_8","2024-09-22","42","50.20","30"
"SKU_8","2024-09-23","54","50.03","30"
"SKU_8","2024-09-24","45","49.23","30"
"SKU_8","2024-09-25","23","48.30","30"
"SKU_8","2024-09-26","37","47.77","30"
"SKU_8","2024-09-27","47","47.73","30"
"SKU_8","2024-09-28","51","48.00","30"
"SKU_8","2024-09-29","36","47.77","30"
"SKU_8","2024-09-30","42","47.40","30"
"SKU_8","2024-10-01","51","47.60","30"
"SKU_8","2024-10-02","35","47.47","30"
"SKU_8","2024-10-03","30","46.70","30"
"SKU_8","2024-10-04","64","47.47","30"
"SKU_8","2024-10-05","68","48.90","30"
"SKU_8","2024-10-06","47","48.20","30"
"SKU_8","2024-10-07","26","47.27","30"
"SKU_8","2024-10-08","41","46.50","30"
"SKU_8","2024-10-09","66","46.50","30"
"SKU_8","2024-10-10","27","46.07","30"
"SKU_8","2024-10-11","33","45.03","30"
"SKU_8","2024-10-12","70","46.00","30"
"SKU_8","2024-10-13","51","46.53","30"
"SKU_8","2024-10-14","48","45.87","30"
"SKU_8","2024-10-15","47","45.90","30"
"SKU_8","2024-10-16","65","46.20","30"
"SKU_8","2024-10-17","59","45.90","30"
"SKU_8","2024-10-18","53","46.57","30"
"SKU_8","2024-10-19","74","47.20","30"
"SKU_8","2024-10-20","65","47.93","30"
"SKU_8","2024-10-21","50","48.23","30"
"SKU_8","2024-10-22","52","48.57","30"
"SKU_8","2024-10-23","35","47.93","30"
"SKU_8","2024-10-24","66","48.63","30"
"SKU_8","2024-10-25","57","49.77","30"
"SKU_8","2024-10-26","75","51.03","30"
"SKU_8","2024-10-27","68","51.73","30"
"SKU_8","2024-10-28","43","51.47","30"
"SKU_8","2024-10-29","47","51.83","30"
"SKU_8","2024-10-30","85","53.27","30"
"SKU_8","2024-10-31","55","53.40","30"
"SKU_8","2024-11-01","70","54.57","30"
"SKU_8","2024-11-02","70","55.90","30"
"SKU_8","2024-11-03","47","55.33","30"
"SKU_8","2024-11-04","49","54.70","30"
"SKU_8","2024-11-05","49","54.77","30"
"SKU_8","2024-11-06","52","55.63","30"
"SKU_8","2024-11-07","76","56.80","30"
"SKU_8","2024-11-08","60","56.60","30"
"SKU_8","2024-11-09","77","58.27","30"
"SKU_8","2024-11-10","61","59.20","30"
"SKU_8","2024-11-11","62","58.93","30"
"SKU_8","2024-11-12","49","58.87","30"
"SKU_8","2024-11-13","44","58.73","30"
"SKU_8","2024-11-14","83","59.93","30"
"SKU_8","2024-11-15","52","59.50","30"
"SKU_8","2024-11-16","68","59.80","30"
"SKU_8","2024-11-17","79","60.67","30"
"SKU_8","2024-11-18","81","60.90","30"
"SKU_8","2024-11-19","43","60.17","30"
"SKU_8","2024-11-20","72","60.90","30"
"SKU_8","2024-11-21","66","61.37","30"
"SKU_8","2024-11-22","98","63.47","30"
"SKU_8","2024-11-23","64","63.40","30"
"SKU_8","2024-11-24","86","64.37","30"
"SKU_8","2024-11-25","70","64.20","30"
"SKU_8","2024-11-26","57","63.83","30"
"SKU_8","2024-11-27","87","65.30","30"
"SKU_8","2024-11-28","101","67.10","30"
"SKU_8","2024-11-29","73","66.70","30"
"SKU_8","2024-11-30","73","67.30","30"
"SKU_8","2024-12-01","93","68.07","30"
"SKU_8","2024-12-02","80","68.40","30"
"SKU_8","2024-12-03","71","69.20","30"
"SKU_8","2024-12-04","67","69.80","30"
"SKU_8","2024-12-05","74","70.63","30"
"SKU_8","2024-12-06","66","71.10","30"
"SKU_8","2024-12-07","75","71.07","30"
"SKU_8","2024-12-08","78","71.67","30"
"SKU_8","2024-12-09","84","71.90","30"
"SKU_8","2024-12-10","68","72.13","30"
"SKU_8","2024-12-11","73","72.50","30"
"SKU_8","2024-12-12","105","74.37","30"
"SKU_8","2024-12-13","94","76.03","30"
"SKU_8","2024-12-14","86","76.13","30"
"SKU_8","2024-12-15","86","77.27","30"
"SKU_8","2024-12-16","100","78.33","30"
"SKU_8","2024-12-17","99","79.00","30"
"SKU_8","2024-12-18","75","78.80","30"
"SKU_8","2024-12-19","88","80.30","30"
"SKU_8","2024-12-20","101","81.27","30"
"SKU_8","2024-12-21","85","81.90","30"
"SKU_8","2024-12-22","100","81.97","30"
"SKU_8","2024-12-23","109","83.47","30"
"SKU_8","2024-12-24","91","83.63","30"
"SKU_8","2024-12-25","90","84.30","30"
"SKU_8","2024-12-26","99","85.70","30"
"SKU_8","2024-12-27","94","85.93","30"
"SKU_8","2024-12-28","104","86.03","30"
"SKU_8","2024-12-29","132","88.00","30"
"SKU_8","2024-12-30","102","88.97","30"
"SKU_9","2024-01-01","110","110.00","1"
"SKU_9","2024-01-02","129","119.50","2"
"SKU_9","2024-01-03","104","114.33","3"
"SKU_9","2024-01-04","117","115.00","4"
"SKU_9","2024-01-05","94","110.80","5"
"SKU_9","2024-01-06","93","107.83","6"
"SKU_9","2024-01-07","91","105.43","7"
"SKU_9","2024-01-08","119","107.13","8"
"SKU_9","2024-01-09","131","109.78","9"
"SKU_9","2024-01-10","107","109.50","10"
"SKU_9","2024-01-11","118","110.27","11"
"SKU_9","2024-01-12","135","112.33","12"
"SKU_9","2024-01-13","102","111.54","13"
"SKU_9","2024-01-14","102","110.86","14"
"SKU_9","2024-01-15","96","109.87","15"
"SKU_9","2024-01-16","104","109.50","16"
"SKU_9","2024-01-17","130","110.71","17"
"SKU_9","2024-01-18","125","111.50","18"
"SKU_9","2024-01-19","89","110.32","19"
"SKU_9","2024-01-20","115","110.55","20"
"SKU_9","2024-01-21","96","109.86","21"
"SKU_9","2024-01-22","132","110.86","22"
"SKU_9","2024-01-23","89","109.91","23"
"SKU_9","2024-01-24","121","110.38","24"
"SKU_9","2024-01-25","114","110.52","25"
"SKU_9","2024-01-26","114","110.65","26"
"SKU_9","2024-01-27","143","111.85","27"
"SKU_9","2024-01-28","133","112.61","28"
"SKU_9","2024-01-29","116","112.72","29"
"SKU_9","2024-01-30","119","112.93","30"
"SKU_9","2024-01-31","136","113.80","30"
"SKU_9","2024-02-01","119","113.47","30"
"SKU_9","2024-02-02","119","113.97","30"
"SKU_9","2024-02-03","122","114.13","30"
"SKU_9","2024-02-04","140","115.67","30"
"SKU_9","2024-02-05","113","116.33","30"
"SKU_9","2024-02-06","124","117.43","30"
"SKU_9","2024-02-07","152","118.53","30"
"SKU_9","2024-02-08","126","118.37","30"
"SKU_9","2024-02-09","142","119.53","30"
"SKU_9","2024-02-10","161","120.97","30"
"SKU_9","2024-02-11","136","121.00","30"
"SKU_9","2024-02-12","137","122.17","30"
"SKU_9","2024-02-13","108","122.37","30"
"SKU_9","2024-02-14","147","124.07","30"
"SKU_9","2024-02-15","126","124.80","30"
"SKU_9","2024-02-16","153","125.57","30"
"SKU_9","2024-02-17","154","126.53","30"
"SKU_9","2024-02-18","129","127.87","30"
"SKU_9","2024-02-19","156","129.23","30"
"SKU_9","2024-02-20","143","130.80","30"
"SKU_9","2024-02-21","128","130.67","30"
"SKU_9","2024-02-22","140","132.37","30"
"SKU_9","2024-02-23","150","133.33","30"
"SKU_9","2024-02-24","146","134.40","30"
"SKU_9","2024-02-25","160","135.93","30"
"SKU_9","2024-02-26","140","135.83","30"
"SKU_9","2024-02-27","151","136.43","30"
"SKU_9","2024-02-28","127","136.80","30"
"SKU_9","2024-02-29","155","138.00","30"
"SKU_9","2024-03-01","157","138.70","30"
"SKU_9","2024-03-02","161","140.10","30"
"SKU_9","2024-03-03","170","141.80","30"
"SKU_9","2024-03-04","143","142.50","30"
"SKU_9","2024-03-05","141","142.53","30"
"SKU_9","2024-03-06","136","143.30","30"
"SKU_9","2024-03-07","146","144.03","30"
"SKU_9","2024-03-08","139","143.60","30"
"SKU_9","2024-03-09","159","144.70","30"
"SKU_9","2024-03-10","133","144.40","30"
"SKU_9","2024-03-11","168","144.63","30"
"SKU_9","2024-03-12","145","144.93","30"
"SKU_9","2024-03-13","127","144.60","30"
"SKU_9","2024-03-14","154","146.13","30"
"SKU_9","2024-03-15","139","145.87","30"
"SKU_9","2024-03-16","134","146.13","30"
"SKU_9","2024-03-17","139","145.67","30"
"SKU_9","2024-03-18","150","145.53","30"
"SKU_9","2024-03-19","150","146.23","30"
"SKU_9","2024-03-20","142","145.77","30"
"SKU_9","2024-03-21","148","145.93","30"
"SKU_9","2024-03-22","139","146.30","30"
"SKU_9","2024-03-23","169","147.27","30"
"SKU_9","2024-03-24","168","147.87","30"
"SKU_9","2024-03-25","161","148.37","30"
"SKU_9","2024-03-26","142","147.77","30"
"SKU_9","2024-03-27","158","148.37","30"
"SKU_9","2024-03-28","126","147.53","30"
"SKU_9","2024-03-29","153","148.40","30"
"SKU_9","2024-03-30","155","148.40","30"
"SKU_9","2024-03-31","138","147.77","30"
"SKU_9","2024-04-01","150","147.40","30"
"SKU_9","2024-04-02","162","147.13","30"
"SKU_9","2024-04-03","151","147.40","30"
"SKU_9","2024-04-04","154","147.83","30"
"SKU_9","2024-04-05","154","148.43","30"
"SKU_9","2024-04-06","149","148.53","30"
"SKU_9","2024-04-07","155","149.07","30"
"SKU_9","2024-04-08","145","148.60","30"
"SKU_9","2024-04-09","171","149.87","30"
"SKU_9","2024-04-10","140","148.93","30"
"SKU_9","2024-04-11","144","148.90","30"
"SKU_9","2024-04-12","149","149.63","30"
"SKU_9","2024-04-13","159","149.80","30"
"SKU_9","2024-04-14","163","150.60","30"
"SKU_9","2024-04-15","129","150.43","30"
"SKU_9","2024-04-16","177","151.70","30"
"SKU_9","2024-04-17","156","151.90","30"
"SKU_9","2024-04-18","161","152.27","30"
"SKU_9","2024-04-19","147","152.43","30"
"SKU_9","2024-04-20","136","152.03","30"
"SKU_9","2024-04-21","154","152.53","30"
"SKU_9","2024-04-22","149","151.87","30"
"SKU_9","2024-04-23","147","151.17","30"
"SKU_9","2024-04-24","143","150.57","30"
"SKU_9","2024-04-25","169","151.47","30"
"SKU_9","2024-04-26","149","151.17","30"
"SKU_9","2024-04-27","150","151.97","30"
"SKU_9","2024-04-28","173","152.63","30"
"SKU_9","2024-04-29","133","151.90","30"
"SKU_9","2024-04-30","175","153.13","30"
"SKU_9","2024-05-01","136","152.67","30"
"SKU_9","2024-05-02","143","152.03","30"
"SKU_9","2024-05-03","138","151.60","30"
"SKU_9","2024-05-04","133","150.90","30"
"SKU_9","2024-05-05","118","149.70","30"
"SKU_9","2024-05-06","141","149.43","30"
"SKU_9","2024-05-07","144","149.07","30"
"SKU_9","2024-05-08","162","149.63","30"
"SKU_9","2024-05-09","131","148.30","30"
"SKU_9","2024-05-10","145","148.47","30"
"SKU_9","2024-05-11","149","148.63","30"
"SKU_9","2024-05-12","146","148.53","30"
"SKU_9","2024-05-13","136","147.77","30"
"SKU_9","2024-05-14","142","147.07","30"
"SKU_9","2024-05-15","139","147.40","30"
"SKU_9","2024-05-16","126","145.70","30"
"SKU_9","2024-05-17","138","145.10","30"
"SKU_9","2024-05-18","123","143.83","30"
"SKU_9","2024-05-19","154","144.07","30"
"SKU_9","2024-05-20","146","144.40","30"
"SKU_9","2024-05-21","136","143.80","30"
"SKU_9","2024-05-22","124","142.97","30"
"SKU_9","2024-05-23","124","142.20","30"
"SKU_9","2024-05-24","123","141.53","30"
"SKU_9","2024-05-25","115","139.73","30"
"SKU_9","2024-05-26","137","139.33","30"
"SKU_9","2024-05-27","134","138.80","30"
"SKU_9","2024-05-28","120","137.03","30"
"SKU_9","2024-05-29","147","137.50","30"
"SKU_9","2024-05-30","106","135.20","30"
"SKU_9","2024-05-31","124","134.80","30"
"SKU_9","2024-06-01","112","133.77","30"
"SKU_9","2024-06-02","127","133.40","30"
"SKU_9","2024-06-03","120","132.97","30"
"SKU_9","2024-06-04","140","133.70","30"
"SKU_9","2024-06-05","145","133.83","30"
"SKU_9","2024-06-06","143","133.80","30"
"SKU_9","2024-06-07","120","132.40","30"
"SKU_9","2024-06-08","113","131.80","30"
"SKU_9","2024-06-09","112","130.70","30"
"SKU_9","2024-06-10","118","129.67","30"
"SKU_9","2024-06-11","108","128.40","30"
"SKU_9","2024-06-12","125","128.03","30"
"SKU_9","2024-06-13","112","127.03","30"
"SKU_9","2024-06-14","115","126.23","30"
"SKU_9","2024-06-15","117","125.93","30"
"SKU_9","2024-06-16","124","125.47","30"
"SKU_9","2024-06-17","124","125.50","30"
"SKU_9","2024-06-18","97","123.60","30"
"SKU_9","2024-06-19","117","122.63","30"
"SKU_9","2024-06-20","121","122.13","30"
"SKU_9","2024-06-21","109","121.63","30"
"SKU_9","2024-06-22","106","121.03","30"
"SKU_9","2024-06-23","102","120.33","30"
"SKU_9","2024-06-24","123","120.60","30"
"SKU_9","2024-06-25","111","119.73","30"
"SKU_9","2024-06-26","112","119.00","30"
"SKU_9","2024-06-27","98","118.27","30"
"SKU_9","2024-06-28","84","116.17","30"
"SKU_9","2024-06-29","92","115.70","30"
"SKU_9","2024-06-30","106","115.10","30"
"SKU_9","2024-07-01","98","114.63","30"
"SKU_9","2024-07-02","107","113.97","30"
"SKU_9","2024-07-03","66","112.17","30"
"SKU_9","2024-07-04","112","111.23","30"
"SKU_9","2024-07-05","85","109.23","30"
"SKU_9","2024-07-06","99","107.77","30"
"SKU_9","2024-07-07","105","107.27","30"
"SKU_9","2024-07-08","75","106.00","30"
"SKU_9","2024-07-09","90","105.27","30"
"SKU_9","2024-07-10","99","104.63","30"
"SKU_9","2024-07-11","100","104.37","30"
"SKU_9","2024-07-12","85","103.03","30"
"SKU_9","2024-07-13","93","102.40","30"
"SKU_9","2024-07-14","90","101.57","30"
"SKU_9","2024-07-15","80","100.33","30"
"SKU_9","2024-07-16","105","99.70","30"
"SKU_9","2024-07-17","91","98.60","30"
"SKU_9","2024-07-18","70","97.70","30"
"SKU_9","2024-07-19","93","96.90","30"
"SKU_9","2024-07-20","88","95.80","30"
"SKU_9","2024-07-21","88","95.10","30"
"SKU_9","2024-07-22","82","94.30","30"
"SKU_9","2024-07-23","99","94.20","30"
"SKU_9","2024-07-24","72","92.50","30"
"SKU_9","2024-07-25","77","91.37","30"
"SKU_9","2024-07-26","91","90.67","30"
"SKU_9","2024-07-27","83","90.17","30"
"SKU_9","2024-07-28","73","89.80","30"
"SKU_9","2024-07-29","83","89.50","30"
"SKU_9","2024-07-30","100","89.30","30"
"SKU_9","2024-07-31","85","88.87","30"
"SKU_9","2024-08-01","67","87.53","30"
"SKU_9","2024-08-02","81","88.03","30"
"SKU_9","2024-08-03","68","86.57","30"
"SKU_9","2024-08-04","52","85.47","30"
"SKU_9","2024-08-05","76","84.70","30"
"SKU_9","2024-08-06","71","83.57","30"
"SKU_9","2024-08-07","46","82.60","30"
"SKU_9","2024-08-08","68","81.87","30"
"SKU_9","2024-08-09","68","80.83","30"
"SKU_9","2024-08-10","81","80.20","30"
"SKU_9","2024-08-11","67","79.60","30"
"SKU_9","2024-08-12","72","78.90","30"
"SKU_9","2024-08-13","78","78.50","30"
"SKU_9","2024-08-14","88","78.77","30"
"SKU_9","2024-08-15","73","77.70","30"
"SKU_9","2024-08-16","93","77.77","30"
"SKU_9","2024-08-17","77","78.00","30"
"SKU_9","2024-08-18","77","77.47","30"
"SKU_9","2024-08-19","52","76.27","30"
"SKU_9","2024-08-20","57","75.23","30"
"SKU_9","2024-08-21","58","74.43","30"
"SKU_9","2024-08-22","46","72.67","30"
"SKU_9","2024-08-23","73","72.70","30"
"SKU_9","2024-08-24","54","71.93","30"
"SKU_9","2024-08-25","54","70.70","30"
"SKU_9","2024-08-26","48","69.53","30"
"SKU_9","2024-08-27","41","68.47","30"
"SKU_9","2024-08-28","59","67.67","30"
"SKU_9","2024-08-29","51","66.03","30"
"SKU_9","2024-08-30","59","65.17","30"
"SKU_9","2024-08-31","65","65.10","30"
"SKU_9","2024-09-01","51","64.10","30"
"SKU_9","2024-09-02","70","64.17","30"
"SKU_9","2024-09-03","47","64.00","30"
"SKU_9","2024-09-04","60","63.47","30"
"SKU_9","2024-09-05","41","62.47","30"
"SKU_9","2024-09-06","50","62.60","30"
"SKU_9","2024-09-07","60","62.33","30"
"SKU_9","2024-09-08","41","61.43","30"
"SKU_9","2024-09-09","69","61.03","30"
"SKU_9","2024-09-10","61","60.83","30"
"SKU_9","2024-09-11","41","59.80","30"
"SKU_9","2024-09-12","62","59.27","30"
"SKU_9","2024-09-13","53","58.10","30"
"SKU_9","2024-09-14","35","56.83","30"
"SKU_9","2024-09-15","47","55.30","30"
"SKU_9","2024-09-16","72","55.13","30"
"SKU_9","2024-09-17","51","54.27","30"
"SKU_9","2024-09-18","55","54.37","30"
"SKU_9","2024-09-19","63","54.57","30"
"SKU_9","2024-09-20","48","54.23","30"
"SKU_9","2024-09-21","47","54.27","30"
"SKU_9","2024-09-22","39","53.13","30"
"SKU_9","2024-09-23","40","52.67","30"
"SKU_9","2024-09-24","71","53.23","30"
"SKU_9","2024-09-25","57","53.53","30"
"SKU_9","2024-09-26","46","53.70","30"
"SKU_9","2024-09-27","44","53.20","30"
"SKU_9","2024-09-28","48","53.10","30"
"SKU_9","2024-09-29","58","53.07","30"
"SKU_9","2024-09-30","51","52.60","30"
"SKU_9","2024-10-01","26","51.77","30"
"SKU_9","2024-10-02","38","50.70","30"
"SKU_9","2024-10-03","60","51.13","30"
"SKU_9","2024-10-04","27","50.03","30"
"SKU_9","2024-10-05","52","50.40","30"
"SKU_9","2024-10-06","45","50.23","30"
"SKU_9","2024-10-07","37","49.47","30"
"SKU_9","2024-10-08","48","49.70","30"
"SKU_9","2024-10-09","40","48.73","30"
"SKU_9","2024-10-10","44","48.17","30"
"SKU_9","2024-10-11","54","48.60","30"
"SKU_9","2024-10-12","61","48.57","30"
"SKU_9","2024-10-13","40","48.13","30"
"SKU_9","2024-10-14","40","48.30","30"
"SKU_9","2024-10-15","47","48.30","30"
"SKU_9","2024-10-16","58","47.83","30"
"SKU_9","2024-10-17","76","48.67","30"
"SKU_9","2024-10-18","57","48.73","30"
"SKU_9","2024-10-19","56","48.50","30"
"SKU_9","2024-10-20","78","49.50","30"
"SKU_9","2024-10-21","45","49.43","30"
"SKU_9","2024-10-22","34","49.27","30"
"SKU_9","2024-10-23","79","50.57","30"
"SKU_9","2024-10-24","50","49.87","30"
"SKU_9","2024-10-25","48","49.57","30"
"SKU_9","2024-10-26","38","49.30","30"
"SKU_9","2024-10-27","42","49.23","30"
"SKU_9","2024-10-28","39","48.93","30"
"SKU_9","2024-10-29","64","49.13","30"
"SKU_9","2024-10-30","60","49.43","30"
"SKU_9","2024-10-31","69","50.87","30"
"SKU_9","2024-11-01","65","51.77","30"
"SKU_9","2024-11-02","71","52.13","30"
"SKU_9","2024-11-03","37","52.47","30"
"SKU_9","2024-11-04","48","52.33","30"
"SKU_9","2024-11-05","58","52.77","30"
"SKU_9","2024-11-06","40","52.87","30"
"SKU_9","2024-11-07","62","53.33","30"
"SKU_9","2024-11-08","60","54.00","30"
"SKU_9","2024-11-09","70","54.87","30"
"SKU_9","2024-11-10","41","54.43","30"
"SKU_9","2024-11-11","67","54.63","30"
"SKU_9","2024-11-12","58","55.23","30"
"SKU_9","2024-11-13","46","55.43","30"
"SKU_9","2024-11-14","76","56.40","30"
"SKU_9","2024-11-15","55","56.30","30"
"SKU_9","2024-11-16","73","56.20","30"
"SKU_9","2024-11-17","64","56.43","30"
"SKU_9","2024-11-18","68","56.83","30"
"SKU_9","2024-11-19","45","55.73","30"
"SKU_9","2024-11-20","68","56.50","30"
"SKU_9","2024-11-21","59","57.33","30"
"SKU_9","2024-11-22","89","57.67","30"
"SKU_9","2024-11-23","73","58.43","30"
"SKU_9","2024-11-24","63","58.93","30"
"SKU_9","2024-11-25","88","60.60","30"
"SKU_9","2024-11-26","73","61.63","30"
"SKU_9","2024-11-27","76","62.87","30"
"SKU_9","2024-11-28","56","62.60","30"
"SKU_9","2024-11-29","58","62.53","30"
"SKU_9","2024-11-30","88","63.17","30"
"SKU_9","2024-12-01","83","63.77","30"
"SKU_9","2024-12-02","77","63.97","30"
"SKU_9","2024-12-03","88","65.67","30"
"SKU_9","2024-12-04","64","66.20","30"
"SKU_9","2024-12-05","88","67.20","30"
"SKU_9","2024-12-06","84","68.67","30"
"SKU_9","2024-12-07","82","69.33","30"
"SKU_9","2024-12-08","108","70.93","30"
"SKU_9","2024-12-09","97","71.83","30"
"SKU_9","2024-12-10","80","73.13","30"
"SKU_9","2024-12-11","91","73.93","30"
"SKU_9","2024-12-12","97","75.23","30"
"SKU_9","2024-12-13","90","76.70","30"
"SKU_9","2024-12-14","89","77.13","30"
"SKU_9","2024-12-15","90","78.30","30"
"SKU_9","2024-12-16","86","78.73","30"
"SKU_9","2024-12-17","104","80.07","30"
"SKU_9","2024-12-18","87","80.70","30"
"SKU_9","2024-12-19","73","81.63","30"
"SKU_9","2024-12-20","99","82.67","30"
"SKU_9","2024-12-21","90","83.70","30"
"SKU_9","2024-12-22","86","83.60","30"
"SKU_9","2024-12-23","81","83.87","30"
"SKU_9","2024-12-24","93","84.87","30"
"SKU_9","2024-12-25","89","84.90","30"
"SKU_9","2024-12-26","93","85.57","30"
"SKU_9","2024-12-27","114","86.83","30"
"SKU_9","2024-12-28","101","88.33","30"
"SKU_9","2024-12-29","104","89.87","30"
"SKU_9","2024-12-30","93","90.03","30"
